id,calculated_at,origin,destination,departure_date,advance_window,min_fare,carrier_weighted_fare,base_fare_p0,route_price_index,price_change_pct,national_airfare_index,cpi_impact_bps,direct_flights_count
1,2026-09-11 06:39:14,DEL,BOM,2026-09-12,T+1,6314.0,7212.48,4850.0,148.71,48.71,148.71,3.75,56.0
2,2026-09-11 06:40:25,DEL,BOM,2026-09-12,T+1,6314.0,7212.48,4850.0,148.71,48.71,148.71,3.75,56.0
3,2026-09-11 17:09:52,DEL,MAA,2026-10-11,T+30,9897.0,12466.78,5100.0,244.45,144.45,244.45,11.12,19.0
4,2026-09-11 17:18:17,DEL,BOM,2026-09-12,T+1,6314.0,6672.43,4850.0,137.58,37.58,137.58,2.89,54.0
5,2026-09-11 17:19:10,DEL,BOM,2026-09-12,T+1,6314.0,6667.22,4850.0,137.47,37.47,137.47,2.89,54.0
6,2026-09-11 17:20:00,DEL,BOM,2026-09-12,T+1,6314.0,6667.22,4850.0,137.47,37.47,137.47,2.89,54.0
7,2026-09-11 17:24:26,DEL,BOM,2026-09-12,T+1,6314.0,6659.74,4850.0,137.31,37.31,137.31,2.87,54.0
8,2026-09-11 17:25:44,DEL,BOM,2026-09-12,T+1,6314.0,6666.66,4850.0,137.46,37.46,137.46,2.88,54.0
9,2026-09-11 17:28:18,DEL,BOM,2026-09-12,T+1,6314.0,6666.66,4850.0,137.46,37.46,137.46,2.88,54.0
10,2026-09-11 17:29:12,DEL,BOM,2026-09-12,T+1,6314.0,6668.48,4850.0,137.49,37.49,137.49,2.89,54.0
11,2026-09-11 17:29:41,DEL,BOM,2026-09-12,T+1,6314.0,6668.48,4850.0,137.49,37.49,137.49,2.89,54.0
12,2026-09-11 17:32:42,DEL,BOM,2026-09-12,T+1,6314.0,6679.08,4850.0,137.71,37.71,137.71,2.9,54.0
13,2026-09-11 17:33:45,DEL,BOM,2026-09-12,T+1,6314.0,6679.08,4850.0,137.71,37.71,137.71,2.9,54.0
14,2026-09-11 17:34:49,DEL,BOM,2026-09-15,T+4,6425.0,7268.26,4850.0,149.86,49.86,149.86,3.84,52.0
15,2026-09-11 17:35:12,BLR,BOM,2026-09-15,T+4,6559.0,7902.6,3950.0,200.07,100.07,200.07,7.71,32.0
16,2026-09-11 17:37:13,DEL,BOM,2026-09-12,T+1,6314.0,6675.86,4850.0,137.65,37.65,137.65,2.9,54.0
17,2026-09-11 17:37:43,DEL,BOM,2026-09-12,T+1,6314.0,6675.86,4850.0,137.65,37.65,137.65,2.9,54.0
18,2026-09-11 17:40:14,DEL,BOM,2026-09-12,T+1,6314.0,6675.86,4850.0,137.65,37.65,137.65,2.9,54.0
19,2026-09-11 17:40:32,DEL,BOM,2026-09-12,T+1,6314.0,6675.86,4850.0,137.65,37.65,137.65,2.9,54.0
20,2026-09-11 17:41:40,DEL,BOM,2026-09-12,T+1,6314.0,6675.86,4850.0,137.65,37.65,137.65,2.9,54.0
21,2026-09-11 17:50:31,DEL,BOM,2026-09-26,T+15,6425.0,6664.76,4850.0,137.42,37.42,,,
22,2026-09-11 17:50:51,BLR,DEL,2026-09-12,T+1,9591.0,12266.18,5200.0,235.89,135.89,,,
23,2026-09-11 17:51:10,BLR,BOM,2026-09-26,T+15,4165.0,6718.48,3950.0,170.09,70.09,,,
24,2026-09-11 17:51:29,DEL,CCU,2026-09-18,T+7,7271.0,8618.95,4750.0,181.45,81.45,,,
25,2026-09-11 17:51:47,DEL,HYD,2026-09-26,T+15,7884.0,9092.46,4600.0,197.66,97.66,,,
26,2026-09-11 17:51:57,DEL,BOM,2026-09-12,T+1,6314.0,6688.39,4850.0,137.9,37.9,137.9,2.92,54.0
27,2026-09-11 17:52:06,DEL,PNQ,2026-09-12,T+1,6929.0,11382.31,4900.0,232.29,132.29,,,
28,2026-09-11 17:52:25,BOM,GOI,2026-09-26,T+15,8092.0,10859.61,3100.0,350.31,250.31,,,
29,2026-09-11 17:52:43,DEL,SXR,2026-09-18,T+7,6846.0,7232.64,4100.0,176.41,76.41,,,
30,2026-09-11 17:53:02,BOM,MAA,2026-09-26,T+15,6546.0,9675.02,4200.0,230.36,130.36,,,
31,2026-09-11 17:53:21,AMD,DEL,2026-09-26,T+15,5985.0,10365.73,3400.0,304.87,204.87,,,
32,2026-09-11 17:53:30,DEL,BOM,2026-09-12,T+1,6314.0,6683.02,4850.0,137.79,37.79,137.79,2.91,54.0
33,2026-09-11 17:53:40,DEL,BOM,2026-09-26,T+15,6425.0,6664.76,4850.0,137.42,37.42,,,
34,2026-09-11 17:53:59,BLR,DEL,2026-09-18,T+7,8715.0,11915.22,5200.0,229.14,129.14,,,
35,2026-09-11 17:54:18,BLR,BOM,2026-09-18,T+7,5529.0,8352.01,3950.0,211.44,111.44,,,
36,2026-09-11 17:54:37,DEL,CCU,2026-09-18,T+7,7271.0,8618.95,4750.0,181.45,81.45,,,
37,2026-09-11 17:54:56,DEL,HYD,2026-09-12,T+1,7962.0,8859.85,4600.0,192.61,92.61,,,
38,2026-09-11 17:55:15,DEL,PNQ,2026-09-18,T+7,6929.0,8865.03,4900.0,180.92,80.92,,,
39,2026-09-11 17:55:34,BOM,GOI,2026-09-12,T+1,13109.0,17953.2,3100.0,579.14,479.14,,,
40,2026-09-11 17:55:52,DEL,SXR,2026-09-26,T+15,6846.0,7837.98,4100.0,191.17,91.17,,,
41,2026-09-11 17:56:11,BOM,MAA,2026-09-18,T+7,6137.0,7304.78,4200.0,173.92,73.92,,,
42,2026-09-11 17:56:30,AMD,DEL,2026-09-26,T+15,5985.0,10365.73,3400.0,304.87,204.87,,,
43,2026-09-11 17:56:49,DEL,BOM,2026-09-18,T+7,6425.0,8688.65,4850.0,179.15,79.15,,,
44,2026-09-11 17:57:08,BLR,DEL,2026-09-26,T+15,8715.0,9862.81,5200.0,189.67,89.67,,,
45,2026-09-11 17:57:28,BLR,BOM,2026-09-18,T+7,5529.0,8352.01,3950.0,211.44,111.44,,,
46,2026-09-11 17:57:46,DEL,CCU,2026-09-12,T+1,7271.0,9330.76,4750.0,196.44,96.44,,,
47,2026-09-11 17:58:05,DEL,HYD,2026-09-18,T+7,7884.0,9259.06,4600.0,201.28,101.28,,,
48,2026-09-11 17:58:24,DEL,PNQ,2026-09-12,T+1,6929.0,11382.31,4900.0,232.29,132.29,,,
49,2026-09-11 17:58:39,DEL,GOI,2026-09-12,T+1,11833.0,14777.14,4500.0,328.38,228.38,328.38,17.59,8.0
50,2026-09-11 17:58:43,BOM,GOI,2026-09-18,T+7,5877.0,8871.65,3100.0,286.18,186.18,,,
51,2026-09-11 17:59:02,DEL,SXR,2026-09-18,T+7,6846.0,7232.64,4100.0,176.41,76.41,,,
52,2026-09-11 17:59:21,BOM,MAA,2026-09-26,T+15,6546.0,9675.02,4200.0,230.36,130.36,,,
53,2026-09-11 17:59:40,AMD,DEL,2026-09-18,T+7,5985.0,11245.15,3400.0,330.74,230.74,,,
54,2026-09-11 17:59:59,DEL,BOM,2026-09-18,T+7,6425.0,8688.65,4850.0,179.15,79.15,,,
55,2026-09-11 18:00:17,BLR,DEL,2026-09-12,T+1,9591.0,11804.08,5200.0,227.0,127.0,,,
56,2026-09-11 18:00:36,BLR,BOM,2026-09-12,T+1,7331.0,11595.42,3950.0,293.55,193.55,,,
57,2026-09-11 18:00:54,DEL,CCU,2026-09-18,T+7,7271.0,8622.99,4750.0,181.54,81.54,,,
58,2026-09-11 18:01:12,DEL,BOM,2026-09-12,T+1,6314.0,6691.38,4850.0,137.97,37.97,137.97,2.92,54.0
59,2026-09-11 18:01:13,DEL,HYD,2026-09-18,T+7,7884.0,9259.06,4600.0,201.28,101.28,,,
60,2026-09-11 18:01:31,DEL,PNQ,2026-09-18,T+7,6929.0,8865.03,4900.0,180.92,80.92,,,
61,2026-09-11 18:01:49,DEL,BOM,2026-09-12,T+1,6314.0,6691.38,4850.0,137.97,37.97,137.97,2.92,54.0
62,2026-09-11 18:01:51,BOM,GOI,2026-09-18,T+7,5877.0,8871.65,3100.0,286.18,186.18,,,
63,2026-09-11 18:02:09,DEL,SXR,2026-09-26,T+15,6846.0,7837.98,4100.0,191.17,91.17,,,
64,2026-09-11 18:02:28,BOM,MAA,2026-09-18,T+7,6137.0,7304.78,4200.0,173.92,73.92,,,
65,2026-09-11 18:02:47,AMD,DEL,2026-09-18,T+7,5985.0,11071.43,3400.0,325.63,225.63,,,
66,2026-09-11 18:03:07,DEL,BOM,2026-09-12,T+1,6314.0,6691.38,4850.0,137.97,37.97,,,
67,2026-09-11 18:03:26,BLR,DEL,2026-09-18,T+7,8715.0,11915.22,5200.0,229.14,129.14,,,
68,2026-09-11 18:03:28,DEL,SXR,2026-09-12,T+1,6608.0,8219.4,4100.0,200.47,100.47,200.47,7.74,12.0
69,2026-09-11 18:03:50,BLR,BOM,2026-09-12,T+1,7331.0,11172.03,3950.0,282.84,182.84,,,
70,2026-09-11 18:03:59,DEL,MAA,2026-09-12,T+1,9815.0,13812.16,5100.0,270.83,170.83,270.83,13.15,18.0
71,2026-09-11 18:04:09,DEL,CCU,2026-09-18,T+7,7271.0,8622.99,4750.0,181.54,81.54,,,
72,2026-09-11 18:04:21,CCU,MAA,2026-09-12,T+1,9002.0,13528.13,4500.0,300.63,200.63,300.63,15.45,9.0
73,2026-09-11 18:04:30,DEL,HYD,2026-09-18,T+7,7884.0,9259.06,4600.0,201.28,101.28,,,
74,2026-09-11 18:04:41,CCU,SXR,2026-09-12,T+1,11900.0,21954.55,4500.0,487.88,387.88,487.88,29.87,4.0
75,2026-09-11 18:04:49,DEL,PNQ,2026-09-26,T+15,6929.0,7776.83,4900.0,158.71,58.71,,,
76,2026-09-11 18:05:08,BOM,GOI,2026-09-12,T+1,13109.0,17953.2,3100.0,579.14,479.14,,,
77,2026-09-11 18:05:26,DEL,SXR,2026-09-18,T+7,6846.0,7232.64,4100.0,176.41,76.41,,,
78,2026-09-11 18:05:45,BOM,MAA,2026-09-26,T+15,6546.0,9675.02,4200.0,230.36,130.36,,,
79,2026-09-11 18:06:09,AMD,DEL,2026-09-18,T+7,5985.0,11071.43,3400.0,325.63,225.63,,,
80,2026-09-11 18:06:29,DEL,BOM,2026-09-26,T+15,6425.0,6664.76,4850.0,137.42,37.42,,,
81,2026-09-11 18:06:47,BLR,DEL,2026-09-18,T+7,8715.0,11915.22,5200.0,229.14,129.14,,,
82,2026-09-11 18:07:07,BLR,BOM,2026-09-26,T+15,4165.0,6718.48,3950.0,170.09,70.09,,,
83,2026-09-11 18:07:14,GOI,SXR,2026-09-12,T+1,14950.0,16532.64,4500.0,367.39,267.39,367.39,20.59,10.0
84,2026-09-11 18:07:26,DEL,CCU,2026-09-18,T+7,7271.0,8622.99,4750.0,181.54,81.54,,,
85,2026-09-11 18:07:45,DEL,HYD,2026-09-26,T+15,7884.0,9092.46,4600.0,197.66,97.66,,,
86,2026-09-11 18:08:05,DEL,PNQ,2026-09-26,T+15,6929.0,7776.83,4900.0,158.71,58.71,,,
87,2026-09-11 18:08:23,BOM,GOI,2026-09-18,T+7,5877.0,8871.65,3100.0,286.18,186.18,,,
88,2026-09-11 18:08:42,DEL,SXR,2026-09-26,T+15,6846.0,7837.98,4100.0,191.17,91.17,,,
89,2026-09-11 18:09:01,BOM,MAA,2026-09-18,T+7,6137.0,7304.78,4200.0,173.92,73.92,,,
90,2026-09-11 18:09:20,AMD,DEL,2026-09-12,T+1,6239.0,16079.16,3400.0,472.92,372.92,,,
91,2026-09-11 18:09:39,DEL,BOM,2026-09-12,T+1,6314.0,6691.38,4850.0,137.97,37.97,,,
92,2026-09-11 18:10:13,BLR,DEL,2026-09-18,T+7,8715.0,11915.22,5200.0,229.14,129.14,,,
93,2026-09-11 18:10:32,BLR,BOM,2026-09-18,T+7,5529.0,8352.01,3950.0,211.44,111.44,,,
94,2026-09-11 18:10:51,DEL,CCU,2026-09-18,T+7,7271.0,8622.99,4750.0,181.54,81.54,,,
95,2026-09-11 18:11:10,DEL,HYD,2026-09-12,T+1,7962.0,8833.69,4600.0,192.04,92.04,,,
96,2026-09-11 18:11:28,DEL,PNQ,2026-09-12,T+1,6929.0,11523.13,4900.0,235.17,135.17,,,
97,2026-09-11 18:11:47,BOM,GOI,2026-09-12,T+1,13109.0,17953.2,3100.0,579.14,479.14,,,
98,2026-09-11 18:12:06,DEL,SXR,2026-09-18,T+7,6846.0,7232.64,4100.0,176.41,76.41,,,
99,2026-09-11 18:12:24,BOM,MAA,2026-09-18,T+7,6137.0,7304.78,4200.0,173.92,73.92,,,
100,2026-09-11 18:12:43,AMD,DEL,2026-09-18,T+7,5985.0,11071.43,3400.0,325.63,225.63,,,
101,2026-09-11 18:13:02,DEL,BOM,2026-09-18,T+7,6314.0,8070.58,4850.0,166.4,66.4,,,
102,2026-09-11 18:13:21,BLR,DEL,2026-09-12,T+1,9591.0,12061.3,5200.0,231.95,131.95,,,
103,2026-09-11 18:13:41,BLR,BOM,2026-09-12,T+1,7331.0,11100.86,3950.0,281.03,181.03,,,
104,2026-09-11 18:14:00,DEL,CCU,2026-09-12,T+1,7271.0,9401.47,4750.0,197.93,97.93,,,
105,2026-09-11 18:14:18,DEL,HYD,2026-09-26,T+15,7884.0,9096.42,4600.0,197.75,97.75,,,
106,2026-09-11 18:14:37,DEL,PNQ,2026-09-18,T+7,6929.0,8815.36,4900.0,179.91,79.91,,,
107,2026-09-11 18:14:55,BOM,GOI,2026-09-12,T+1,13109.0,17953.2,3100.0,579.14,479.14,,,
108,2026-09-11 18:15:13,DEL,SXR,2026-09-18,T+7,6846.0,7232.64,4100.0,176.41,76.41,,,
109,2026-09-11 18:15:31,BOM,MAA,2026-09-26,T+15,6546.0,9388.28,4200.0,223.53,123.53,,,
110,2026-09-11 18:15:50,AMD,DEL,2026-09-26,T+15,5985.0,10365.73,3400.0,304.87,204.87,,,
111,2026-09-11 18:16:09,DEL,BOM,2026-09-18,T+7,6314.0,8070.58,4850.0,166.4,66.4,,,
112,2026-09-11 18:16:27,BLR,DEL,2026-09-18,T+7,8715.0,11915.22,5200.0,229.14,129.14,,,
113,2026-09-11 18:16:56,DEL,BOM,2026-09-26,T+15,6425.0,6657.87,4850.0,137.28,37.28,,,
114,2026-09-11 18:17:11,DEL,BOM,2026-09-12,T+1,6314.0,6671.93,4850.0,137.57,37.57,137.57,2.89,54.0
115,2026-09-11 18:17:15,BLR,DEL,2026-09-12,T+1,9591.0,12174.53,5200.0,234.13,134.13,,,
116,2026-09-11 18:17:33,BLR,BOM,2026-09-26,T+15,4165.0,6718.48,3950.0,170.09,70.09,,,
117,2026-09-11 18:17:52,DEL,CCU,2026-09-18,T+7,7271.0,8622.99,4750.0,181.54,81.54,,,
118,2026-09-11 18:18:11,DEL,HYD,2026-09-18,T+7,7884.0,9274.43,4600.0,201.62,101.62,,,
119,2026-09-11 18:18:11,DEL,BOM,2026-09-12,T+1,6314.0,6671.93,4850.0,137.57,37.57,137.57,2.89,54.0
120,2026-09-11 18:18:30,DEL,PNQ,2026-09-18,T+7,6929.0,8831.45,4900.0,180.23,80.23,,,
121,2026-09-11 18:18:37,PNQ,AMD,2026-09-12,T+1,5733.0,8980.57,4500.0,199.57,99.57,199.57,7.67,4.0
122,2026-09-11 18:18:48,BOM,GOI,2026-09-26,T+15,8092.0,10859.61,3100.0,350.31,250.31,,,
123,2026-09-11 18:18:58,SXR,PAT,2026-09-12,T+1,10576.0,13282.59,4500.0,295.17,195.17,295.17,15.03,8.0
124,2026-09-11 18:19:07,DEL,SXR,2026-09-18,T+7,6846.0,7232.64,4100.0,176.41,76.41,,,
125,2026-09-11 18:19:26,BOM,MAA,2026-09-26,T+15,6546.0,9388.28,4200.0,223.53,123.53,,,
126,2026-09-11 18:19:44,AMD,DEL,2026-09-26,T+15,5985.0,10192.0,3400.0,299.76,199.76,,,
127,2026-09-11 18:20:04,DEL,BOM,2026-09-18,T+7,6314.0,8070.58,4850.0,166.4,66.4,,,
128,2026-09-11 18:20:22,BLR,DEL,2026-09-12,T+1,9591.0,12136.75,5200.0,233.4,133.4,,,
129,2026-09-11 18:20:41,BLR,BOM,2026-09-18,T+7,5529.0,8352.01,3950.0,211.44,111.44,,,
130,2026-09-11 18:21:00,DEL,CCU,2026-09-12,T+1,7271.0,9429.59,4750.0,198.52,98.52,,,
131,2026-09-11 18:21:19,DEL,HYD,2026-09-12,T+1,7962.0,8833.69,4600.0,192.04,92.04,,,
132,2026-09-11 18:21:38,DEL,PNQ,2026-09-18,T+7,6929.0,8831.45,4900.0,180.23,80.23,,,
133,2026-09-11 18:21:56,BOM,GOI,2026-09-26,T+15,8092.0,10859.61,3100.0,350.31,250.31,,,
134,2026-09-11 18:22:15,DEL,SXR,2026-09-12,T+1,6877.0,8265.06,4100.0,201.59,101.59,,,
135,2026-09-11 18:22:34,BOM,MAA,2026-09-18,T+7,6137.0,7304.78,4200.0,173.92,73.92,,,
136,2026-09-11 18:22:52,AMD,DEL,2026-09-18,T+7,5985.0,11071.43,3400.0,325.63,225.63,,,
137,2026-09-11 18:23:12,DEL,BOM,2026-09-12,T+1,6314.0,6664.72,4850.0,137.42,37.42,,,
138,2026-09-11 18:23:30,BLR,DEL,2026-09-18,T+7,8715.0,11965.14,5200.0,230.1,130.1,,,
139,2026-09-11 18:23:49,BLR,BOM,2026-09-26,T+15,4165.0,6718.48,3950.0,170.09,70.09,,,
140,2026-09-11 18:24:07,DEL,CCU,2026-09-12,T+1,7271.0,9429.59,4750.0,198.52,98.52,,,
141,2026-09-11 18:24:26,DEL,HYD,2026-09-26,T+15,7884.0,9074.0,4600.0,197.26,97.26,,,
142,2026-09-11 18:24:44,DEL,PNQ,2026-09-12,T+1,6929.0,11795.15,4900.0,240.72,140.72,,,
143,2026-09-11 18:25:15,DEL,BOM,2026-09-26,T+15,6425.0,6737.79,4850.0,138.92,38.92,,,
144,2026-09-11 18:25:33,BLR,DEL,2026-09-26,T+15,8715.0,9862.81,5200.0,189.67,89.67,,,
145,2026-09-11 18:25:40,DEL,BOM,2026-09-12,T+1,6314.0,6670.2,4850.0,137.53,37.53,137.53,2.89,53.0
146,2026-09-11 18:25:52,BLR,BOM,2026-09-18,T+7,5529.0,8352.01,3950.0,211.44,111.44,,,
147,2026-09-11 18:26:11,DEL,CCU,2026-09-18,T+7,7271.0,8622.99,4750.0,181.54,81.54,,,
148,2026-09-11 18:26:29,DEL,HYD,2026-09-26,T+15,7884.0,9074.0,4600.0,197.26,97.26,,,
149,2026-09-11 18:26:48,DEL,PNQ,2026-09-26,T+15,6929.0,7776.83,4900.0,158.71,58.71,,,
150,2026-09-11 18:26:58,DEL,BOM,2026-09-12,T+1,6314.0,6670.2,4850.0,137.53,37.53,137.53,2.89,53.0
151,2026-09-11 18:27:07,BOM,GOI,2026-09-18,T+7,5877.0,8871.65,3100.0,286.18,186.18,,,
152,2026-09-11 18:27:26,DEL,SXR,2026-09-12,T+1,6877.0,8265.06,4100.0,201.59,101.59,,,
153,2026-09-11 18:27:45,BOM,MAA,2026-09-18,T+7,6546.0,7332.57,4200.0,174.58,74.58,,,
154,2026-09-11 18:28:03,AMD,DEL,2026-09-12,T+1,6239.0,16152.07,3400.0,475.06,375.06,,,
155,2026-09-11 18:28:22,DEL,BOM,2026-09-18,T+7,6314.0,8048.55,4850.0,165.95,65.95,,,
156,2026-09-11 18:28:41,BLR,DEL,2026-09-12,T+1,9591.0,12375.69,5200.0,237.99,137.99,,,
157,2026-09-11 18:28:53,DEL,BOM,2026-09-12,T+1,6425.0,6674.51,4850.0,137.62,37.62,137.62,2.9,52.0
158,2026-09-11 18:29:00,BLR,BOM,2026-09-26,T+15,4165.0,6718.48,3950.0,170.09,70.09,,,
159,2026-09-11 18:29:19,DEL,CCU,2026-09-26,T+15,7271.0,9276.23,4750.0,195.29,95.29,,,
160,2026-09-11 18:29:38,DEL,HYD,2026-09-12,T+1,7962.0,8879.29,4600.0,193.03,93.03,,,
161,2026-09-11 18:29:41,DEL,BOM,2026-09-12,T+1,6425.0,6674.51,4850.0,137.62,37.62,137.62,2.9,52.0
162,2026-09-11 18:29:57,DEL,PNQ,2026-09-26,T+15,6929.0,7776.83,4900.0,158.71,58.71,,,
163,2026-09-11 18:30:15,BOM,GOI,2026-09-13,T+1,5854.0,9739.2,3100.0,314.17,214.17,,,
164,2026-09-11 18:30:34,DEL,SXR,2026-09-19,T+7,6846.0,9272.75,4100.0,226.16,126.16,,,
165,2026-09-11 18:30:53,BOM,MAA,2026-09-27,T+15,6358.0,7169.68,4200.0,170.71,70.71,,,
166,2026-09-11 18:31:11,AMD,DEL,2026-09-19,T+7,5985.0,11013.2,3400.0,323.92,223.92,,,
167,2026-09-11 18:31:31,DEL,BOM,2026-09-13,T+1,6425.0,7026.29,4850.0,144.87,44.87,,,
168,2026-09-11 18:31:50,BLR,DEL,2026-09-13,T+1,8259.0,8559.83,5200.0,164.61,64.61,,,
169,2026-09-11 18:32:08,BLR,BOM,2026-09-27,T+15,4164.0,7387.94,3950.0,187.04,87.04,,,
170,2026-09-11 18:32:26,DEL,BOM,2026-09-12,T+1,6425.0,6686.65,4850.0,137.87,37.87,137.87,2.92,53.0
171,2026-09-11 18:32:29,DEL,CCU,2026-09-13,T+1,7481.0,9361.17,4750.0,197.08,97.08,,,
172,2026-09-11 18:32:47,DEL,HYD,2026-09-27,T+15,8510.0,9673.89,4600.0,210.3,110.3,,,
173,2026-09-11 18:33:07,DEL,PNQ,2026-09-27,T+15,6929.0,10497.09,4900.0,214.23,114.23,,,
174,2026-09-11 18:33:25,BOM,GOI,2026-09-27,T+15,3964.0,5147.69,3100.0,166.05,66.05,,,
175,2026-09-11 18:33:44,DEL,SXR,2026-09-19,T+7,6846.0,9272.75,4100.0,226.16,126.16,,,
176,2026-09-11 18:33:50,DEL,BOM,2026-09-12,T+1,6314.0,6682.35,4850.0,137.78,37.78,137.78,2.91,54.0
177,2026-09-11 18:34:03,BOM,MAA,2026-09-27,T+15,6358.0,7169.68,4200.0,170.71,70.71,,,
178,2026-09-11 18:34:22,AMD,DEL,2026-09-13,T+1,5588.0,14465.66,3400.0,425.46,325.46,,,
179,2026-09-11 18:34:41,DEL,BOM,2026-09-19,T+7,6425.0,7055.63,4850.0,145.48,45.48,,,
180,2026-09-11 18:35:00,BLR,DEL,2026-09-13,T+1,8259.0,8559.83,5200.0,164.61,64.61,,,
181,2026-09-11 18:35:20,BLR,BOM,2026-09-27,T+15,4164.0,7387.94,3950.0,187.04,87.04,,,
182,2026-09-11 18:35:39,DEL,CCU,2026-09-19,T+7,7271.0,9368.24,4750.0,197.23,97.23,,,
183,2026-09-11 18:35:57,DEL,HYD,2026-09-13,T+1,8094.0,8778.12,4600.0,190.83,90.83,,,
184,2026-09-11 18:36:16,DEL,PNQ,2026-09-19,T+7,6929.0,8278.97,4900.0,168.96,68.96,,,
185,2026-09-11 18:36:35,BOM,GOI,2026-09-13,T+1,5854.0,9739.2,3100.0,314.17,214.17,,,
186,2026-09-11 18:36:54,DEL,SXR,2026-09-27,T+15,6846.0,7893.89,4100.0,192.53,92.53,,,
187,2026-09-11 18:37:13,BOM,MAA,2026-09-27,T+15,6358.0,7169.68,4200.0,170.71,70.71,,,
188,2026-09-11 18:37:32,AMD,DEL,2026-09-13,T+1,5588.0,14465.66,3400.0,425.46,325.46,,,
189,2026-09-11 18:37:51,DEL,BOM,2026-09-13,T+1,6425.0,7037.82,4850.0,145.11,45.11,,,
190,2026-09-11 18:38:10,BLR,DEL,2026-09-13,T+1,8259.0,8559.83,5200.0,164.61,64.61,,,
191,2026-09-11 18:38:29,BLR,BOM,2026-09-13,T+1,6559.0,7112.1,3950.0,180.05,80.05,,,
192,2026-09-11 18:38:47,DEL,CCU,2026-09-27,T+15,7271.0,8902.05,4750.0,187.41,87.41,,,
193,2026-09-11 18:39:07,DEL,HYD,2026-09-19,T+7,7884.0,8962.72,4600.0,194.84,94.84,,,
194,2026-09-11 18:40:39,DEL,PNQ,2026-09-13,T+1,6929.0,7892.45,4900.0,161.07,61.07,,,
195,2026-09-11 18:41:22,BOM,GOI,2026-09-27,T+15,3964.0,5147.69,3100.0,166.05,66.05,,,
196,2026-09-11 18:41:41,DEL,SXR,2026-09-27,T+15,6846.0,7893.89,4100.0,192.53,92.53,,,
197,2026-09-11 18:42:00,BOM,MAA,2026-09-19,T+7,6546.0,9462.95,4200.0,225.31,125.31,,,
198,2026-09-11 18:42:19,AMD,DEL,2026-09-13,T+1,5588.0,14353.38,3400.0,422.16,322.16,,,
199,2026-09-11 18:42:38,DEL,BOM,2026-09-19,T+7,6314.0,6814.96,4850.0,140.51,40.51,,,
200,2026-09-11 18:42:56,BLR,DEL,2026-09-19,T+7,8259.0,9240.35,5200.0,177.7,77.7,,,
201,2026-09-11 18:43:15,BLR,BOM,2026-09-13,T+1,6559.0,7112.1,3950.0,180.05,80.05,,,
202,2026-09-11 18:43:28,DEL,BOM,2026-09-12,T+1,6314.0,6722.98,4850.0,138.62,38.62,138.62,2.97,55.0
203,2026-09-11 18:43:34,DEL,CCU,2026-09-13,T+1,7481.0,9372.06,4750.0,197.31,97.31,,,
204,2026-09-11 18:43:53,DEL,HYD,2026-09-27,T+15,8510.0,9673.89,4600.0,210.3,110.3,,,
205,2026-09-11 18:44:13,DEL,PNQ,2026-09-19,T+7,6929.0,8278.97,4900.0,168.96,68.96,,,
206,2026-09-11 18:44:31,BOM,GOI,2026-09-13,T+1,5854.0,9677.99,3100.0,312.19,212.19,,,
207,2026-09-11 18:44:33,PNQ,AMD,2026-09-12,T+1,5733.0,8980.57,4500.0,199.57,99.57,199.57,7.67,4.0
208,2026-09-11 18:44:50,DEL,SXR,2026-09-19,T+7,6846.0,9272.75,4100.0,226.16,126.16,,,
209,2026-09-11 18:45:09,BOM,MAA,2026-09-13,T+1,6546.0,6814.05,4200.0,162.24,62.24,,,
210,2026-09-11 18:45:27,AMD,DEL,2026-09-13,T+1,5588.0,14538.4,3400.0,427.6,327.6,,,
211,2026-09-11 18:45:46,DEL,BOM,2026-09-27,T+15,6425.0,6840.75,4850.0,141.05,41.05,,,
212,2026-09-11 18:46:05,BLR,DEL,2026-09-13,T+1,8259.0,8539.8,5200.0,164.23,64.23,,,
213,2026-09-11 18:46:24,BLR,BOM,2026-09-27,T+15,4164.0,7387.94,3950.0,187.04,87.04,,,
214,2026-09-11 18:46:42,DEL,CCU,2026-09-27,T+15,7271.0,8902.05,4750.0,187.41,87.41,,,
215,2026-09-11 18:47:01,DEL,HYD,2026-09-27,T+15,8510.0,9673.89,4600.0,210.3,110.3,,,
216,2026-09-11 18:47:19,DEL,PNQ,2026-09-19,T+7,6929.0,8305.04,4900.0,169.49,69.49,,,
217,2026-09-11 18:47:38,BOM,GOI,2026-09-13,T+1,5854.0,9677.99,3100.0,312.19,212.19,,,
218,2026-09-11 18:47:57,DEL,SXR,2026-09-27,T+15,6846.0,7893.89,4100.0,192.53,92.53,,,
219,2026-09-11 18:48:16,BOM,MAA,2026-09-13,T+1,6546.0,6814.05,4200.0,162.24,62.24,,,
220,2026-09-11 18:48:34,AMD,DEL,2026-09-13,T+1,5588.0,14155.52,3400.0,416.34,316.34,,,
221,2026-09-11 18:48:53,DEL,BOM,2026-09-13,T+1,6425.0,7042.81,4850.0,145.21,45.21,,,
222,2026-09-11 18:49:12,BLR,DEL,2026-09-19,T+7,8259.0,9240.35,5200.0,177.7,77.7,,,
223,2026-09-11 18:49:31,BLR,BOM,2026-09-19,T+7,5530.0,7020.3,3950.0,177.73,77.73,,,
224,2026-09-11 18:49:50,DEL,CCU,2026-09-13,T+1,7481.0,9359.76,4750.0,197.05,97.05,,,
225,2026-09-11 18:50:09,DEL,HYD,2026-09-19,T+7,7884.0,8962.72,4600.0,194.84,94.84,,,
226,2026-09-11 18:50:28,DEL,PNQ,2026-09-13,T+1,6929.0,7868.62,4900.0,160.58,60.58,,,
227,2026-09-11 18:50:46,BOM,GOI,2026-09-13,T+1,5854.0,9677.99,3100.0,312.19,212.19,,,
228,2026-09-11 18:51:05,DEL,SXR,2026-09-27,T+15,6846.0,7893.89,4100.0,192.53,92.53,,,
229,2026-09-11 18:51:24,BOM,MAA,2026-09-19,T+7,6546.0,9462.95,4200.0,225.31,125.31,,,
230,2026-09-11 18:51:42,AMD,DEL,2026-09-27,T+15,5985.0,10413.75,3400.0,306.29,206.29,,,
231,2026-09-11 18:52:01,DEL,BOM,2026-09-27,T+15,6314.0,6825.74,4850.0,140.74,40.74,,,
232,2026-09-11 18:52:20,BLR,DEL,2026-09-27,T+15,8259.0,8979.21,5200.0,172.68,72.68,,,
233,2026-09-11 18:52:39,BLR,BOM,2026-09-27,T+15,4164.0,7387.94,3950.0,187.04,87.04,,,
234,2026-09-11 18:52:57,DEL,CCU,2026-09-19,T+7,7271.0,9352.99,4750.0,196.91,96.91,,,
235,2026-09-11 18:53:16,DEL,HYD,2026-09-13,T+1,8094.0,8753.97,4600.0,190.3,90.3,,,
236,2026-09-11 18:53:35,DEL,PNQ,2026-09-27,T+15,6929.0,10469.29,4900.0,213.66,113.66,,,
237,2026-09-11 18:53:53,BOM,GOI,2026-09-19,T+7,3964.0,6133.37,3100.0,197.85,97.85,,,
238,2026-09-11 18:54:12,DEL,SXR,2026-09-27,T+15,6846.0,7893.89,4100.0,192.53,92.53,,,
239,2026-09-11 18:54:30,BOM,MAA,2026-09-27,T+15,6358.0,7169.68,4200.0,170.71,70.71,,,
240,2026-09-11 18:54:48,AMD,DEL,2026-09-27,T+15,5985.0,10413.75,3400.0,306.29,206.29,,,
241,2026-09-11 18:55:07,DEL,BOM,2026-09-19,T+7,6425.0,7046.23,4850.0,145.28,45.28,,,
242,2026-09-11 18:55:25,BLR,DEL,2026-09-27,T+15,8259.0,8979.21,5200.0,172.68,72.68,,,
243,2026-09-11 18:55:44,BLR,BOM,2026-09-27,T+15,4164.0,7387.94,3950.0,187.04,87.04,,,
244,2026-09-11 18:56:02,DEL,CCU,2026-09-13,T+1,7481.0,9359.76,4750.0,197.05,97.05,,,
245,2026-09-11 18:56:20,DEL,HYD,2026-09-19,T+7,7884.0,8962.72,4600.0,194.84,94.84,,,
246,2026-09-11 18:56:38,DEL,PNQ,2026-09-13,T+1,6929.0,7868.62,4900.0,160.58,60.58,,,
247,2026-09-11 18:56:57,BOM,GOI,2026-09-19,T+7,3964.0,6133.37,3100.0,197.85,97.85,,,
248,2026-09-11 18:57:15,DEL,SXR,2026-09-27,T+15,6846.0,7893.89,4100.0,192.53,92.53,,,
249,2026-09-11 18:57:33,BOM,MAA,2026-09-19,T+7,6546.0,9563.52,4200.0,227.7,127.7,,,
250,2026-09-11 18:58:00,AMD,DEL,2026-09-13,T+1,5588.0,13955.12,3400.0,410.44,310.44,,,
251,2026-09-11 18:58:18,DEL,BOM,2026-09-27,T+15,6425.0,6904.9,4850.0,142.37,42.37,,,
252,2026-09-11 18:58:37,BLR,DEL,2026-09-19,T+7,8259.0,9240.35,5200.0,177.7,77.7,,,
253,2026-09-11 18:58:56,BLR,BOM,2026-09-13,T+1,6559.0,7144.75,3950.0,180.88,80.88,,,
254,2026-09-11 18:59:15,DEL,CCU,2026-09-13,T+1,7481.0,9359.76,4750.0,197.05,97.05,,,
255,2026-09-11 18:59:34,DEL,HYD,2026-09-19,T+7,7884.0,8962.72,4600.0,194.84,94.84,,,
256,2026-09-11 19:05:22,DEL,BOM,2026-09-27,T+15,5730.0,6191.77,4850.0,127.67,27.67,,,
257,2026-09-11 19:05:45,BLR,DEL,2026-09-27,T+15,8259.0,8979.21,5200.0,172.68,72.68,,,
258,2026-09-11 19:06:04,BLR,BOM,2026-09-19,T+7,5530.0,7003.12,3950.0,177.29,77.29,,,
259,2026-09-11 19:06:21,DEL,CCU,2026-09-19,T+7,7271.0,9352.99,4750.0,196.91,96.91,,,
260,2026-09-11 19:06:40,DEL,HYD,2026-09-27,T+15,8510.0,9673.89,4600.0,210.3,110.3,,,
261,2026-09-11 19:06:58,DEL,PNQ,2026-09-27,T+15,6929.0,10469.29,4900.0,213.66,113.66,,,
262,2026-09-11 19:07:16,BOM,GOI,2026-09-19,T+7,3964.0,6133.37,3100.0,197.85,97.85,,,
263,2026-09-11 19:07:34,BOM,MAA,2026-09-19,T+7,6546.0,9563.52,4200.0,227.7,127.7,,,
264,2026-09-11 19:07:52,AMD,DEL,2026-09-27,T+15,5985.0,10605.19,3400.0,311.92,211.92,,,
265,2026-09-11 19:08:11,BLR,HYD,2026-09-19,T+7,5358.0,6657.71,4500.0,147.95,47.95,,,
266,2026-09-11 19:08:29,DEL,SXR,2026-09-27,T+15,6846.0,7893.89,4100.0,192.53,92.53,,,
267,2026-09-11 19:08:47,DEL,GAU,2026-09-13,T+1,8069.0,9393.39,4500.0,208.74,108.74,,,
268,2026-09-11 19:09:05,CCU,GAU,2026-09-19,T+7,5250.0,6031.6,4500.0,134.04,34.04,,,
269,2026-09-11 19:09:23,DEL,IXZ,2026-09-19,T+7,19319.0,19832.15,4500.0,440.71,340.71,,,
270,2026-09-11 19:09:41,DEL,IXL,2026-09-27,T+15,7738.0,7935.43,4500.0,176.34,76.34,,,
271,2026-09-11 19:09:58,DEL,COK,2026-09-19,T+7,10715.0,12273.25,4500.0,272.74,172.74,,,
272,2026-09-11 19:10:17,DEL,PAT,2026-09-13,T+1,6217.0,6394.69,4500.0,142.1,42.1,,,
273,2026-09-11 19:10:35,DEL,LKO,2026-09-19,T+7,3955.0,6567.65,4500.0,145.95,45.95,,,
274,2026-09-11 19:10:53,BOM,JAI,2026-09-27,T+15,6994.0,7704.43,4500.0,171.21,71.21,,,
275,2026-09-11 19:11:11,BOM,AMD,2026-09-19,T+7,4374.0,5487.46,4500.0,121.94,21.94,,,
276,2026-09-11 19:11:29,MAA,BLR,2026-09-19,T+7,4293.0,6186.93,4500.0,137.49,37.49,,,
277,2026-09-11 19:11:47,DEL,BBI,2026-09-19,T+7,9480.0,12318.61,4500.0,273.75,173.75,,,
278,2026-09-11 19:12:05,DEL,ATQ,2026-09-27,T+15,3695.0,30469.28,4500.0,677.1,577.1,,,
279,2026-09-11 19:12:23,DEL,IDR,2026-09-27,T+15,6109.0,7363.12,4500.0,163.62,63.62,,,
280,2026-09-11 19:12:42,BOM,COK,2026-09-13,T+1,7144.0,7735.84,4500.0,171.91,71.91,,,
281,2026-09-11 19:13:00,DEL,BOM,2026-09-27,T+15,6425.0,6979.41,4850.0,143.91,43.91,,,
282,2026-09-11 19:13:19,BLR,DEL,2026-09-13,T+1,8259.0,8541.21,5200.0,164.25,64.25,,,
283,2026-09-11 19:13:37,BLR,BOM,2026-09-13,T+1,6559.0,7144.75,3950.0,180.88,80.88,,,
284,2026-09-11 19:13:54,DEL,CCU,2026-09-19,T+7,7271.0,9352.99,4750.0,196.91,96.91,,,
285,2026-09-11 19:14:13,DEL,HYD,2026-09-13,T+1,8094.0,8799.57,4600.0,191.29,91.29,,,
286,2026-09-11 19:14:31,DEL,PNQ,2026-09-19,T+7,6929.0,8282.89,4900.0,169.04,69.04,,,
287,2026-09-11 19:14:49,BOM,GOI,2026-09-13,T+1,5854.0,9738.75,3100.0,314.15,214.15,,,
288,2026-09-11 19:15:07,DEL,BOM,2026-09-13,T+1,6425.0,7042.81,4850.0,145.21,45.21,,,
289,2026-09-11 19:15:25,BLR,DEL,2026-09-13,T+1,8259.0,8541.21,5200.0,164.25,64.25,,,
290,2026-09-11 19:15:34,DEL,BOM,2026-09-12,T+1,6314.0,6707.15,4850.0,138.29,38.29,138.29,2.95,54.0
291,2026-09-11 19:15:44,BLR,BOM,2026-09-19,T+7,5530.0,7003.12,3950.0,177.29,77.29,,,
292,2026-09-11 19:16:02,DEL,CCU,2026-09-19,T+7,7271.0,9352.99,4750.0,196.91,96.91,,,
293,2026-09-11 19:16:20,DEL,HYD,2026-09-13,T+1,8094.0,8799.57,4600.0,191.29,91.29,,,
294,2026-09-11 19:16:39,DEL,PNQ,2026-09-13,T+1,6929.0,7844.32,4900.0,160.09,60.09,,,
295,2026-09-11 19:16:57,BOM,GOI,2026-09-19,T+7,3964.0,6133.37,3100.0,197.85,97.85,,,
296,2026-09-11 19:17:03,DEL,BOM,2026-09-12,T+1,6314.0,6707.15,4850.0,138.29,38.29,138.29,2.95,54.0
297,2026-09-11 19:17:15,BOM,MAA,2026-09-27,T+15,6358.0,7169.68,4200.0,170.71,70.71,,,
298,2026-09-11 19:17:33,AMD,DEL,2026-09-27,T+15,5985.0,10605.19,3400.0,311.92,211.92,,,
299,2026-09-11 19:17:52,BLR,HYD,2026-09-19,T+7,5358.0,6758.13,2950.0,229.09,129.09,,,
300,2026-09-11 19:18:10,DEL,SXR,2026-09-27,T+15,6846.0,7893.89,4100.0,192.53,92.53,,,
301,2026-09-11 19:18:28,DEL,GAU,2026-09-27,T+15,8020.0,8387.12,4750.0,176.57,76.57,,,
302,2026-09-11 19:18:46,CCU,GAU,2026-09-27,T+15,4850.0,5842.33,2650.0,220.47,120.47,,,
303,2026-09-11 19:19:04,DEL,IXZ,2026-09-27,T+15,26669.0,26669.0,6400.0,416.7,316.7,,,
304,2026-09-11 19:19:22,DEL,IXL,2026-09-19,T+7,10743.0,12853.6,4750.0,270.6,170.6,,,
305,2026-09-11 19:19:40,DEL,COK,2026-09-19,T+7,10715.0,12273.25,5450.0,225.2,125.2,,,
306,2026-09-11 19:19:44,DEL,BOM,2026-09-12,T+1,6314.0,6740.37,4850.0,138.98,38.98,138.98,3.0,55.0
307,2026-09-11 19:19:58,DEL,PAT,2026-09-27,T+15,6217.0,6511.9,3650.0,178.41,78.41,,,
308,2026-09-11 19:20:17,DEL,LKO,2026-09-13,T+1,3955.0,7845.45,2950.0,265.95,165.95,,,
309,2026-09-11 19:20:35,BOM,JAI,2026-09-27,T+15,6994.0,7704.43,3650.0,211.08,111.08,,,
310,2026-09-11 19:20:53,BOM,AMD,2026-09-13,T+1,4374.0,4940.92,2450.0,201.67,101.67,,,
311,2026-09-11 19:21:11,MAA,BLR,2026-09-27,T+15,4293.0,7234.15,2250.0,321.52,221.52,,,
312,2026-09-11 19:21:29,DEL,BBI,2026-09-27,T+15,9145.0,16775.81,4150.0,404.24,304.24,,,
313,2026-09-11 19:21:49,DEL,ATQ,2026-09-13,T+1,3695.0,29101.91,2650.0,1098.19,998.19,,,
314,2026-09-11 19:22:08,DEL,IDR,2026-09-13,T+1,6109.0,6819.58,3050.0,223.59,123.59,,,
315,2026-09-11 19:22:26,BOM,COK,2026-09-27,T+15,7144.0,7394.26,4250.0,173.98,73.98,,,
316,2026-09-11 19:22:44,DEL,BOM,2026-09-19,T+7,6425.0,6937.45,4850.0,143.04,43.04,,,
317,2026-09-11 19:23:02,BLR,DEL,2026-09-13,T+1,8259.0,8562.61,5200.0,164.67,64.67,,,
318,2026-09-11 19:23:20,BLR,BOM,2026-09-19,T+7,5530.0,7003.12,3950.0,177.29,77.29,,,
319,2026-09-11 19:23:39,DEL,CCU,2026-09-27,T+15,7271.0,8902.05,4750.0,187.41,87.41,,,
320,2026-09-11 19:23:56,DEL,HYD,2026-09-27,T+15,8510.0,9673.89,4600.0,210.3,110.3,,,
321,2026-09-11 19:24:14,DEL,PNQ,2026-09-27,T+15,6929.0,10469.29,4900.0,213.66,113.66,,,
322,2026-09-11 19:24:33,BOM,GOI,2026-09-13,T+1,5854.0,9738.75,3100.0,314.15,214.15,,,
323,2026-09-11 19:24:51,BOM,MAA,2026-09-19,T+7,6546.0,9327.54,4200.0,222.08,122.08,,,
324,2026-09-11 19:25:09,AMD,DEL,2026-09-13,T+1,5588.0,14007.83,3400.0,412.0,312.0,,,
325,2026-09-11 19:25:21,DEL,BOM,2026-09-12,T+1,6314.0,6707.15,4850.0,138.29,38.29,138.29,2.95,54.0
326,2026-09-11 19:25:28,BLR,HYD,2026-09-13,T+1,5358.0,6886.42,2950.0,233.44,133.44,,,
327,2026-09-11 19:25:34,BOM,SXR,2026-09-12,T+1,11010.0,23111.44,4500.0,513.59,413.59,513.59,31.85,6.0
328,2026-09-11 19:25:46,DEL,SXR,2026-09-19,T+7,6846.0,9272.75,4100.0,226.16,126.16,,,
329,2026-09-11 19:26:04,DEL,GAU,2026-09-19,T+7,7819.0,8302.04,4750.0,174.78,74.78,,,
330,2026-09-11 19:26:21,CCU,GAU,2026-09-13,T+1,4850.0,7577.5,2650.0,285.94,185.94,,,
331,2026-09-11 19:26:36,DEL,BOM,2026-09-12,T+1,6314.0,6707.15,4850.0,138.29,38.29,138.29,2.95,54.0
332,2026-09-11 19:26:40,DEL,IXZ,2026-09-19,T+7,19319.0,19832.15,6400.0,309.88,209.88,,,
333,2026-09-11 19:26:49,IXL,SXR,2026-09-12,T+1,13320.0,14722.18,4500.0,327.16,227.16,327.16,17.49,10.0
334,2026-09-11 19:26:58,DEL,IXL,2026-09-13,T+1,7738.0,8808.14,4750.0,185.43,85.43,,,
335,2026-09-11 19:27:16,DEL,COK,2026-09-13,T+1,10715.0,15139.43,5450.0,277.79,177.79,,,
336,2026-09-11 19:27:32,DEL,BOM,2026-09-12,T+1,6314.0,6707.15,4850.0,138.29,38.29,138.29,2.95,54.0
337,2026-09-11 19:27:34,DEL,PAT,2026-09-19,T+7,6217.0,6747.61,3650.0,184.87,84.87,,,
338,2026-09-11 19:27:52,DEL,LKO,2026-09-13,T+1,3955.0,8055.65,2950.0,273.07,173.07,,,
339,2026-09-11 19:27:55,BOM,MAA,2026-09-12,T+1,8399.0,16867.04,4200.0,401.6,301.6,401.6,23.22,18.0
340,2026-09-11 19:28:11,BOM,JAI,2026-09-19,T+7,6994.0,9246.16,3650.0,253.32,153.32,,,
341,2026-09-11 19:28:29,BOM,AMD,2026-09-19,T+7,4374.0,5541.32,2450.0,226.18,126.18,,,
342,2026-09-11 19:28:47,MAA,BLR,2026-09-13,T+1,3751.0,4371.69,2250.0,194.3,94.3,,,
343,2026-09-11 19:29:05,DEL,BBI,2026-09-19,T+7,9480.0,12318.61,4150.0,296.83,196.83,,,
344,2026-09-11 19:29:23,DEL,ATQ,2026-09-13,T+1,3695.0,28850.55,2650.0,1088.7,988.7,,,
345,2026-09-11 19:29:42,DEL,IDR,2026-09-27,T+15,6109.0,7363.12,3050.0,241.41,141.41,,,
346,2026-09-11 19:30:24,BOM,COK,2026-09-27,T+15,7144.0,7394.26,4250.0,173.98,73.98,,,
347,2026-09-11 19:30:50,DEL,BOM,2026-09-19,T+7,6425.0,6836.6,4850.0,140.96,40.96,,,
348,2026-09-11 19:31:08,BLR,DEL,2026-09-27,T+15,8259.0,8979.21,5200.0,172.68,72.68,,,
349,2026-09-11 19:31:26,BLR,BOM,2026-09-13,T+1,6559.0,7144.75,3950.0,180.88,80.88,,,
350,2026-09-11 19:31:56,DEL,BOM,2026-09-27,T+15,6425.0,6953.09,4850.0,143.36,43.36,,,
351,2026-09-11 19:32:05,DEL,BOM,2026-09-12,T+1,6425.0,6923.3,4850.0,142.75,42.75,126.95,2.08,33.0
352,2026-09-11 19:32:15,BLR,DEL,2026-09-19,T+7,8259.0,9205.28,5200.0,177.02,77.02,,,
353,2026-09-11 19:32:34,BLR,BOM,2026-09-13,T+1,6559.0,7144.75,3950.0,180.88,80.88,,,
354,2026-09-11 19:32:36,DEL,BOM,2026-09-12,T+1,6425.0,6923.3,4850.0,142.75,42.75,126.87,2.07,33.0
355,2026-09-11 19:32:45,DEL,IXZ,2026-09-12,T+1,16060.0,19019.37,6400.0,297.18,197.18,126.87,2.07,3.0
356,2026-09-11 19:32:53,DEL,CCU,2026-09-27,T+15,7271.0,8922.44,4750.0,187.84,87.84,,,
357,2026-09-11 19:33:11,DEL,HYD,2026-09-27,T+15,8510.0,9673.89,4600.0,210.3,110.3,,,
358,2026-09-11 19:33:27,DEL,BOM,2026-09-12,T+1,6425.0,6923.3,4850.0,142.75,42.75,131.75,2.44,33.0
359,2026-09-11 19:33:30,DEL,PNQ,2026-09-19,T+7,6929.0,8282.89,4900.0,169.04,69.04,,,
360,2026-09-11 19:33:48,BOM,GOI,2026-09-13,T+1,5854.0,9738.75,3100.0,314.15,214.15,,,
361,2026-09-11 19:33:57,DEL,CCJ,2026-09-12,T+1,57306.0,80529.71,4500.0,1789.55,1689.55,135.57,2.74,7.0
362,2026-09-11 19:34:07,BOM,MAA,2026-09-27,T+15,6358.0,7169.68,4200.0,170.71,70.71,,,
363,2026-09-11 19:34:26,AMD,DEL,2026-09-27,T+15,5985.0,10605.19,3400.0,311.92,211.92,,,
364,2026-09-11 19:34:44,BLR,HYD,2026-09-13,T+1,5358.0,6886.42,2950.0,233.44,133.44,,,
365,2026-09-11 19:34:50,DEL,CCJ,2026-09-12,T+1,59425.0,81437.86,4500.0,1809.73,1709.73,143.68,3.36,7.0
366,2026-09-11 19:35:03,DEL,SXR,2026-09-19,T+7,6846.0,9272.75,4100.0,226.16,126.16,,,
367,2026-09-11 19:35:22,DEL,GAU,2026-09-13,T+1,8069.0,9393.39,4750.0,197.76,97.76,,,
368,2026-09-11 19:35:22,DEL,CCJ,2026-09-17,T+5,9934.0,42440.7,4500.0,943.13,843.13,146.36,3.57,10.0
369,2026-09-11 19:35:40,CCU,GAU,2026-09-13,T+1,4850.0,7577.5,2650.0,285.94,185.94,,,
370,2026-09-11 19:35:58,DEL,IXZ,2026-09-19,T+7,19319.0,19832.15,6400.0,309.88,209.88,,,
371,2026-09-11 19:36:17,DEL,IXL,2026-09-13,T+1,7738.0,8808.14,4750.0,185.43,85.43,,,
372,2026-09-11 19:36:35,DEL,COK,2026-09-27,T+15,13272.0,15300.69,5450.0,280.75,180.75,,,
373,2026-09-11 19:36:54,DEL,PAT,2026-09-27,T+15,6217.0,6511.9,3650.0,178.41,78.41,,,
374,2026-09-11 19:37:12,DEL,LKO,2026-09-13,T+1,3955.0,7845.45,2950.0,265.95,165.95,,,
375,2026-09-11 19:37:31,BOM,JAI,2026-09-13,T+1,6895.0,8516.55,3650.0,233.33,133.33,,,
376,2026-09-11 19:37:48,BOM,AMD,2026-09-27,T+15,4634.0,6116.39,2450.0,249.65,149.65,,,
377,2026-09-11 19:37:53,DEL,TRV,2026-09-17,T+5,10723.0,28079.38,4500.0,623.99,523.99,156.22,4.33,7.0
378,2026-09-11 19:38:07,MAA,BLR,2026-09-13,T+1,3751.0,4371.69,2250.0,194.3,94.3,,,
379,2026-09-11 19:38:25,DEL,BBI,2026-09-27,T+15,9145.0,10879.05,4150.0,262.15,162.15,,,
380,2026-09-11 19:38:44,DEL,ATQ,2026-09-27,T+15,3695.0,30763.56,2650.0,1160.89,1060.89,,,
381,2026-09-11 19:39:02,DEL,IDR,2026-09-13,T+1,6109.0,6819.58,3050.0,223.59,123.59,,,
382,2026-09-11 19:39:21,BOM,COK,2026-09-19,T+7,7144.0,7547.12,4250.0,177.58,77.58,,,
383,2026-09-11 19:39:40,DEL,BOM,2026-09-19,T+7,6314.0,6814.96,4850.0,140.51,40.51,,,
384,2026-09-11 19:39:58,BLR,DEL,2026-09-19,T+7,8259.0,9205.28,5200.0,177.02,77.02,,,
385,2026-09-11 19:40:17,BLR,BOM,2026-09-13,T+1,6559.0,7144.75,3950.0,180.88,80.88,,,
386,2026-09-11 19:40:35,DEL,CCU,2026-09-19,T+7,7271.0,9352.99,4750.0,196.91,96.91,,,
387,2026-09-11 19:40:54,DEL,HYD,2026-09-13,T+1,8094.0,8757.84,4600.0,190.39,90.39,,,
388,2026-09-11 19:41:12,DEL,PNQ,2026-09-19,T+7,6929.0,8282.89,4900.0,169.04,69.04,,,
389,2026-09-11 19:41:30,BOM,GOI,2026-09-19,T+7,3964.0,6250.03,3100.0,201.61,101.61,,,
390,2026-09-11 19:41:48,BOM,MAA,2026-09-27,T+15,6358.0,7169.68,4200.0,170.71,70.71,,,
391,2026-09-11 19:42:07,AMD,DEL,2026-09-13,T+1,5588.0,14199.27,3400.0,417.63,317.63,,,
392,2026-09-11 19:42:26,BLR,HYD,2026-09-27,T+15,4288.0,7187.04,2950.0,243.63,143.63,,,
393,2026-09-11 19:42:44,DEL,SXR,2026-09-27,T+15,6846.0,7893.89,4100.0,192.53,92.53,,,
394,2026-09-11 19:43:03,DEL,GAU,2026-09-19,T+7,7819.0,8302.04,4750.0,174.78,74.78,,,
395,2026-09-11 19:43:21,CCU,GAU,2026-09-13,T+1,4850.0,7577.5,2650.0,285.94,185.94,,,
396,2026-09-11 19:43:39,DEL,IXZ,2026-09-19,T+7,19319.0,19832.15,6400.0,309.88,209.88,,,
397,2026-09-11 19:43:58,DEL,IXL,2026-09-27,T+15,7738.0,7935.43,4750.0,167.06,67.06,,,
398,2026-09-11 19:44:16,DEL,COK,2026-09-27,T+15,13272.0,15300.69,5450.0,280.75,180.75,,,
399,2026-09-11 19:44:34,DEL,PAT,2026-09-27,T+15,6217.0,6511.9,3650.0,178.41,78.41,,,
400,2026-09-11 19:44:52,DEL,LKO,2026-09-19,T+7,3955.0,6567.65,2950.0,222.63,122.63,,,
401,2026-09-11 19:45:10,BOM,JAI,2026-09-27,T+15,6994.0,7704.43,3650.0,211.08,111.08,,,
402,2026-09-11 19:45:28,BOM,AMD,2026-09-13,T+1,4374.0,4940.92,2450.0,201.67,101.67,,,
403,2026-09-11 19:45:46,MAA,BLR,2026-09-27,T+15,4293.0,9149.02,2250.0,406.62,306.62,,,
404,2026-09-11 19:46:14,DEL,BOM,2026-09-27,T+15,6425.0,6801.9,4850.0,140.25,40.25,,,
405,2026-09-11 19:46:31,BLR,DEL,2026-09-27,T+15,8259.0,8979.21,5200.0,172.68,72.68,,,
406,2026-09-11 19:46:50,BLR,BOM,2026-09-27,T+15,4164.0,7387.94,3950.0,187.04,87.04,,,
407,2026-09-11 19:47:08,DEL,CCU,2026-09-27,T+15,7271.0,8902.05,4750.0,187.41,87.41,,,
408,2026-09-11 19:47:25,DEL,BOM,2026-09-19,T+7,6425.0,6818.45,4850.0,140.59,40.59,,,
409,2026-09-11 19:47:43,BLR,DEL,2026-09-27,T+15,8259.0,8979.21,5200.0,172.68,72.68,,,
410,2026-09-11 19:48:02,BLR,BOM,2026-09-27,T+15,4164.0,7387.94,3950.0,187.04,87.04,,,
411,2026-09-11 19:48:20,DEL,CCU,2026-09-13,T+1,7481.0,9352.39,4750.0,196.89,96.89,,,
412,2026-09-11 19:48:38,DEL,HYD,2026-09-13,T+1,8094.0,8757.84,4600.0,190.39,90.39,,,
413,2026-09-11 19:48:56,DEL,PNQ,2026-09-13,T+1,6929.0,7844.32,4900.0,160.09,60.09,,,
414,2026-09-11 19:49:14,BOM,GOI,2026-09-27,T+15,3964.0,5147.69,3100.0,166.05,66.05,,,
415,2026-09-11 19:49:31,DEL,BOM,2026-09-19,T+7,6425.0,6983.01,4850.0,143.98,43.98,,,
416,2026-09-11 19:49:50,BLR,DEL,2026-09-27,T+15,8259.0,8979.21,5200.0,172.68,72.68,,,
417,2026-09-11 19:50:08,BLR,BOM,2026-09-13,T+1,6559.0,7144.75,3950.0,180.88,80.88,,,
418,2026-09-11 19:50:26,DEL,CCU,2026-09-13,T+1,7481.0,9352.39,4750.0,196.89,96.89,,,
419,2026-09-11 19:50:45,DEL,HYD,2026-09-13,T+1,8094.0,8757.84,4600.0,190.39,90.39,,,
420,2026-09-11 19:51:02,DEL,PNQ,2026-09-19,T+7,6929.0,8282.89,4900.0,169.04,69.04,,,
421,2026-09-11 19:51:21,BOM,GOI,2026-09-13,T+1,5854.0,9738.75,3100.0,314.15,214.15,,,
422,2026-09-11 19:51:39,BOM,MAA,2026-09-19,T+7,6546.0,9327.54,4200.0,222.08,122.08,,,
423,2026-09-11 19:51:57,AMD,DEL,2026-09-27,T+15,5985.0,10413.75,3400.0,306.29,206.29,,,
424,2026-09-11 19:52:15,BLR,HYD,2026-09-19,T+7,5358.0,7957.94,2950.0,269.76,169.76,,,
425,2026-09-11 19:52:33,DEL,SXR,2026-09-27,T+15,6846.0,7893.89,4100.0,192.53,92.53,,,
426,2026-09-11 19:52:51,DEL,GAU,2026-09-13,T+1,8069.0,9393.39,4750.0,197.76,97.76,,,
427,2026-09-11 19:52:56,DEL,BOM,2026-09-12,T+1,6425.0,6751.67,4850.0,139.21,39.21,143.43,3.34,40.0
428,2026-09-11 19:53:09,CCU,GAU,2026-09-27,T+15,4850.0,5842.33,2650.0,220.47,120.47,,,
429,2026-09-11 19:53:27,DEL,IXZ,2026-09-13,T+1,15869.0,15869.0,6400.0,247.95,147.95,,,
430,2026-09-11 19:53:45,DEL,IXL,2026-09-27,T+15,7738.0,7935.43,4750.0,167.06,67.06,,,
431,2026-09-11 19:54:03,DEL,COK,2026-09-27,T+15,13272.0,15300.69,5450.0,280.75,180.75,,,
432,2026-09-11 19:54:21,DEL,PAT,2026-09-27,T+15,6217.0,6511.9,3650.0,178.41,78.41,,,
433,2026-09-11 19:54:40,DEL,LKO,2026-09-13,T+1,3955.0,7845.45,2950.0,265.95,165.95,,,
434,2026-09-11 19:54:59,BOM,JAI,2026-09-19,T+7,6994.0,9246.16,3650.0,253.32,153.32,,,
435,2026-09-11 19:55:17,BOM,AMD,2026-09-19,T+7,4374.0,5487.46,2450.0,223.98,123.98,,,
436,2026-09-11 19:55:29,DEL,BOM,2026-09-12,T+1,6425.0,6879.77,4850.0,141.85,41.85,152.73,4.06,32.0
437,2026-09-11 19:55:35,MAA,BLR,2026-09-19,T+7,4293.0,12816.14,2250.0,569.61,469.61,,,
438,2026-09-11 19:55:53,DEL,BBI,2026-09-27,T+15,9145.0,10879.05,4150.0,262.15,162.15,,,
439,2026-09-11 19:56:11,DEL,ATQ,2026-09-27,T+15,3695.0,30763.56,2650.0,1160.89,1060.89,,,
440,2026-09-11 19:56:29,DEL,IDR,2026-09-27,T+15,6109.0,7363.12,3050.0,241.41,141.41,,,
441,2026-09-11 19:56:47,BOM,COK,2026-09-27,T+15,7144.0,7394.26,4250.0,173.98,73.98,,,
442,2026-09-11 19:57:05,DEL,BOM,2026-09-13,T+1,6425.0,7069.55,4850.0,145.76,45.76,,,
443,2026-09-11 19:57:23,BLR,DEL,2026-09-13,T+1,8259.0,8541.21,5200.0,164.25,64.25,,,
444,2026-09-11 19:57:42,BLR,BOM,2026-09-13,T+1,6559.0,7153.18,3950.0,181.09,81.09,,,
445,2026-09-11 19:58:00,DEL,CCU,2026-09-27,T+15,7271.0,8902.05,4750.0,187.41,87.41,,,
446,2026-09-11 19:58:18,DEL,HYD,2026-09-27,T+15,8510.0,9673.89,4600.0,210.3,110.3,,,
447,2026-09-11 19:58:36,DEL,PNQ,2026-09-27,T+15,6929.0,10478.84,4900.0,213.85,113.85,,,
448,2026-09-11 19:58:54,BOM,GOI,2026-09-19,T+7,3964.0,6133.37,3100.0,197.85,97.85,,,
449,2026-09-11 19:59:12,BOM,MAA,2026-09-19,T+7,6546.0,9327.54,4200.0,222.08,122.08,,,
450,2026-09-11 19:59:30,AMD,DEL,2026-09-27,T+15,5985.0,10413.75,3400.0,306.29,206.29,,,
451,2026-09-11 19:59:48,BLR,HYD,2026-09-19,T+7,5358.0,7934.26,2950.0,268.96,168.96,,,
452,2026-09-11 20:00:06,DEL,SXR,2026-09-19,T+7,6846.0,9272.75,4100.0,226.16,126.16,,,
453,2026-09-11 20:00:25,DEL,GAU,2026-09-13,T+1,8069.0,9421.16,4750.0,198.34,98.34,,,
454,2026-09-11 20:00:43,CCU,GAU,2026-09-13,T+1,4850.0,7577.5,2650.0,285.94,185.94,,,
455,2026-09-11 20:01:01,DEL,IXZ,2026-09-13,T+1,15869.0,15869.0,6400.0,247.95,147.95,,,
456,2026-09-11 20:01:19,DEL,IXL,2026-09-27,T+15,7738.0,7935.43,4750.0,167.06,67.06,,,
457,2026-09-11 20:01:37,DEL,COK,2026-09-19,T+7,10715.0,12273.25,5450.0,225.2,125.2,,,
458,2026-09-11 20:01:55,DEL,PAT,2026-09-27,T+15,6217.0,6511.9,3650.0,178.41,78.41,,,
459,2026-09-11 20:02:13,DEL,LKO,2026-09-27,T+15,3955.0,6384.25,2950.0,216.42,116.42,,,
460,2026-09-11 20:02:31,BOM,JAI,2026-09-27,T+15,6994.0,7704.43,3650.0,211.08,111.08,,,
461,2026-09-11 20:02:49,BOM,AMD,2026-09-13,T+1,4374.0,4951.95,2450.0,202.12,102.12,,,
462,2026-09-11 20:03:07,MAA,BLR,2026-09-19,T+7,4293.0,12816.14,2250.0,569.61,469.61,,,
463,2026-09-11 20:03:25,DEL,BBI,2026-09-19,T+7,9480.0,12318.61,4150.0,296.83,196.83,,,
464,2026-09-11 20:03:43,DEL,ATQ,2026-09-27,T+15,3695.0,30763.56,2650.0,1160.89,1060.89,,,
465,2026-09-11 20:04:01,DEL,IDR,2026-09-13,T+1,6109.0,6819.58,3050.0,223.59,123.59,,,
466,2026-09-11 20:04:19,BOM,COK,2026-09-13,T+1,7144.0,7735.84,4250.0,182.02,82.02,,,
467,2026-09-11 20:04:38,DEL,BOM,2026-09-19,T+7,6425.0,6816.97,4850.0,140.56,40.56,,,
468,2026-09-11 20:04:56,BLR,DEL,2026-09-27,T+15,8259.0,8979.21,5200.0,172.68,72.68,,,
469,2026-09-11 20:05:15,BLR,BOM,2026-09-13,T+1,6559.0,7153.18,3950.0,181.09,81.09,,,
470,2026-09-11 20:05:33,DEL,CCU,2026-09-19,T+7,7271.0,9352.99,4750.0,196.91,96.91,,,
471,2026-09-11 20:05:51,DEL,HYD,2026-09-13,T+1,8094.0,8753.97,4600.0,190.3,90.3,,,
472,2026-09-11 20:06:09,DEL,PNQ,2026-09-19,T+7,6929.0,8282.89,4900.0,169.04,69.04,,,
473,2026-09-11 20:06:27,BOM,GOI,2026-09-27,T+15,3964.0,5147.69,3100.0,166.05,66.05,,,
474,2026-09-11 20:06:46,BOM,MAA,2026-09-27,T+15,6358.0,7169.68,4200.0,170.71,70.71,,,
475,2026-09-11 20:07:04,AMD,DEL,2026-09-19,T+7,5985.0,11024.75,3400.0,324.26,224.26,,,
476,2026-09-11 20:07:22,BLR,HYD,2026-09-13,T+1,5358.0,6763.91,2950.0,229.29,129.29,,,
477,2026-09-11 20:07:40,DEL,SXR,2026-09-13,T+1,6608.0,7501.3,4100.0,182.96,82.96,,,
478,2026-09-11 20:07:58,DEL,GAU,2026-09-27,T+15,8020.0,8387.12,4750.0,176.57,76.57,,,
479,2026-09-11 20:08:16,CCU,GAU,2026-09-27,T+15,4850.0,5842.33,2650.0,220.47,120.47,,,
480,2026-09-11 20:08:34,DEL,IXZ,2026-09-19,T+7,19319.0,19832.15,6400.0,309.88,209.88,,,
481,2026-09-11 20:08:51,DEL,IXL,2026-09-27,T+15,7738.0,7935.43,4750.0,167.06,67.06,,,
482,2026-09-11 20:09:09,DEL,COK,2026-09-19,T+7,10715.0,16351.3,5450.0,300.02,200.02,,,
483,2026-09-11 20:09:27,DEL,PAT,2026-09-27,T+15,6217.0,6511.9,3650.0,178.41,78.41,,,
484,2026-09-11 20:09:45,DEL,LKO,2026-09-13,T+1,3955.0,7845.45,2950.0,265.95,165.95,,,
485,2026-09-11 20:10:03,BOM,JAI,2026-09-27,T+15,6994.0,7704.43,3650.0,211.08,111.08,,,
486,2026-09-11 20:10:21,BOM,AMD,2026-09-27,T+15,4634.0,6116.39,2450.0,249.65,149.65,,,
487,2026-09-11 20:10:40,MAA,BLR,2026-09-19,T+7,4293.0,12816.14,2250.0,569.61,469.61,,,
488,2026-09-11 20:10:58,DEL,BBI,2026-09-19,T+7,9480.0,12318.61,4150.0,296.83,196.83,,,
489,2026-09-11 20:11:16,DEL,ATQ,2026-09-27,T+15,3695.0,30763.56,2650.0,1160.89,1060.89,,,
490,2026-09-11 20:11:34,DEL,IDR,2026-09-27,T+15,6109.0,7363.12,3050.0,241.41,141.41,,,
491,2026-09-11 20:11:52,BOM,COK,2026-09-27,T+15,7144.0,7394.26,4250.0,173.98,73.98,,,
492,2026-09-11 20:12:10,DEL,BOM,2026-09-13,T+1,6425.0,7042.81,4850.0,145.21,45.21,,,
493,2026-09-11 20:12:29,BLR,DEL,2026-09-13,T+1,8259.0,8539.8,5200.0,164.23,64.23,,,
494,2026-09-11 20:12:47,BLR,BOM,2026-09-27,T+15,4164.0,7387.94,3950.0,187.04,87.04,,,
495,2026-09-11 20:13:06,DEL,CCU,2026-09-13,T+1,7481.0,9352.39,4750.0,196.89,96.89,,,
496,2026-09-11 20:13:24,DEL,HYD,2026-09-13,T+1,8094.0,8753.97,4600.0,190.3,90.3,,,
497,2026-09-11 20:13:42,DEL,PNQ,2026-09-13,T+1,6929.0,7865.06,4900.0,160.51,60.51,,,
498,2026-09-11 20:14:00,BOM,GOI,2026-09-13,T+1,5854.0,9799.96,3100.0,316.13,216.13,,,
499,2026-09-11 20:14:19,BOM,MAA,2026-09-13,T+1,6546.0,6808.03,4200.0,162.1,62.1,,,
500,2026-09-11 20:14:37,AMD,DEL,2026-09-13,T+1,5588.0,14459.24,3400.0,425.27,325.27,,,
501,2026-09-11 20:14:55,BLR,HYD,2026-09-27,T+15,4288.0,7187.04,2950.0,243.63,143.63,,,
502,2026-09-11 20:15:13,DEL,SXR,2026-09-27,T+15,6846.0,7893.89,4100.0,192.53,92.53,,,
503,2026-09-11 20:15:31,DEL,GAU,2026-09-27,T+15,8020.0,8387.12,4750.0,176.57,76.57,,,
504,2026-09-11 20:15:54,DEL,BOM,2026-09-13,T+1,6425.0,7042.81,4850.0,145.21,45.21,,,
505,2026-09-11 20:16:43,BLR,DEL,2026-09-13,T+1,8259.0,8539.8,5200.0,164.23,64.23,,,
506,2026-09-11 20:17:01,BLR,BOM,2026-09-19,T+7,5530.0,7003.12,3950.0,177.29,77.29,,,
507,2026-09-11 20:17:20,DEL,CCU,2026-09-19,T+7,7271.0,9352.99,4750.0,196.91,96.91,,,
508,2026-09-11 20:17:38,DEL,HYD,2026-09-19,T+7,7884.0,8934.35,4600.0,194.22,94.23,,,
509,2026-09-11 20:17:57,DEL,PNQ,2026-09-19,T+7,6929.0,8282.89,4900.0,169.04,69.04,,,
510,2026-09-11 20:18:14,DEL,BOM,2026-09-12,T+1,6314.0,6679.19,4850.0,137.72,37.72,124.58,1.89,53.0
511,2026-09-11 20:18:15,BOM,GOI,2026-09-19,T+7,3964.0,6133.37,3100.0,197.85,97.85,,,
512,2026-09-11 20:18:32,DEL,BOM,2026-09-12,T+1,6314.0,6679.19,4850.0,137.72,37.72,125.65,1.98,53.0
513,2026-09-11 20:18:34,BOM,MAA,2026-09-13,T+1,6546.0,6808.03,4200.0,162.1,62.1,,,
514,2026-09-11 20:18:53,AMD,DEL,2026-09-27,T+15,5985.0,10413.75,3400.0,306.29,206.29,,,
515,2026-09-11 20:18:53,DEL,BOM,2026-09-12,T+1,6314.0,6679.19,4850.0,137.72,37.72,124.72,1.9,53.0
516,2026-09-11 20:19:12,BLR,HYD,2026-09-19,T+7,5358.0,7852.39,2950.0,266.18,166.18,,,
517,2026-09-11 20:19:30,DEL,SXR,2026-09-13,T+1,6608.0,7501.3,4100.0,182.96,82.96,,,
518,2026-09-11 20:19:48,DEL,GAU,2026-09-27,T+15,8020.0,8387.12,4750.0,176.57,76.57,,,
519,2026-09-11 20:19:58,DEL,BOM,2026-09-12,T+1,6314.0,6679.19,4850.0,137.72,37.72,133.92,2.61,53.0
520,2026-09-11 20:20:07,CCU,GAU,2026-09-19,T+7,5250.0,6031.6,2650.0,227.61,127.61,,,
521,2026-09-11 20:20:25,DEL,IXZ,2026-09-13,T+1,14657.0,19253.11,6400.0,300.83,200.83,,,
522,2026-09-11 20:20:44,DEL,IXL,2026-09-27,T+15,7738.0,7935.43,4750.0,167.06,67.06,,,
523,2026-09-11 20:21:02,DEL,COK,2026-09-19,T+7,10715.0,16351.3,5450.0,300.02,200.02,,,
524,2026-09-11 20:21:20,DEL,PAT,2026-09-13,T+1,6217.0,6381.65,3650.0,174.84,74.84,,,
525,2026-09-11 20:21:39,DEL,LKO,2026-09-27,T+15,3955.0,6384.25,2950.0,216.42,116.42,,,
526,2026-09-11 20:21:57,BOM,JAI,2026-09-19,T+7,6994.0,9246.16,3650.0,253.32,153.32,,,
527,2026-09-11 20:22:15,BOM,AMD,2026-09-13,T+1,4374.0,4951.95,2450.0,202.12,102.12,,,
528,2026-09-11 20:22:34,MAA,BLR,2026-09-19,T+7,4293.0,12816.14,2250.0,569.61,469.61,,,
529,2026-09-11 20:22:52,DEL,BBI,2026-09-13,T+1,9145.0,16696.65,4150.0,402.33,302.33,,,
530,2026-09-11 20:23:10,DEL,ATQ,2026-09-27,T+15,3695.0,30469.28,2650.0,1149.78,1049.78,,,
531,2026-09-11 20:23:26,DEL,BOM,2026-09-13,T+1,6425.0,7042.81,4850.0,145.21,45.21,,,
532,2026-09-11 20:23:45,BLR,DEL,2026-09-13,T+1,8259.0,8539.8,5200.0,164.23,64.23,,,
533,2026-09-11 20:24:03,BLR,BOM,2026-09-27,T+15,4164.0,7387.94,3950.0,187.04,87.04,,,
534,2026-09-11 20:24:21,DEL,CCU,2026-09-13,T+1,7481.0,9352.39,4750.0,196.89,96.89,,,
535,2026-09-11 20:24:40,DEL,HYD,2026-09-19,T+7,7884.0,8934.35,4600.0,194.22,94.23,,,
536,2026-09-11 20:24:45,DEL,BOM,2026-09-12,T+1,6314.0,6679.19,4850.0,137.72,37.72,125.51,1.96,53.0
537,2026-09-11 20:24:58,DEL,PNQ,2026-09-13,T+1,6929.0,7855.52,4900.0,160.32,60.32,,,
538,2026-09-11 20:25:16,BOM,GOI,2026-09-27,T+15,3964.0,5147.69,3100.0,166.05,66.05,,,
539,2026-09-11 20:25:32,DEL,BOM,2026-09-12,T+1,6314.0,6679.19,4850.0,137.72,37.72,125.08,1.93,53.0
540,2026-09-11 20:25:35,BOM,MAA,2026-09-19,T+7,6546.0,9327.54,4200.0,222.08,122.08,,,
541,2026-09-11 20:25:54,AMD,DEL,2026-09-19,T+7,5985.0,11014.02,3400.0,323.94,223.94,,,
542,2026-09-11 20:26:12,BLR,HYD,2026-09-19,T+7,5358.0,8034.94,2950.0,272.37,172.37,,,
543,2026-09-11 20:26:31,DEL,SXR,2026-09-19,T+7,6846.0,9272.75,4100.0,226.16,126.16,,,
544,2026-09-11 20:26:50,DEL,GAU,2026-09-19,T+7,7819.0,8302.04,4750.0,174.78,74.78,,,
545,2026-09-11 20:27:08,CCU,GAU,2026-09-13,T+1,4850.0,7577.5,2650.0,285.94,185.94,,,
546,2026-09-11 20:27:26,DEL,IXZ,2026-09-19,T+7,19319.0,19832.15,6400.0,309.88,209.88,,,
547,2026-09-11 20:27:45,DEL,IXL,2026-09-27,T+15,7738.0,7935.43,4750.0,167.06,67.06,,,
548,2026-09-11 20:28:03,DEL,COK,2026-09-19,T+7,10715.0,16351.3,5450.0,300.02,200.02,,,
549,2026-09-11 20:28:22,DEL,PAT,2026-09-13,T+1,6217.0,6381.65,3650.0,174.84,74.84,,,
550,2026-09-11 20:28:40,DEL,LKO,2026-09-27,T+15,3955.0,6384.25,2950.0,216.42,116.42,,,
551,2026-09-11 20:28:58,BOM,JAI,2026-09-13,T+1,6895.0,8516.55,3650.0,233.33,133.33,,,
552,2026-09-11 20:29:16,BOM,AMD,2026-09-13,T+1,4374.0,4951.95,2450.0,202.12,102.12,,,
553,2026-09-11 20:29:34,MAA,BLR,2026-09-27,T+15,4293.0,9310.27,2250.0,413.79,313.79,,,
554,2026-09-11 20:29:53,DEL,BBI,2026-09-27,T+15,9145.0,10879.05,4150.0,262.15,162.15,,,
555,2026-09-11 20:30:11,DEL,ATQ,2026-09-13,T+1,3695.0,28882.32,2650.0,1089.9,989.9,,,
556,2026-09-11 20:30:31,DEL,BOM,2026-09-27,T+15,6314.0,6825.74,4850.0,140.74,40.74,,,
557,2026-09-11 20:30:45,DEL,BOM,2026-09-12,T+1,6314.0,6679.19,4850.0,137.72,37.72,126.68,2.05,53.0
558,2026-09-11 20:30:51,BLR,DEL,2026-09-27,T+15,8259.0,8979.21,5200.0,172.68,72.68,,,
559,2026-09-11 20:31:09,BLR,BOM,2026-09-27,T+15,4164.0,7387.94,3950.0,187.04,87.04,,,
560,2026-09-11 20:31:28,DEL,CCU,2026-09-13,T+1,7481.0,9352.39,4750.0,196.89,96.89,,,
561,2026-09-11 20:31:46,DEL,HYD,2026-09-27,T+15,8510.0,9673.89,4600.0,210.3,110.3,,,
562,2026-09-11 20:32:05,DEL,PNQ,2026-09-19,T+7,6929.0,8282.89,4900.0,169.04,69.04,,,
563,2026-09-11 20:32:24,BOM,GOI,2026-09-27,T+15,3964.0,5147.69,3100.0,166.05,66.05,,,
564,2026-09-11 20:32:26,DEL,BOM,2026-09-12,T+1,6314.0,6679.19,4850.0,137.72,37.72,135.07,2.7,53.0
565,2026-09-11 20:32:42,BOM,MAA,2026-09-13,T+1,6546.0,6808.03,4200.0,162.1,62.1,,,
566,2026-09-11 20:33:01,AMD,DEL,2026-09-27,T+15,5985.0,10407.64,3400.0,306.11,206.11,,,
567,2026-09-11 20:33:19,BLR,HYD,2026-09-27,T+15,4288.0,7187.04,2950.0,243.63,143.63,,,
568,2026-09-11 20:33:38,DEL,SXR,2026-09-19,T+7,6846.0,9272.75,4100.0,226.16,126.16,,,
569,2026-09-11 20:33:57,DEL,GAU,2026-09-27,T+15,8020.0,8387.12,4750.0,176.57,76.57,,,
570,2026-09-11 20:33:59,DEL,BOM,2026-09-12,T+1,6314.0,6679.19,4850.0,137.72,37.72,146.67,3.59,53.0
571,2026-09-11 20:34:15,CCU,GAU,2026-09-27,T+15,4850.0,5842.33,2650.0,220.47,120.47,,,
572,2026-09-11 20:34:34,DEL,IXZ,2026-09-19,T+7,19319.0,19832.15,6400.0,309.88,209.88,,,
573,2026-09-11 20:34:52,DEL,IXL,2026-09-19,T+7,10743.0,12853.6,4750.0,270.6,170.6,,,
574,2026-09-11 20:35:11,DEL,COK,2026-09-27,T+15,13272.0,15300.69,5450.0,280.75,180.75,,,
575,2026-09-11 20:35:29,DEL,PAT,2026-09-27,T+15,6217.0,6511.9,3650.0,178.41,78.41,,,
576,2026-09-11 20:35:48,DEL,LKO,2026-09-13,T+1,3955.0,7845.45,2950.0,265.95,165.95,,,
577,2026-09-11 20:36:06,BOM,JAI,2026-09-13,T+1,6895.0,8516.55,3650.0,233.33,133.33,,,
578,2026-09-11 20:36:25,BOM,AMD,2026-09-27,T+15,4634.0,6116.39,2450.0,249.65,149.65,,,
579,2026-09-11 20:36:43,MAA,BLR,2026-09-19,T+7,4293.0,12816.14,2250.0,569.61,469.61,,,
580,2026-09-11 20:37:02,DEL,BBI,2026-09-27,T+15,9145.0,16775.81,4150.0,404.24,304.24,,,
581,2026-09-11 20:37:20,DEL,ATQ,2026-09-13,T+1,3695.0,28882.32,2650.0,1089.9,989.9,,,
582,2026-09-11 20:37:39,DEL,IDR,2026-09-27,T+15,6109.0,7363.12,3050.0,241.41,141.41,,,
583,2026-09-11 20:37:57,BOM,COK,2026-09-19,T+7,7144.0,7547.12,4250.0,177.58,77.58,,,
584,2026-09-11 20:38:15,DEL,BOM,2026-09-13,T+1,6425.0,7042.81,4850.0,145.21,45.21,,,
585,2026-09-11 20:38:34,BLR,DEL,2026-09-19,T+7,8259.0,9205.28,5200.0,177.02,77.02,,,
586,2026-09-11 20:38:53,BLR,BOM,2026-09-27,T+15,4164.0,7387.94,3950.0,187.04,87.04,,,
587,2026-09-11 20:39:11,DEL,CCU,2026-09-27,T+15,7271.0,8902.05,4750.0,187.41,87.41,,,
588,2026-09-11 20:39:30,DEL,HYD,2026-09-19,T+7,7884.0,8934.35,4600.0,194.22,94.23,,,
589,2026-09-11 20:39:49,DEL,PNQ,2026-09-13,T+1,6929.0,7855.52,4900.0,160.32,60.32,,,
590,2026-09-11 20:40:07,BOM,GOI,2026-09-27,T+15,3964.0,5147.69,3100.0,166.05,66.05,,,
591,2026-09-11 20:40:26,BOM,MAA,2026-09-19,T+7,6546.0,9327.54,4200.0,222.08,122.08,,,
592,2026-09-11 20:40:44,AMD,DEL,2026-09-19,T+7,5985.0,11014.02,3400.0,323.94,223.94,,,
593,2026-09-11 20:41:03,BLR,HYD,2026-09-13,T+1,4987.0,6763.58,2950.0,229.27,129.27,,,
594,2026-09-11 20:41:21,DEL,SXR,2026-09-19,T+7,6846.0,9272.75,4100.0,226.16,126.16,,,
595,2026-09-11 20:41:40,DEL,GAU,2026-09-19,T+7,7819.0,8302.04,4750.0,174.78,74.78,,,
596,2026-09-11 20:41:59,CCU,GAU,2026-09-19,T+7,5250.0,6031.6,2650.0,227.61,127.61,,,
597,2026-09-11 20:42:17,DEL,IXZ,2026-09-19,T+7,19319.0,19832.15,6400.0,309.88,209.88,,,
598,2026-09-11 20:42:36,DEL,IXL,2026-09-19,T+7,10743.0,12853.6,4750.0,270.6,170.6,,,
599,2026-09-11 20:42:55,DEL,COK,2026-09-27,T+15,13272.0,15545.92,5450.0,285.25,185.25,,,
600,2026-09-11 20:43:14,DEL,PAT,2026-09-19,T+7,6217.0,6747.61,3650.0,184.87,84.87,,,
601,2026-09-11 20:43:32,DEL,LKO,2026-09-13,T+1,3955.0,7845.45,2950.0,265.95,165.95,,,
602,2026-09-11 20:43:50,BOM,JAI,2026-09-27,T+15,6994.0,7704.43,3650.0,211.08,111.08,,,
603,2026-09-11 20:44:08,BOM,AMD,2026-09-27,T+15,4634.0,6116.39,2450.0,249.65,149.65,,,
604,2026-09-11 20:44:27,MAA,BLR,2026-09-13,T+1,3751.0,4371.69,2250.0,194.3,94.3,,,
605,2026-09-11 20:44:45,DEL,BBI,2026-09-13,T+1,9145.0,16696.65,4150.0,402.33,302.33,,,
606,2026-09-11 20:45:04,DEL,ATQ,2026-09-19,T+7,3695.0,18623.26,2650.0,702.76,602.76,,,
607,2026-09-11 20:45:25,DEL,BOM,2026-09-27,T+15,6314.0,6825.74,4850.0,140.74,40.74,,,
608,2026-09-11 20:45:33,DEL,BOM,2026-09-12,T+1,6314.0,6697.25,4850.0,138.09,38.09,126.68,2.05,54.0
609,2026-09-11 20:45:48,BLR,DEL,2026-09-19,T+7,8259.0,9205.28,5200.0,177.02,77.02,,,
610,2026-09-11 20:46:09,BLR,BOM,2026-09-19,T+7,5530.0,7003.12,3950.0,177.29,77.29,,,
611,2026-09-11 20:46:14,DEL,BOM,2026-09-12,T+1,6314.0,6697.25,4850.0,138.09,38.09,127.79,2.14,54.0
612,2026-09-11 20:46:32,DEL,CCU,2026-09-19,T+7,7271.0,9364.32,4750.0,197.14,97.14,,,
613,2026-09-11 20:46:54,DEL,HYD,2026-09-19,T+7,7884.0,8934.35,4600.0,194.22,94.23,,,
614,2026-09-11 20:47:16,DEL,PNQ,2026-09-27,T+15,6929.0,10478.84,4900.0,213.85,113.85,,,
615,2026-09-11 20:47:39,BOM,GOI,2026-09-19,T+7,3964.0,6133.37,3100.0,197.85,97.85,,,
616,2026-09-11 20:47:48,DEL,BOM,2026-09-12,T+1,6314.0,6697.25,4850.0,138.09,38.09,134.19,2.63,54.0
617,2026-09-11 20:48:02,BOM,MAA,2026-09-27,T+15,6358.0,7169.68,4200.0,170.71,70.71,,,
618,2026-09-11 20:48:24,AMD,DEL,2026-09-19,T+7,5985.0,11014.02,3400.0,323.94,223.94,,,
619,2026-09-11 20:48:46,BLR,HYD,2026-09-27,T+15,4288.0,7187.04,2950.0,243.63,143.63,,,
620,2026-09-11 20:49:09,DEL,SXR,2026-09-27,T+15,6846.0,7893.89,4100.0,192.53,92.53,,,
621,2026-09-11 20:49:24,DEL,MAA,2026-09-12,T+1,9815.0,13980.88,5100.0,274.13,174.13,145.65,3.52,17.0
622,2026-09-11 20:49:32,DEL,GAU,2026-09-13,T+1,8069.0,9393.39,4750.0,197.76,97.76,,,
623,2026-09-11 20:49:48,ATQ,MAA,2026-09-12,T+1,49777.0,49777.0,4500.0,1106.16,1006.16,145.76,3.52,1.0
624,2026-09-11 20:49:56,CCU,GAU,2026-09-19,T+7,5250.0,6031.6,2650.0,227.61,127.61,,,
625,2026-09-11 20:50:05,ATQ,DEL,2026-09-12,T+1,3592.0,18720.59,2650.0,706.44,606.44,146.69,3.6,11.0
626,2026-09-11 20:50:19,DEL,IXZ,2026-09-19,T+7,19319.0,19832.15,6400.0,309.88,209.88,,,
627,2026-09-11 20:50:41,DEL,IXL,2026-09-19,T+7,10743.0,12853.6,4750.0,270.6,170.6,,,
628,2026-09-12 04:23:23,DEL,BOM,2026-09-19,T+7,6314.0,6851.44,4850.0,141.27,41.27,,,
629,2026-09-12 04:23:43,DEL,BOM,2026-09-13,T+1,6425.0,7042.92,4850.0,145.21,45.21,124.98,1.92,31.0
630,2026-09-12 04:23:45,BLR,DEL,2026-09-19,T+7,8259.0,9205.28,5200.0,177.02,77.02,,,
631,2026-09-12 04:24:08,BLR,BOM,2026-09-19,T+7,5529.0,6842.94,3950.0,173.24,73.24,,,
632,2026-09-12 04:24:31,DEL,CCU,2026-09-27,T+15,7271.0,8922.44,4750.0,187.84,87.84,,,
633,2026-09-12 04:24:53,DEL,HYD,2026-09-13,T+1,7884.0,8740.59,4600.0,190.01,90.01,,,
634,2026-09-12 04:25:03,ATQ,DEL,2026-09-13,T+1,3592.0,30275.79,2650.0,1142.48,1042.48,127.65,2.13,11.0
635,2026-09-12 04:25:16,DEL,PNQ,2026-09-19,T+7,6929.0,7841.77,4900.0,160.04,60.04,,,
636,2026-09-12 04:25:38,BOM,GOI,2026-09-19,T+7,3964.0,6196.64,3100.0,199.89,99.89,,,
637,2026-09-12 04:26:03,BOM,MAA,2026-09-13,T+1,6546.0,6808.03,4200.0,162.1,62.1,,,
638,2026-09-12 04:26:25,AMD,DEL,2026-09-27,T+15,5985.0,10407.64,3400.0,306.11,206.11,,,
639,2026-09-12 04:26:49,BLR,HYD,2026-09-19,T+7,5358.0,7948.61,2950.0,269.44,169.44,,,
640,2026-09-12 04:27:12,DEL,SXR,2026-09-19,T+7,6846.0,9191.01,4100.0,224.17,124.17,,,
641,2026-09-12 04:27:35,DEL,GAU,2026-09-13,T+1,8069.0,9160.18,4750.0,192.85,92.85,,,
642,2026-09-12 04:27:57,CCU,GAU,2026-09-19,T+7,5250.0,6031.6,2650.0,227.61,127.61,,,
643,2026-09-12 04:28:19,DEL,IXZ,2026-09-27,T+15,26669.0,26669.0,6400.0,416.7,316.7,,,
644,2026-09-12 04:28:42,DEL,IXL,2026-09-13,T+1,7738.0,8808.14,4750.0,185.43,85.43,,,
645,2026-09-12 04:29:04,DEL,COK,2026-09-13,T+1,10715.0,15139.43,5450.0,277.79,177.79,,,
646,2026-09-12 04:29:27,DEL,PAT,2026-09-13,T+1,6217.0,6363.23,3650.0,174.34,74.34,,,
647,2026-09-12 04:29:49,DEL,LKO,2026-09-27,T+15,3955.0,6368.21,2950.0,215.87,115.87,,,
648,2026-09-12 04:30:12,BOM,JAI,2026-09-19,T+7,6994.0,9246.16,3650.0,253.32,153.32,,,
649,2026-09-12 04:30:38,BOM,AMD,2026-09-13,T+1,4374.0,4990.42,2450.0,203.69,103.69,,,
650,2026-09-12 04:31:00,MAA,BLR,2026-09-13,T+1,3751.0,4355.62,2250.0,193.58,93.58,,,
651,2026-09-12 04:31:23,DEL,BBI,2026-09-19,T+7,10156.0,12412.49,4150.0,299.1,199.1,,,
652,2026-09-12 04:31:45,DEL,ATQ,2026-09-19,T+7,3695.0,18623.26,2650.0,702.76,602.76,,,
653,2026-09-12 04:32:07,DEL,IDR,2026-09-13,T+1,6109.0,7052.23,3050.0,231.22,131.22,,,
654,2026-09-12 04:32:29,BOM,COK,2026-09-19,T+7,7144.0,7460.23,4250.0,175.53,75.53,,,
655,2026-09-12 04:32:52,DEL,BOM,2026-09-19,T+7,6314.0,6851.44,4850.0,141.27,41.27,,,
656,2026-09-12 04:33:15,BLR,DEL,2026-09-13,T+1,8259.0,8566.79,5200.0,164.75,64.75,,,
657,2026-09-12 04:33:38,BLR,BOM,2026-09-13,T+1,6559.0,7136.21,3950.0,180.66,80.66,,,
658,2026-09-12 04:34:01,DEL,CCU,2026-09-27,T+15,7271.0,8902.05,4750.0,187.41,87.41,,,
659,2026-09-12 04:34:23,DEL,HYD,2026-09-19,T+7,8711.0,9267.58,4600.0,201.47,101.47,,,
660,2026-09-12 04:34:46,DEL,PNQ,2026-09-27,T+15,6929.0,9325.42,4900.0,190.31,90.31,,,
661,2026-09-12 04:35:08,BOM,GOI,2026-09-19,T+7,3964.0,6215.19,3100.0,200.49,100.49,,,
662,2026-09-12 04:35:32,BOM,MAA,2026-09-13,T+1,6546.0,6808.03,4200.0,162.1,62.1,,,
663,2026-09-12 04:35:54,AMD,DEL,2026-09-27,T+15,5985.0,10599.08,3400.0,311.74,211.74,,,
664,2026-09-12 04:36:17,BLR,HYD,2026-09-19,T+7,5358.0,7948.61,2950.0,269.44,169.44,,,
665,2026-09-12 04:36:43,DEL,SXR,2026-09-19,T+7,6846.0,9191.01,4100.0,224.17,124.17,,,
666,2026-09-12 04:37:07,DEL,GAU,2026-09-19,T+7,7819.0,8302.04,4750.0,174.78,74.78,,,
667,2026-09-12 04:37:29,CCU,GAU,2026-09-19,T+7,5250.0,6031.6,2650.0,227.61,127.61,,,
668,2026-09-12 04:37:51,DEL,IXZ,2026-09-13,T+1,14657.0,19253.11,6400.0,300.83,200.83,,,
669,2026-09-12 04:38:14,DEL,IXL,2026-09-19,T+7,10743.0,12853.6,4750.0,270.6,170.6,,,
670,2026-09-12 04:38:36,DEL,COK,2026-09-19,T+7,10715.0,16218.15,5450.0,297.58,197.58,,,
671,2026-09-12 04:38:59,DEL,PAT,2026-09-27,T+15,6217.0,6511.9,3650.0,178.41,78.41,,,
672,2026-09-12 04:39:21,DEL,LKO,2026-09-19,T+7,3955.0,6567.65,2950.0,222.63,122.63,,,
673,2026-09-12 04:39:43,BOM,JAI,2026-09-13,T+1,6895.0,8778.4,3650.0,240.5,140.5,,,
674,2026-09-12 04:40:06,BOM,AMD,2026-09-19,T+7,4374.0,5472.22,2450.0,223.36,123.36,,,
675,2026-09-12 04:40:29,MAA,BLR,2026-09-27,T+15,4293.0,9492.39,2250.0,421.88,321.88,,,
676,2026-09-12 04:40:51,DEL,BBI,2026-09-19,T+7,10156.0,12412.49,4150.0,299.1,199.1,,,
677,2026-09-12 04:41:13,DEL,ATQ,2026-09-19,T+7,3695.0,18623.26,2650.0,702.76,602.76,,,
678,2026-09-12 04:41:36,DEL,IDR,2026-09-19,T+7,6109.0,6559.47,3050.0,215.06,115.06,,,
679,2026-09-12 04:41:58,BOM,COK,2026-09-27,T+15,7144.0,7394.26,4250.0,173.98,73.98,,,
680,2026-09-12 04:42:21,DEL,BOM,2026-09-27,T+15,6425.0,6865.17,4850.0,141.55,41.55,,,
681,2026-09-12 04:42:44,BLR,DEL,2026-09-19,T+7,8259.0,9205.28,5200.0,177.02,77.02,,,
682,2026-09-12 04:43:07,BLR,BOM,2026-09-19,T+7,5529.0,6842.94,3950.0,173.24,73.24,,,
683,2026-09-12 04:43:29,DEL,CCU,2026-09-19,T+7,7271.0,9420.64,4750.0,198.33,98.33,,,
684,2026-09-12 04:43:52,DEL,HYD,2026-09-13,T+1,7884.0,8740.59,4600.0,190.01,90.01,,,
685,2026-09-12 04:44:15,DEL,PNQ,2026-09-19,T+7,6929.0,7841.77,4900.0,160.04,60.04,,,
686,2026-09-12 04:44:37,BOM,GOI,2026-09-13,T+1,5854.0,9785.73,3100.0,315.67,215.67,,,
687,2026-09-12 04:45:00,BOM,MAA,2026-09-19,T+7,6546.0,9299.88,4200.0,221.43,121.43,,,
688,2026-09-12 04:45:22,AMD,DEL,2026-09-27,T+15,5985.0,10599.08,3400.0,311.74,211.74,,,
689,2026-09-12 04:45:45,BLR,HYD,2026-09-27,T+15,4288.0,7187.04,2950.0,243.63,143.63,,,
690,2026-09-12 04:46:08,DEL,SXR,2026-09-19,T+7,6846.0,9191.01,4100.0,224.17,124.17,,,
691,2026-09-12 04:46:31,DEL,GAU,2026-09-27,T+15,8020.0,8387.12,4750.0,176.57,76.57,,,
692,2026-09-12 04:46:53,CCU,GAU,2026-09-27,T+15,4850.0,5842.33,2650.0,220.47,120.47,,,
693,2026-09-12 04:47:16,DEL,IXZ,2026-09-13,T+1,14657.0,19253.11,6400.0,300.83,200.83,,,
694,2026-09-12 04:47:38,DEL,IXL,2026-09-19,T+7,10743.0,12853.6,4750.0,270.6,170.6,,,
695,2026-09-12 04:48:01,DEL,COK,2026-09-27,T+15,13272.0,15873.49,5450.0,291.26,191.26,,,
696,2026-09-12 04:48:23,DEL,PAT,2026-09-27,T+15,6217.0,6511.9,3650.0,178.41,78.41,,,
697,2026-09-12 04:48:46,DEL,LKO,2026-09-27,T+15,3955.0,6368.21,2950.0,215.87,115.87,,,
698,2026-09-12 04:49:08,BOM,JAI,2026-09-19,T+7,6994.0,9246.16,3650.0,253.32,153.32,,,
699,2026-09-12 04:49:33,BOM,AMD,2026-09-13,T+1,4374.0,4967.34,2450.0,202.75,102.75,,,
700,2026-09-12 04:49:56,MAA,BLR,2026-09-19,T+7,4293.0,6313.72,2250.0,280.61,180.61,,,
701,2026-09-12 04:50:19,DEL,BBI,2026-09-13,T+1,9145.0,16648.51,4150.0,401.17,301.17,,,
702,2026-09-12 04:50:43,DEL,ATQ,2026-09-13,T+1,3695.0,31722.7,2650.0,1197.08,1097.08,,,
703,2026-09-12 04:51:06,DEL,IDR,2026-09-27,T+15,6109.0,7399.58,3050.0,242.61,142.61,,,
704,2026-09-12 04:51:30,BOM,COK,2026-09-19,T+7,7144.0,7460.23,4250.0,175.53,75.53,,,
705,2026-09-12 04:51:52,DEL,BOM,2026-09-13,T+1,6425.0,7042.92,4850.0,145.21,45.21,,,
706,2026-09-12 04:52:18,BLR,DEL,2026-09-13,T+1,8259.0,8604.38,5200.0,165.47,65.47,,,
707,2026-09-12 04:52:40,BLR,BOM,2026-09-19,T+7,5529.0,6842.94,3950.0,173.24,73.24,,,
708,2026-09-12 04:53:03,DEL,CCU,2026-09-27,T+15,7271.0,8922.44,4750.0,187.84,87.84,,,
709,2026-09-12 04:53:26,DEL,HYD,2026-09-27,T+15,8510.0,9612.62,4600.0,208.97,108.97,,,
710,2026-09-12 04:53:50,DEL,PNQ,2026-09-27,T+15,6929.0,10134.94,4900.0,206.84,106.84,,,
711,2026-09-12 04:54:12,BOM,GOI,2026-09-19,T+7,3964.0,6215.19,3100.0,200.49,100.49,,,
712,2026-09-12 04:54:42,DEL,BOM,2026-09-19,T+7,6314.0,6860.83,4850.0,141.46,41.46,,,
713,2026-09-12 04:55:05,BLR,DEL,2026-09-13,T+1,8259.0,8604.38,5200.0,165.47,65.47,,,
714,2026-09-12 04:55:28,BLR,BOM,2026-09-19,T+7,5529.0,6842.94,3950.0,173.24,73.24,,,
715,2026-09-12 04:55:51,DEL,CCU,2026-09-27,T+15,7271.0,8922.44,4750.0,187.84,87.84,,,
716,2026-09-12 04:56:14,DEL,HYD,2026-09-19,T+7,8711.0,9229.87,4600.0,200.65,100.65,,,
717,2026-09-12 04:56:37,DEL,PNQ,2026-09-13,T+1,6929.0,7918.56,4900.0,161.6,61.6,,,
718,2026-09-12 04:57:00,BOM,GOI,2026-09-19,T+7,3964.0,6215.19,3100.0,200.49,100.49,,,
719,2026-09-12 04:57:23,BOM,MAA,2026-09-27,T+15,6358.0,7199.09,4200.0,171.41,71.41,,,
720,2026-09-12 04:57:46,AMD,DEL,2026-09-27,T+15,5985.0,10599.08,3400.0,311.74,211.74,,,
721,2026-09-12 04:58:09,BLR,HYD,2026-09-27,T+15,4288.0,7214.61,2950.0,244.56,144.56,,,
722,2026-09-12 04:58:15,DEL,BOM,2026-09-13,T+1,6425.0,7042.92,4850.0,145.21,45.21,137.09,2.86,31.0
723,2026-09-12 04:58:33,DEL,SXR,2026-09-19,T+7,6846.0,9191.01,4100.0,224.17,124.17,,,
724,2026-09-12 04:58:56,DEL,GAU,2026-09-19,T+7,7819.0,8302.04,4750.0,174.78,74.78,,,
725,2026-09-12 04:59:19,CCU,GAU,2026-09-13,T+1,4850.0,8027.5,2650.0,302.92,202.92,,,
726,2026-09-12 04:59:42,DEL,IXZ,2026-09-27,T+15,26669.0,26669.0,6400.0,416.7,316.7,,,
727,2026-09-12 05:00:05,DEL,IXL,2026-09-13,T+1,7762.0,8831.4,4750.0,185.92,85.92,,,
728,2026-09-12 05:00:28,DEL,COK,2026-09-13,T+1,10715.0,15139.43,5450.0,277.79,177.79,,,
729,2026-09-12 05:00:52,DEL,PAT,2026-09-13,T+1,6217.0,6376.26,3650.0,174.69,74.69,,,
730,2026-09-12 05:01:15,DEL,LKO,2026-09-13,T+1,3955.0,7467.88,2950.0,253.15,153.15,,,
731,2026-09-12 05:01:38,BOM,JAI,2026-09-27,T+15,6994.0,7704.43,3650.0,211.08,111.08,,,
732,2026-09-12 05:01:54,DEL,BOM,2026-09-13,T+1,6425.0,7042.92,4850.0,145.21,45.21,144.75,3.45,31.0
733,2026-09-12 05:02:01,BOM,AMD,2026-09-19,T+7,4374.0,5472.22,2450.0,223.36,123.36,,,
734,2026-09-12 05:02:27,MAA,BLR,2026-09-13,T+1,3751.0,4355.62,2250.0,193.58,93.58,,,
735,2026-09-12 05:02:52,DEL,BBI,2026-09-19,T+7,10156.0,12412.49,4150.0,299.1,199.1,,,
736,2026-09-12 05:03:15,DEL,ATQ,2026-09-27,T+15,3695.0,30055.99,2650.0,1134.19,1034.19,,,
737,2026-09-12 05:03:38,DEL,IDR,2026-09-27,T+15,6109.0,7399.58,3050.0,242.61,142.61,,,
738,2026-09-12 05:04:01,BOM,COK,2026-09-27,T+15,7144.0,7394.26,4250.0,173.98,73.98,,,
739,2026-09-12 05:04:25,DEL,BOM,2026-09-19,T+7,6314.0,6860.83,4850.0,141.46,41.46,,,
740,2026-09-12 05:04:49,BLR,DEL,2026-09-19,T+7,8259.0,9205.28,5200.0,177.02,77.02,,,
741,2026-09-12 05:05:12,BLR,BOM,2026-09-27,T+15,4164.0,7308.52,3950.0,185.03,85.03,,,
742,2026-09-12 05:05:36,DEL,CCU,2026-09-19,T+7,7271.0,9424.56,4750.0,198.41,98.41,,,
743,2026-09-12 05:06:00,DEL,HYD,2026-09-27,T+15,8510.0,9612.62,4600.0,208.97,108.97,,,
744,2026-09-12 05:06:23,DEL,PNQ,2026-09-13,T+1,6929.0,8072.77,4900.0,164.75,64.75,,,
745,2026-09-12 05:06:47,BOM,GOI,2026-09-27,T+15,3964.0,5165.11,3100.0,166.62,66.62,,,
746,2026-09-12 05:07:10,BOM,MAA,2026-09-13,T+1,6546.0,6808.03,4200.0,162.1,62.1,,,
747,2026-09-12 05:07:35,AMD,DEL,2026-09-27,T+15,5985.0,10599.08,3400.0,311.74,211.74,,,
748,2026-09-12 05:07:59,BLR,HYD,2026-09-13,T+1,4987.0,7022.76,2950.0,238.06,138.06,,,
749,2026-09-12 05:08:22,DEL,SXR,2026-09-19,T+7,6846.0,9191.01,4100.0,224.17,124.17,,,
750,2026-09-12 05:08:45,DEL,GAU,2026-09-27,T+15,8020.0,8387.12,4750.0,176.57,76.57,,,
751,2026-09-12 05:09:09,CCU,GAU,2026-09-19,T+7,5250.0,6031.6,2650.0,227.61,127.61,,,
752,2026-09-12 05:09:33,DEL,IXZ,2026-09-13,T+1,14657.0,19253.11,6400.0,300.83,200.83,,,
753,2026-09-12 05:09:56,DEL,IXL,2026-09-13,T+1,7762.0,8831.4,4750.0,185.92,85.92,,,
754,2026-09-12 05:10:19,DEL,COK,2026-09-13,T+1,10715.0,15202.77,5450.0,278.95,178.95,,,
755,2026-09-12 05:10:43,DEL,PAT,2026-09-13,T+1,6217.0,6363.23,3650.0,174.34,74.34,,,
756,2026-09-12 05:11:08,DEL,LKO,2026-09-27,T+15,3955.0,6368.21,2950.0,215.87,115.87,,,
757,2026-09-12 05:11:32,BOM,JAI,2026-09-27,T+15,6994.0,7704.43,3650.0,211.08,111.08,,,
758,2026-09-12 05:11:56,BOM,AMD,2026-09-13,T+1,4584.0,4882.7,2450.0,199.29,99.29,,,
759,2026-09-12 05:12:20,MAA,BLR,2026-09-13,T+1,3751.0,4355.62,2250.0,193.58,93.58,,,
760,2026-09-12 05:12:43,DEL,BBI,2026-09-27,T+15,9145.0,16821.38,4150.0,405.33,305.33,,,
761,2026-09-12 05:13:08,DEL,ATQ,2026-09-27,T+15,3695.0,30055.99,2650.0,1134.19,1034.19,,,
762,2026-09-12 05:13:32,DEL,IDR,2026-09-27,T+15,6109.0,7399.58,3050.0,242.61,142.61,,,
763,2026-09-12 05:13:55,BOM,COK,2026-09-13,T+1,7144.0,7535.98,4250.0,177.32,77.32,,,
764,2026-09-12 05:14:19,DEL,BOM,2026-09-19,T+7,6425.0,6954.29,4850.0,143.39,43.39,,,
765,2026-09-12 05:15:02,DEL,BOM,2026-09-19,T+7,6425.0,7019.48,4850.0,144.73,44.73,,,
766,2026-09-12 05:15:26,BLR,DEL,2026-09-27,T+15,8259.0,9700.64,5200.0,186.55,86.55,,,
767,2026-09-12 05:15:50,BLR,BOM,2026-09-27,T+15,4164.0,7268.95,3950.0,184.02,84.02,,,
768,2026-09-12 05:16:03,DEL,BOM,2026-09-13,T+1,6425.0,7042.92,4850.0,145.21,45.21,130.8,2.37,32.0
769,2026-09-12 05:16:16,DEL,CCU,2026-09-27,T+15,7271.0,8902.05,4750.0,187.41,87.41,,,
770,2026-09-12 05:16:40,DEL,HYD,2026-09-19,T+7,8711.0,9229.87,4600.0,200.65,100.65,,,
771,2026-09-12 05:16:53,DEL,BOM,2026-09-13,T+1,6425.0,7042.92,4850.0,145.21,45.21,134.06,2.62,32.0
772,2026-09-12 05:17:09,DEL,PNQ,2026-09-27,T+15,6929.0,10186.6,4900.0,207.89,107.89,,,
773,2026-09-12 05:17:32,BOM,GOI,2026-09-13,T+1,5854.0,9907.25,3100.0,319.59,219.59,,,
774,2026-09-12 05:17:45,DEL,BOM,2026-09-13,T+1,6425.0,7042.92,4850.0,145.21,45.21,140.78,3.14,31.0
775,2026-09-12 05:17:58,BOM,MAA,2026-09-27,T+15,6358.0,7199.09,4200.0,171.41,71.41,,,
776,2026-09-12 05:18:22,AMD,DEL,2026-09-27,T+15,5985.0,10599.08,3400.0,311.74,211.74,,,
777,2026-09-12 05:18:46,BLR,HYD,2026-09-13,T+1,4987.0,7022.76,2950.0,238.06,138.06,,,
778,2026-09-12 05:18:58,DEL,BOM,2026-09-13,T+1,6425.0,7042.92,4850.0,145.21,45.21,149.02,3.77,31.0
779,2026-09-12 05:19:11,DEL,SXR,2026-09-19,T+7,6846.0,9191.01,4100.0,224.17,124.17,,,
780,2026-09-12 05:19:36,DEL,GAU,2026-09-19,T+7,7819.0,8302.04,4750.0,174.78,74.78,,,
781,2026-09-12 05:20:00,CCU,GAU,2026-09-19,T+7,5250.0,6031.6,2650.0,227.61,127.61,,,
782,2026-09-12 05:20:25,DEL,IXZ,2026-09-13,T+1,14657.0,19253.11,6400.0,300.83,200.83,,,
783,2026-09-12 05:20:44,DEL,IXL,2026-09-27,T+15,7738.0,7935.43,4750.0,167.06,67.06,,,
784,2026-09-12 05:21:11,DEL,COK,2026-09-27,T+15,13272.0,15873.49,5450.0,291.26,191.26,,,
785,2026-09-12 05:21:36,DEL,PAT,2026-09-19,T+7,6217.0,6747.61,3650.0,184.87,84.87,,,
786,2026-09-12 05:22:00,DEL,LKO,2026-09-19,T+7,3955.0,6567.65,2950.0,222.63,122.63,,,
787,2026-09-12 05:22:24,BOM,JAI,2026-09-19,T+7,6994.0,9246.16,3650.0,253.32,153.32,,,
788,2026-09-12 05:22:48,BOM,AMD,2026-09-13,T+1,4584.0,4928.87,2450.0,201.18,101.18,,,
789,2026-09-12 05:23:12,MAA,BLR,2026-09-27,T+15,4293.0,9492.39,2250.0,421.88,321.88,,,
790,2026-09-12 05:23:36,DEL,BBI,2026-09-27,T+15,9145.0,16821.38,4150.0,405.33,305.33,,,
791,2026-09-12 05:24:00,DEL,ATQ,2026-09-27,T+15,3695.0,30055.99,2650.0,1134.19,1034.19,,,
792,2026-09-12 05:24:24,DEL,IDR,2026-09-27,T+15,6109.0,7399.58,3050.0,242.61,142.61,,,
793,2026-09-12 05:24:47,BOM,COK,2026-09-13,T+1,7144.0,7535.98,4250.0,177.32,77.32,,,
794,2026-09-12 05:25:13,DEL,BOM,2026-09-19,T+7,6425.0,7092.1,4850.0,146.23,46.23,,,
795,2026-09-12 05:25:37,BLR,DEL,2026-09-19,T+7,8259.0,9205.28,5200.0,177.02,77.02,,,
796,2026-09-12 05:26:01,BLR,BOM,2026-09-13,T+1,6559.0,7213.74,3950.0,182.63,82.63,,,
797,2026-09-12 05:26:26,DEL,CCU,2026-09-27,T+15,7271.0,8922.44,4750.0,187.84,87.84,,,
798,2026-09-12 05:26:50,DEL,HYD,2026-09-27,T+15,8510.0,9612.62,4600.0,208.97,108.97,,,
799,2026-09-12 05:27:14,DEL,PNQ,2026-09-19,T+7,6929.0,7841.77,4900.0,160.04,60.04,,,
800,2026-09-12 05:27:38,BOM,GOI,2026-09-27,T+15,3964.0,5165.11,3100.0,166.62,66.62,,,
801,2026-09-12 05:28:02,BOM,MAA,2026-09-19,T+7,6546.0,9420.13,4200.0,224.29,124.29,,,
802,2026-09-12 05:28:26,AMD,DEL,2026-09-19,T+7,5985.0,11010.83,3400.0,323.85,223.85,,,
803,2026-09-12 05:28:51,BLR,HYD,2026-09-19,T+7,5358.0,7970.13,2950.0,270.17,170.17,,,
804,2026-09-12 05:29:15,DEL,SXR,2026-09-13,T+1,6608.0,7848.81,4100.0,191.43,91.43,,,
805,2026-09-12 05:29:39,DEL,GAU,2026-09-13,T+1,8069.0,9160.18,4750.0,192.85,92.85,,,
806,2026-09-12 05:30:05,CCU,GAU,2026-09-19,T+7,5250.0,6031.6,2650.0,227.61,127.61,,,
807,2026-09-12 05:30:28,DEL,IXZ,2026-09-19,T+7,17187.0,19180.57,6400.0,299.7,199.7,,,
808,2026-09-12 05:30:52,DEL,IXL,2026-09-27,T+15,7738.0,7935.43,4750.0,167.06,67.06,,,
809,2026-09-12 05:31:16,DEL,COK,2026-09-27,T+15,13272.0,15873.49,5450.0,291.26,191.26,,,
810,2026-09-12 05:31:40,DEL,PAT,2026-09-19,T+7,6217.0,6747.61,3650.0,184.87,84.87,,,
811,2026-09-12 05:32:06,DEL,LKO,2026-09-13,T+1,3955.0,7467.88,2950.0,253.15,153.15,,,
812,2026-09-12 05:32:30,BOM,JAI,2026-09-13,T+1,6895.0,8785.17,3650.0,240.69,140.69,,,
813,2026-09-12 05:32:55,BOM,AMD,2026-09-13,T+1,4584.0,4928.87,2450.0,201.18,101.18,,,
814,2026-09-12 05:33:18,MAA,BLR,2026-09-27,T+15,4293.0,9492.39,2250.0,421.88,321.88,,,
815,2026-09-12 05:33:41,DEL,BBI,2026-09-19,T+7,10156.0,12412.49,4150.0,299.1,199.1,,,
816,2026-09-12 05:34:05,DEL,ATQ,2026-09-19,T+7,3695.0,18623.26,2650.0,702.76,602.76,,,
817,2026-09-12 05:34:28,DEL,IDR,2026-09-13,T+1,6109.0,6906.41,3050.0,226.44,126.44,,,
818,2026-09-12 05:34:44,DEL,BOM,2026-09-13,T+1,6425.0,7042.92,4850.0,145.21,45.21,162.13,4.78,31.0
819,2026-09-12 05:34:55,BOM,COK,2026-09-27,T+15,7144.0,7394.26,4250.0,173.98,73.98,,,
820,2026-09-12 05:35:20,DEL,BOM,2026-09-27,T+15,6425.0,6856.53,4850.0,141.37,41.37,,,
821,2026-09-12 05:35:45,BLR,DEL,2026-09-27,T+15,8259.0,9691.23,5200.0,186.37,86.37,,,
822,2026-09-12 05:36:09,BLR,BOM,2026-09-27,T+15,4164.0,7268.95,3950.0,184.02,84.02,,,
823,2026-09-12 05:36:37,DEL,CCU,2026-09-19,T+7,7271.0,9424.56,4750.0,198.41,98.41,,,
824,2026-09-12 05:37:01,DEL,HYD,2026-09-19,T+7,8711.0,9229.87,4600.0,200.65,100.65,,,
825,2026-09-12 05:37:25,DEL,PNQ,2026-09-19,T+7,6929.0,7841.77,4900.0,160.04,60.04,,,
826,2026-09-12 05:37:31,DEL,BOM,2026-09-13,T+1,6425.0,7042.92,4850.0,145.21,45.21,167.27,5.18,31.0
827,2026-09-12 05:37:52,BOM,GOI,2026-09-19,T+7,3964.0,6215.19,3100.0,200.49,100.49,,,
828,2026-09-12 05:38:17,BOM,MAA,2026-09-19,T+7,6546.0,9299.88,4200.0,221.43,121.43,,,
829,2026-09-12 05:39:11,AMD,DEL,2026-09-19,T+7,8410.0,9299.07,3400.0,273.5,173.5,,,
830,2026-09-12 05:39:44,BLR,HYD,2026-09-19,T+7,4613.0,8405.43,2950.0,284.93,184.93,,,
831,2026-09-12 05:40:08,DEL,SXR,2026-09-27,T+15,6846.0,7893.89,4100.0,192.53,92.53,,,
832,2026-09-12 05:40:32,DEL,GAU,2026-09-13,T+1,8069.0,9160.18,4750.0,192.85,92.85,,,
833,2026-09-12 05:40:56,CCU,GAU,2026-09-13,T+1,4850.0,7877.5,2650.0,297.26,197.26,,,
834,2026-09-12 05:41:20,DEL,IXZ,2026-09-13,T+1,14657.0,19253.11,6400.0,300.83,200.83,,,
835,2026-09-12 05:41:44,DEL,IXL,2026-09-13,T+1,7738.0,8843.03,4750.0,186.17,86.17,,,
836,2026-09-12 05:42:18,DEL,COK,2026-09-19,T+7,10715.0,16108.79,5450.0,295.57,195.57,,,
837,2026-09-12 05:42:43,DEL,PAT,2026-09-19,T+7,6217.0,6747.61,3650.0,184.87,84.87,,,
838,2026-09-12 05:43:10,DEL,LKO,2026-09-13,T+1,3955.0,7467.88,2950.0,253.15,153.15,,,
839,2026-09-12 05:43:34,BOM,JAI,2026-09-19,T+7,6994.0,9246.16,3650.0,253.32,153.32,,,
840,2026-09-12 05:43:59,BOM,AMD,2026-09-27,T+15,4634.0,6139.47,2450.0,250.59,150.59,,,
841,2026-09-12 05:44:23,MAA,BLR,2026-09-19,T+7,4293.0,6238.38,2250.0,277.26,177.26,,,
842,2026-09-12 05:44:46,DEL,BBI,2026-09-27,T+15,9145.0,16821.38,4150.0,405.33,305.33,,,
843,2026-09-12 05:45:10,DEL,ATQ,2026-09-27,T+15,3695.0,30350.27,2650.0,1145.29,1045.29,,,
844,2026-09-12 05:45:34,DEL,IDR,2026-09-13,T+1,6109.0,6906.41,3050.0,226.44,126.44,,,
845,2026-09-12 05:46:00,BOM,COK,2026-09-19,T+7,7144.0,7402.27,4250.0,174.17,74.17,,,
846,2026-09-12 05:48:13,DEL,BOM,2026-09-27,T+15,6425.0,6865.17,4850.0,141.55,41.55,,,
847,2026-09-12 05:48:19,DEL,BOM,2026-09-13,T+1,6425.0,7027.17,4850.0,144.89,44.89,126.77,2.06,51.0
848,2026-09-12 05:48:38,BLR,DEL,2026-09-27,T+15,8259.0,9691.23,5200.0,186.37,86.37,,,
849,2026-09-12 05:49:02,BLR,BOM,2026-09-13,T+1,6559.0,7238.48,3950.0,183.25,83.25,,,
850,2026-09-12 05:49:26,DEL,CCU,2026-09-19,T+7,7271.0,9424.56,4750.0,198.41,98.41,,,
851,2026-09-12 05:49:50,DEL,HYD,2026-09-13,T+1,7884.0,8736.73,4600.0,189.93,89.93,,,
852,2026-09-12 05:50:14,DEL,PNQ,2026-09-27,T+15,6929.0,10134.94,4900.0,206.84,106.84,,,
853,2026-09-12 05:50:37,BOM,GOI,2026-09-19,T+7,3964.0,6258.94,3100.0,201.9,101.9,,,
854,2026-09-12 05:51:01,BOM,MAA,2026-09-27,T+15,6358.0,7199.09,4200.0,171.41,71.41,,,
855,2026-09-12 05:51:27,AMD,DEL,2026-09-27,T+15,5985.0,10407.64,3400.0,306.11,206.11,,,
856,2026-09-12 05:51:51,BLR,HYD,2026-09-19,T+7,4613.0,8405.43,2950.0,284.93,184.93,,,
857,2026-09-12 05:52:15,DEL,SXR,2026-09-19,T+7,6846.0,9191.01,4100.0,224.17,124.17,,,
858,2026-09-12 05:52:39,DEL,GAU,2026-09-27,T+15,8020.0,8387.12,4750.0,176.57,76.57,,,
859,2026-09-12 05:52:46,DEL,BOM,2026-09-13,T+1,6314.0,7024.36,4850.0,144.83,44.83,147.93,3.69,52.0
860,2026-09-12 05:53:05,CCU,GAU,2026-09-27,T+15,4850.0,5842.33,2650.0,220.47,120.47,,,
861,2026-09-12 05:53:30,DEL,IXZ,2026-09-19,T+7,17187.0,19180.57,6400.0,299.7,199.7,,,
862,2026-09-12 05:53:53,DEL,IXL,2026-09-19,T+7,10743.0,12853.6,4750.0,270.6,170.6,,,
863,2026-09-12 05:54:18,DEL,COK,2026-09-13,T+1,10715.0,15570.62,5450.0,285.7,185.7,,,
864,2026-09-12 05:54:24,DEL,BOM,2026-09-13,T+1,6314.0,7022.43,4850.0,144.79,44.79,152.09,4.01,52.0
865,2026-09-12 05:54:42,DEL,PAT,2026-09-27,T+15,6217.0,6511.9,3650.0,178.41,78.41,,,
866,2026-09-12 05:55:06,DEL,LKO,2026-09-13,T+1,3955.0,7467.88,2950.0,253.15,153.15,,,
867,2026-09-12 05:55:31,BOM,JAI,2026-09-19,T+7,6994.0,9246.16,3650.0,253.32,153.32,,,
868,2026-09-12 05:55:59,BOM,AMD,2026-09-27,T+15,4634.0,6139.47,2450.0,250.59,150.59,,,
869,2026-09-12 05:56:24,MAA,BLR,2026-09-19,T+7,4293.0,6338.7,2250.0,281.72,181.72,,,
870,2026-09-12 05:57:09,DEL,BBI,2026-09-27,T+15,6800.0,7387.61,4150.0,178.01,78.01,,,
871,2026-09-12 05:57:34,DEL,ATQ,2026-09-13,T+1,3695.0,27192.22,2650.0,1026.12,926.12,,,
872,2026-09-12 05:57:59,DEL,IDR,2026-09-13,T+1,6109.0,6906.41,3050.0,226.44,126.44,,,
873,2026-09-12 05:58:23,BOM,COK,2026-09-27,T+15,7144.0,7394.26,4250.0,173.98,73.98,,,
874,2026-09-12 05:58:49,DEL,BOM,2026-09-27,T+15,6314.0,6839.34,4850.0,141.02,41.02,,,
875,2026-09-12 05:59:14,BLR,DEL,2026-09-13,T+1,8259.0,8673.17,5200.0,166.79,66.79,,,
876,2026-09-12 05:59:39,BLR,BOM,2026-09-19,T+7,5529.0,6845.2,3950.0,173.3,73.3,,,
877,2026-09-12 06:00:06,DEL,CCU,2026-09-13,T+1,7271.0,8916.17,4750.0,187.71,87.71,,,
878,2026-09-12 06:00:30,DEL,HYD,2026-09-13,T+1,7884.0,8728.7,4600.0,189.75,89.75,,,
879,2026-09-12 06:00:55,DEL,PNQ,2026-09-27,T+15,6929.0,10134.94,4900.0,206.84,106.84,,,
880,2026-09-12 06:01:24,BOM,GOI,2026-09-19,T+7,3964.0,6258.94,3100.0,201.9,101.9,,,
881,2026-09-12 06:01:49,BOM,MAA,2026-09-13,T+1,6546.0,6808.03,4200.0,162.1,62.1,,,
882,2026-09-12 06:02:14,AMD,DEL,2026-09-13,T+1,5985.0,14763.98,3400.0,434.23,334.23,,,
883,2026-09-12 06:02:38,BLR,HYD,2026-09-19,T+7,4613.0,8245.85,2950.0,279.52,179.52,,,
884,2026-09-12 06:03:05,DEL,SXR,2026-09-13,T+1,6608.0,8003.09,4100.0,195.2,95.2,,,
885,2026-09-12 06:03:22,DEL,BOM,2026-09-13,T+1,6314.0,7041.36,4850.0,145.18,45.18,162.97,4.85,52.0
886,2026-09-12 06:03:29,DEL,GAU,2026-09-13,T+1,8069.0,9160.18,4750.0,192.85,92.85,,,
887,2026-09-12 06:04:00,CCU,GAU,2026-09-13,T+1,4850.0,8060.83,2650.0,304.18,204.18,,,
888,2026-09-12 06:04:14,DEL,BOM,2026-09-13,T+1,6314.0,7041.36,4850.0,145.18,45.18,162.37,4.8,52.0
889,2026-09-12 06:04:42,DEL,IXZ,2026-09-19,T+7,17187.0,19180.57,6400.0,299.7,199.7,,,
890,2026-09-12 06:05:33,DEL,IXL,2026-09-13,T+1,7738.0,8843.03,4750.0,186.17,86.17,,,
891,2026-09-12 06:06:04,DEL,COK,2026-09-27,T+15,13272.0,15873.49,5450.0,291.26,191.26,,,
892,2026-09-12 06:06:50,DEL,BOM,2026-09-27,T+15,6314.0,6792.07,4850.0,140.04,40.04,,,
893,2026-09-12 06:07:03,DEL,BOM,2026-09-13,T+1,6314.0,7041.36,4850.0,145.18,45.18,126.61,2.05,52.0
894,2026-09-12 06:07:10,BLR,DEL,2026-09-13,T+1,8259.0,8693.21,5200.0,167.18,67.18,,,
895,2026-09-12 06:07:39,BLR,BOM,2026-09-13,T+1,6559.0,7182.97,3950.0,181.85,81.85,,,
896,2026-09-12 06:08:07,DEL,CCU,2026-09-19,T+7,7271.0,9424.56,4750.0,198.41,98.41,,,
897,2026-09-12 06:08:32,DEL,HYD,2026-09-19,T+7,8711.0,9234.24,4600.0,200.74,100.74,,,
898,2026-09-12 06:08:58,DEL,PNQ,2026-09-19,T+7,6929.0,7837.92,4900.0,159.96,59.96,,,
899,2026-09-12 06:09:23,BOM,GOI,2026-09-13,T+1,5854.0,9907.25,3100.0,319.59,219.59,,,
900,2026-09-12 06:09:49,BOM,MAA,2026-09-19,T+7,6546.0,9299.88,4200.0,221.43,121.43,,,
901,2026-09-12 06:10:14,AMD,DEL,2026-09-27,T+15,5985.0,10407.64,3400.0,306.11,206.11,,,
902,2026-09-12 06:10:44,BLR,HYD,2026-09-13,T+1,4987.0,6903.57,2950.0,234.02,134.02,,,
903,2026-09-12 06:11:17,DEL,SXR,2026-09-13,T+1,6608.0,8003.09,4100.0,195.2,95.2,,,
904,2026-09-12 06:11:45,DEL,GAU,2026-09-27,T+15,8020.0,8387.12,4750.0,176.57,76.57,,,
905,2026-09-12 06:12:13,CCU,GAU,2026-09-27,T+15,4850.0,5842.33,2650.0,220.47,120.47,,,
906,2026-09-12 06:12:40,DEL,IXZ,2026-09-13,T+1,14657.0,19253.11,6400.0,300.83,200.83,,,
907,2026-09-12 06:13:04,DEL,IXL,2026-09-19,T+7,10743.0,12853.6,4750.0,270.6,170.6,,,
908,2026-09-12 06:13:34,DEL,COK,2026-09-27,T+15,13272.0,15873.49,5450.0,291.26,191.26,,,
909,2026-09-12 06:13:59,DEL,PAT,2026-09-27,T+15,6217.0,6511.9,3650.0,178.41,78.41,,,
910,2026-09-12 06:14:25,DEL,LKO,2026-09-27,T+15,3955.0,6368.21,2950.0,215.87,115.87,,,
911,2026-09-12 06:14:51,BOM,JAI,2026-09-13,T+1,6895.0,8907.86,3650.0,244.05,144.05,,,
912,2026-09-12 06:15:16,BOM,AMD,2026-09-13,T+1,4584.0,4917.83,2450.0,200.73,100.73,,,
913,2026-09-12 06:15:40,MAA,BLR,2026-09-27,T+15,4293.0,9775.16,2250.0,434.45,334.45,,,
914,2026-09-12 06:16:04,DEL,BBI,2026-09-19,T+7,10156.0,12412.49,4150.0,299.1,199.1,,,
915,2026-09-12 06:16:29,DEL,ATQ,2026-09-19,T+7,3695.0,18623.26,2650.0,702.76,602.76,,,
916,2026-09-12 06:16:53,DEL,IDR,2026-09-19,T+7,6109.0,6559.47,3050.0,215.06,115.06,,,
917,2026-09-12 06:17:17,BOM,COK,2026-09-27,T+15,7144.0,7394.26,4250.0,173.98,73.98,,,
918,2026-09-12 06:17:43,DEL,BOM,2026-09-19,T+7,6314.0,6849.19,4850.0,141.22,41.22,,,
919,2026-09-12 06:18:09,BLR,DEL,2026-09-19,T+7,8259.0,9212.78,5200.0,177.17,77.17,,,
920,2026-09-12 06:18:34,BLR,BOM,2026-09-27,T+15,4164.0,7283.79,3950.0,184.4,84.4,,,
921,2026-09-12 06:19:00,DEL,CCU,2026-09-19,T+7,7271.0,9424.56,4750.0,198.41,98.41,,,
922,2026-09-12 06:19:26,DEL,HYD,2026-09-13,T+1,7884.0,8728.7,4600.0,189.75,89.75,,,
923,2026-09-12 06:19:51,DEL,PNQ,2026-09-27,T+15,6929.0,10134.94,4900.0,206.84,106.84,,,
924,2026-09-12 06:20:17,BOM,GOI,2026-09-27,T+15,3964.0,5165.11,3100.0,166.62,66.62,,,
925,2026-09-12 06:20:45,BOM,MAA,2026-09-27,T+15,6358.0,7265.86,4200.0,173.0,73.0,,,
926,2026-09-12 06:21:10,AMD,DEL,2026-09-13,T+1,5985.0,14955.43,3400.0,439.87,339.87,,,
927,2026-09-12 06:21:36,BLR,HYD,2026-09-13,T+1,4987.0,6903.57,2950.0,234.02,134.02,,,
928,2026-09-12 06:22:01,DEL,SXR,2026-09-19,T+7,6846.0,9191.01,4100.0,224.17,124.17,,,
929,2026-09-12 06:22:27,DEL,GAU,2026-09-13,T+1,8069.0,9183.33,4750.0,193.33,93.33,,,
930,2026-09-12 06:22:54,CCU,GAU,2026-09-27,T+15,4850.0,5842.33,2650.0,220.47,120.47,,,
931,2026-09-12 06:23:20,DEL,IXZ,2026-09-19,T+7,17187.0,19180.57,6400.0,299.7,199.7,,,
932,2026-09-12 06:23:45,DEL,IXL,2026-09-13,T+1,7738.0,8843.03,4750.0,186.17,86.17,,,
933,2026-09-12 06:24:11,DEL,COK,2026-09-13,T+1,10715.0,15570.62,5450.0,285.7,185.7,,,
934,2026-09-12 06:24:36,DEL,PAT,2026-09-19,T+7,6217.0,6767.55,3650.0,185.41,85.41,,,
935,2026-09-12 06:25:00,DEL,LKO,2026-09-13,T+1,14840.0,16198.63,2950.0,549.11,449.11,,,
936,2026-09-12 06:25:27,BOM,JAI,2026-09-19,T+7,6994.0,9246.16,3650.0,253.32,153.32,,,
937,2026-09-12 06:25:52,BOM,AMD,2026-09-13,T+1,4584.0,4933.31,2450.0,201.36,101.36,,,
938,2026-09-12 06:26:17,MAA,BLR,2026-09-13,T+1,3751.0,4502.56,2250.0,200.11,100.11,,,
939,2026-09-12 06:26:44,DEL,BBI,2026-09-13,T+1,9145.0,16919.92,4150.0,407.71,307.71,,,
940,2026-09-12 06:27:10,DEL,ATQ,2026-09-19,T+7,3695.0,18623.26,2650.0,702.76,602.76,,,
941,2026-09-12 06:27:36,DEL,IDR,2026-09-13,T+1,6109.0,6906.41,3050.0,226.44,126.44,,,
942,2026-09-12 06:28:01,BOM,COK,2026-09-13,T+1,7144.0,7860.21,4250.0,184.95,84.95,,,
943,2026-09-12 06:28:27,DEL,BOM,2026-09-19,T+7,6314.0,6858.58,4850.0,141.41,41.41,,,
944,2026-09-12 06:28:52,BLR,DEL,2026-09-13,T+1,8259.0,8665.42,5200.0,166.64,66.64,,,
945,2026-09-12 06:29:20,BLR,BOM,2026-09-13,T+1,6559.0,7148.34,3950.0,180.97,80.97,,,
946,2026-09-12 06:29:45,DEL,CCU,2026-09-27,T+15,7271.0,8902.05,4750.0,187.41,87.41,,,
947,2026-09-12 06:30:10,DEL,HYD,2026-09-13,T+1,7884.0,8752.85,4600.0,190.28,90.28,,,
948,2026-09-12 06:30:35,DEL,PNQ,2026-09-27,T+15,6929.0,10134.94,4900.0,206.84,106.84,,,
949,2026-09-12 06:31:00,BOM,GOI,2026-09-13,T+1,5854.0,9846.04,3100.0,317.61,217.61,,,
950,2026-09-12 06:31:26,BOM,MAA,2026-09-13,T+1,6546.0,6808.03,4200.0,162.1,62.1,,,
951,2026-09-12 06:31:51,AMD,DEL,2026-09-13,T+1,5985.0,14955.43,3400.0,439.87,339.87,,,
952,2026-09-12 06:32:16,BLR,HYD,2026-09-13,T+1,4987.0,6903.57,2950.0,234.02,134.02,,,
953,2026-09-12 06:32:44,DEL,SXR,2026-09-13,T+1,6608.0,7856.62,4100.0,191.62,91.62,,,
954,2026-09-12 06:33:09,DEL,GAU,2026-09-27,T+15,8020.0,8387.12,4750.0,176.57,76.57,,,
955,2026-09-12 06:33:35,CCU,GAU,2026-09-13,T+1,4850.0,8160.83,2650.0,307.96,207.96,,,
956,2026-09-12 06:34:01,DEL,IXZ,2026-09-27,T+15,26669.0,26669.0,6400.0,416.7,316.7,,,
957,2026-09-12 06:34:38,DEL,IXL,2026-09-19,T+7,10743.0,12853.6,4750.0,270.6,170.6,,,
958,2026-09-12 06:35:03,DEL,COK,2026-09-13,T+1,10715.0,15202.77,5450.0,278.95,178.95,,,
959,2026-09-12 06:35:29,DEL,PAT,2026-09-13,T+1,6217.0,6362.43,3650.0,174.31,74.31,,,
960,2026-09-12 06:35:54,DEL,LKO,2026-09-27,T+15,3955.0,6368.21,2950.0,215.87,115.87,,,
961,2026-09-12 06:36:19,BOM,JAI,2026-09-13,T+1,6895.0,8980.77,3650.0,246.05,146.05,,,
962,2026-09-12 06:36:44,BOM,AMD,2026-09-19,T+7,4374.0,5515.09,2450.0,225.11,125.11,,,
963,2026-09-12 06:37:09,MAA,BLR,2026-09-13,T+1,3751.0,4502.56,2250.0,200.11,100.11,,,
964,2026-09-12 06:37:34,DEL,BBI,2026-09-27,T+15,9145.0,16821.38,4150.0,405.33,305.33,,,
965,2026-09-12 06:37:58,DEL,ATQ,2026-09-27,T+15,3695.0,30055.99,2650.0,1134.19,1034.19,,,
966,2026-09-12 06:38:23,DEL,IDR,2026-09-19,T+7,6109.0,6632.38,3050.0,217.46,117.46,,,
967,2026-09-12 06:38:47,BOM,COK,2026-09-13,T+1,7144.0,7807.86,4250.0,183.71,83.71,,,
968,2026-09-12 06:39:13,DEL,BOM,2026-09-13,T+1,6314.0,7064.15,4850.0,145.65,45.65,,,
969,2026-09-12 06:39:38,BLR,DEL,2026-09-13,T+1,8257.0,8627.18,5200.0,165.91,65.91,,,
970,2026-09-12 06:40:02,BLR,BOM,2026-09-19,T+7,5529.0,6845.2,3950.0,173.3,73.3,,,
971,2026-09-12 06:40:27,DEL,CCU,2026-09-19,T+7,7271.0,9432.85,4750.0,198.59,98.59,,,
972,2026-09-12 06:40:51,DEL,HYD,2026-09-19,T+7,8711.0,9299.75,4600.0,202.17,102.17,,,
973,2026-09-12 06:41:16,DEL,PNQ,2026-09-27,T+15,6929.0,10134.94,4900.0,206.84,106.84,,,
974,2026-09-12 06:41:40,BOM,GOI,2026-09-19,T+7,3964.0,6258.94,3100.0,201.9,101.9,,,
975,2026-09-12 06:42:05,BOM,MAA,2026-09-27,T+15,6358.0,7265.86,4200.0,173.0,73.0,,,
976,2026-09-12 06:42:30,AMD,DEL,2026-09-19,T+7,5985.0,11072.87,3400.0,325.67,225.67,,,
977,2026-09-12 06:42:54,BLR,HYD,2026-09-13,T+1,4987.0,6903.57,2950.0,234.02,134.02,,,
978,2026-09-12 06:43:19,DEL,SXR,2026-09-19,T+7,6846.0,9164.91,4100.0,223.53,123.53,,,
979,2026-09-12 06:43:44,DEL,GAU,2026-09-19,T+7,7819.0,8302.04,4750.0,174.78,74.78,,,
980,2026-09-12 06:44:08,CCU,GAU,2026-09-27,T+15,4850.0,5842.33,2650.0,220.47,120.47,,,
981,2026-09-12 06:44:32,DEL,IXZ,2026-09-27,T+15,26669.0,26669.0,6400.0,416.7,316.7,,,
982,2026-09-12 06:44:57,DEL,IXL,2026-09-27,T+15,7738.0,7935.43,4750.0,167.06,67.06,,,
983,2026-09-12 06:45:21,DEL,COK,2026-09-19,T+7,10715.0,15507.59,5450.0,284.54,184.54,,,
984,2026-09-12 06:45:46,DEL,PAT,2026-09-27,T+15,6217.0,6511.9,3650.0,178.41,78.41,,,
985,2026-09-12 06:46:11,DEL,LKO,2026-09-13,T+1,3955.0,7467.88,2950.0,253.15,153.15,,,
986,2026-09-12 06:46:36,BOM,JAI,2026-09-19,T+7,6994.0,9246.16,3650.0,253.32,153.32,,,
987,2026-09-12 06:47:00,BOM,AMD,2026-09-19,T+7,4374.0,5515.09,2450.0,225.11,125.11,,,
988,2026-09-12 06:47:24,MAA,BLR,2026-09-19,T+7,4293.0,6238.38,2250.0,277.26,177.26,,,
989,2026-09-12 06:47:48,DEL,BBI,2026-09-19,T+7,10156.0,12412.49,4150.0,299.1,199.1,,,
990,2026-09-12 06:48:14,DEL,ATQ,2026-09-19,T+7,3695.0,18623.26,2650.0,702.76,602.76,,,
991,2026-09-12 06:48:38,DEL,IDR,2026-09-19,T+7,6109.0,6632.38,3050.0,217.46,117.46,,,
992,2026-09-12 06:49:03,BOM,COK,2026-09-19,T+7,7144.0,7402.27,4250.0,174.17,74.17,,,
993,2026-09-12 06:49:28,DEL,BOM,2026-09-13,T+1,6314.0,6572.01,4850.0,135.51,35.51,,,
994,2026-09-12 06:49:54,BLR,DEL,2026-09-13,T+1,8257.0,8701.92,5200.0,167.34,67.34,,,
995,2026-09-12 06:50:18,BLR,BOM,2026-09-19,T+7,5529.0,6845.2,3950.0,173.3,73.3,,,
996,2026-09-12 06:50:43,DEL,CCU,2026-09-13,T+1,7271.0,8918.35,4750.0,187.75,87.75,,,
997,2026-09-12 06:51:09,DEL,HYD,2026-09-13,T+1,7884.0,8752.85,4600.0,190.28,90.28,,,
998,2026-09-12 06:51:33,DEL,PNQ,2026-09-19,T+7,6929.0,7865.85,4900.0,160.53,60.53,,,
999,2026-09-12 06:51:58,BOM,GOI,2026-09-13,T+1,5854.0,9846.04,3100.0,317.61,217.61,,,
1000,2026-09-12 06:52:23,BOM,MAA,2026-09-19,T+7,6546.0,9299.88,4200.0,221.43,121.43,,,
1001,2026-09-12 06:52:51,AMD,DEL,2026-09-13,T+1,5985.0,14880.82,3400.0,437.67,337.67,,,
1002,2026-09-12 06:53:19,BLR,HYD,2026-09-13,T+1,4987.0,6903.57,2950.0,234.02,134.02,,,
1003,2026-09-12 06:53:44,DEL,SXR,2026-09-19,T+7,6846.0,9164.91,4100.0,223.53,123.53,,,
1004,2026-09-12 06:54:10,DEL,GAU,2026-09-13,T+1,8069.0,9183.33,4750.0,193.33,93.33,,,
1005,2026-09-12 06:54:36,CCU,GAU,2026-09-13,T+1,4850.0,8444.17,2650.0,318.65,218.65,,,
1006,2026-09-12 06:55:01,DEL,IXZ,2026-09-27,T+15,26669.0,26669.0,6400.0,416.7,316.7,,,
1007,2026-09-12 06:55:27,DEL,IXL,2026-09-13,T+1,7738.0,8843.03,4750.0,186.17,86.17,,,
1008,2026-09-12 06:55:52,DEL,COK,2026-09-27,T+15,13272.0,15873.49,5450.0,291.26,191.26,,,
1009,2026-09-12 06:56:17,DEL,PAT,2026-09-19,T+7,6217.0,6794.29,3650.0,186.14,86.14,,,
1010,2026-09-12 06:56:43,DEL,LKO,2026-09-19,T+7,3905.0,6533.38,2950.0,221.47,121.47,,,
1011,2026-09-12 06:57:08,BOM,JAI,2026-09-27,T+15,6994.0,7704.43,3650.0,211.08,111.08,,,
1012,2026-09-12 06:57:34,BOM,AMD,2026-09-19,T+7,4374.0,5542.23,2450.0,226.21,126.21,,,
1013,2026-09-12 06:58:00,MAA,BLR,2026-09-27,T+15,4293.0,9775.16,2250.0,434.45,334.45,,,
1014,2026-09-12 06:58:26,DEL,BBI,2026-09-13,T+1,9145.0,10353.02,4150.0,249.47,149.47,,,
1015,2026-09-12 06:58:51,DEL,ATQ,2026-09-27,T+15,3695.0,30055.99,2650.0,1134.19,1034.19,,,
1016,2026-09-12 06:59:18,DEL,IDR,2026-09-27,T+15,6109.0,7399.58,3050.0,242.61,142.61,,,
1017,2026-09-12 06:59:43,BOM,COK,2026-09-27,T+15,7144.0,7394.26,4250.0,173.98,73.98,,,
1018,2026-09-12 07:00:11,DEL,BOM,2026-09-13,T+1,6314.0,6485.37,4850.0,133.72,33.72,,,
1019,2026-09-12 07:00:36,BLR,DEL,2026-09-27,T+15,8259.0,9677.69,5200.0,186.11,86.11,,,
1020,2026-09-12 07:01:03,BLR,BOM,2026-09-13,T+1,6559.0,7147.96,3950.0,180.96,80.96,,,
1021,2026-09-12 07:01:29,DEL,CCU,2026-09-27,T+15,7271.0,8902.05,4750.0,187.41,87.41,,,
1022,2026-09-12 07:01:55,DEL,HYD,2026-09-13,T+1,7884.0,8752.85,4600.0,190.28,90.28,,,
1023,2026-09-12 07:02:21,DEL,PNQ,2026-09-27,T+15,6929.0,10134.94,4900.0,206.84,106.84,,,
1024,2026-09-12 07:02:48,BOM,GOI,2026-09-13,T+1,6169.0,9882.49,3100.0,318.79,218.79,,,
1025,2026-09-12 07:03:15,BOM,MAA,2026-09-27,T+15,6358.0,7265.86,4200.0,173.0,73.0,,,
1026,2026-09-12 07:03:45,AMD,DEL,2026-09-19,T+7,5985.0,11072.87,3400.0,325.67,225.67,,,
1027,2026-09-12 09:28:01,BLR,HYD,2026-09-19,T+7,6200.0,6864.4,2950.0,232.69,132.69,,,
1028,2026-09-12 09:28:28,DEL,SXR,2026-09-27,T+15,6130.0,6768.18,4100.0,165.08,65.08,,,
1029,2026-09-12 09:28:47,DEL,GAU,2026-09-19,T+7,8080.0,8922.85,4750.0,187.85,87.85,,,
1030,2026-09-12 09:28:59,CCU,GAU,2026-09-27,T+15,6970.0,7485.2,2650.0,282.46,182.46,,,
1031,2026-09-12 09:29:18,DEL,IXZ,2026-09-27,T+15,6190.0,6853.25,6400.0,107.08,7.08,,,
1032,2026-09-12 09:29:37,DEL,IXL,2026-09-13,T+1,13850.0,15082.71,4750.0,317.53,217.53,,,
1033,2026-09-12 09:30:09,DEL,COK,2026-09-13,T+1,13930.0,15119.6,5450.0,277.42,177.42,,,
1034,2026-09-12 09:30:22,DEL,PAT,2026-09-27,T+15,6710.0,7254.45,3650.0,198.75,98.75,,,
1035,2026-09-12 09:30:51,DEL,LKO,2026-09-13,T+1,12720.0,13730.85,2950.0,465.45,365.45,,,
1036,2026-09-12 09:31:12,BOM,JAI,2026-09-19,T+7,6994.0,9246.16,3650.0,253.32,153.32,,,
1037,2026-09-12 09:31:37,BOM,AMD,2026-09-19,T+7,4374.0,5601.94,2450.0,228.65,128.65,,,
1038,2026-09-12 09:32:01,MAA,BLR,2026-09-13,T+1,3751.0,4329.06,2250.0,192.4,92.4,,,
1039,2026-09-12 09:32:25,DEL,BBI,2026-09-27,T+15,9145.0,18387.11,4150.0,443.06,343.06,,,
1040,2026-09-12 09:32:50,DEL,ATQ,2026-09-27,T+15,3695.0,30055.99,2650.0,1134.19,1034.19,,,
1041,2026-09-12 09:33:15,DEL,IDR,2026-09-19,T+7,6109.0,6608.31,3050.0,216.67,116.67,,,
1042,2026-09-12 09:33:40,BOM,COK,2026-09-19,T+7,7144.0,7460.23,4250.0,175.53,75.53,,,
1043,2026-09-12 09:34:05,DEL,BOM,2026-09-27,T+15,6314.0,6798.07,4850.0,140.17,40.17,,,
1044,2026-09-12 09:34:30,BLR,DEL,2026-09-19,T+7,8257.0,9180.5,5200.0,176.55,76.55,,,
1045,2026-09-12 09:34:55,BLR,BOM,2026-09-13,T+1,6559.0,7310.59,3950.0,185.08,85.08,,,
1046,2026-09-12 09:35:20,DEL,CCU,2026-09-27,T+15,7271.0,8924.63,4750.0,187.89,87.89,,,
1047,2026-09-12 09:35:45,DEL,HYD,2026-09-19,T+7,8711.0,9358.21,4600.0,203.44,103.44,,,
1048,2026-09-12 09:36:10,DEL,PNQ,2026-09-27,T+15,7139.0,10197.53,4900.0,208.11,108.11,,,
1049,2026-09-12 09:36:34,BOM,GOI,2026-09-19,T+7,4226.0,6309.9,3100.0,203.55,103.55,,,
1050,2026-09-12 09:36:59,BOM,MAA,2026-09-19,T+7,6546.0,9379.73,4200.0,223.33,123.33,,,
1051,2026-09-12 09:37:24,AMD,DEL,2026-09-19,T+7,5985.0,11089.52,3400.0,326.16,226.16,,,
1052,2026-09-12 09:37:49,BLR,HYD,2026-09-13,T+1,4473.0,7069.02,2950.0,239.63,139.63,,,
1053,2026-09-12 09:38:14,DEL,SXR,2026-09-27,T+15,6846.0,7862.75,4100.0,191.77,91.77,,,
1054,2026-09-12 09:38:38,DEL,GAU,2026-09-13,T+1,8069.0,9351.89,4750.0,196.88,96.88,,,
1055,2026-09-12 09:39:03,CCU,GAU,2026-09-27,T+15,4850.0,5842.33,2650.0,220.47,120.47,,,
1056,2026-09-12 09:39:27,DEL,IXZ,2026-09-19,T+7,17187.0,19180.57,6400.0,299.7,199.7,,,
1057,2026-09-12 09:39:52,DEL,IXL,2026-09-27,T+15,7738.0,7811.69,4750.0,164.46,64.46,,,
1058,2026-09-12 09:40:17,DEL,COK,2026-09-13,T+1,10715.0,15202.77,5450.0,278.95,178.95,,,
1059,2026-09-12 09:40:42,DEL,PAT,2026-09-13,T+1,6217.0,6356.41,3650.0,174.15,74.15,,,
1060,2026-09-12 09:41:07,DEL,LKO,2026-09-19,T+7,3905.0,6535.56,2950.0,221.54,121.54,,,
1061,2026-09-12 09:41:31,BOM,JAI,2026-09-13,T+1,6895.0,9274.46,3650.0,254.09,154.09,,,
1062,2026-09-12 09:41:56,BOM,AMD,2026-09-13,T+1,4584.0,5063.14,2450.0,206.66,106.66,,,
1063,2026-09-12 09:42:21,MAA,BLR,2026-09-19,T+7,4293.0,6238.38,2250.0,277.26,177.26,,,
1064,2026-09-12 09:42:46,DEL,BBI,2026-09-27,T+15,9145.0,18387.11,4150.0,443.06,343.06,,,
1065,2026-09-12 09:43:10,DEL,ATQ,2026-09-19,T+7,3695.0,18623.26,2650.0,702.76,602.76,,,
1066,2026-09-12 09:43:35,DEL,IDR,2026-09-13,T+1,6109.0,6712.4,3050.0,220.08,120.08,,,
1067,2026-09-12 09:44:00,BOM,COK,2026-09-19,T+7,7144.0,7460.23,4250.0,175.53,75.53,,,
1068,2026-09-12 09:44:25,DEL,BOM,2026-09-13,T+1,6314.0,7081.75,4850.0,146.02,46.02,,,
1069,2026-09-12 09:44:51,BLR,DEL,2026-09-27,T+15,8259.0,9687.02,5200.0,186.29,86.29,,,
1070,2026-09-12 09:45:16,BLR,BOM,2026-09-27,T+15,4164.0,7263.06,3950.0,183.87,83.87,,,
1071,2026-09-12 09:45:41,DEL,CCU,2026-09-27,T+15,7271.0,8893.57,4750.0,187.23,87.23,,,
1072,2026-09-12 09:46:05,DEL,HYD,2026-09-27,T+15,8510.0,9640.17,4600.0,209.57,109.57,,,
1073,2026-09-12 09:46:30,DEL,PNQ,2026-09-13,T+1,6929.0,8104.59,4900.0,165.4,65.4,,,
1074,2026-09-12 09:46:55,BOM,GOI,2026-09-13,T+1,6169.0,9554.34,3100.0,308.2,208.2,,,
1075,2026-09-12 09:47:21,BOM,MAA,2026-09-13,T+1,6546.0,6645.66,4200.0,158.23,58.23,,,
1076,2026-09-12 09:47:46,AMD,DEL,2026-09-19,T+7,5985.0,11089.52,3400.0,326.16,226.16,,,
1077,2026-09-12 09:48:11,BLR,HYD,2026-09-19,T+7,5358.0,8056.02,2950.0,273.09,173.09,,,
1078,2026-09-12 09:48:36,DEL,SXR,2026-09-19,T+7,6846.0,9104.29,4100.0,222.06,122.06,,,
1079,2026-09-12 09:49:01,DEL,GAU,2026-09-19,T+7,7819.0,8371.48,4750.0,176.24,76.24,,,
1080,2026-09-12 09:49:26,CCU,GAU,2026-09-19,T+7,5250.0,6031.6,2650.0,227.61,127.61,,,
1081,2026-09-12 09:49:50,DEL,IXZ,2026-09-27,T+15,26669.0,26669.0,6400.0,416.7,316.7,,,
1082,2026-09-12 09:50:15,DEL,IXL,2026-09-13,T+1,7738.0,11700.08,4750.0,246.32,146.32,,,
1083,2026-09-12 09:50:40,DEL,COK,2026-09-19,T+7,10715.0,15602.91,5450.0,286.29,186.29,,,
1084,2026-09-12 11:13:10,DEL,PAT,2026-09-13,T+1,14360.0,15641.11,3650.0,428.52,328.52,,,
1085,2026-09-12 11:13:37,DEL,LKO,2026-09-13,T+1,3955.0,7206.74,2950.0,244.3,144.3,,,
1086,2026-09-12 11:14:02,BOM,JAI,2026-09-27,T+15,6994.0,7704.43,3650.0,211.08,111.08,,,
1087,2026-09-12 11:14:27,BOM,AMD,2026-09-27,T+15,4634.0,6162.56,2450.0,251.53,151.53,,,
1088,2026-09-12 11:14:54,MAA,BLR,2026-09-13,T+1,3751.0,4329.06,2250.0,192.4,92.4,,,
1089,2026-09-12 11:15:20,DEL,BBI,2026-09-13,T+1,9145.0,16878.26,4150.0,406.71,306.71,,,
1090,2026-09-12 11:15:45,DEL,ATQ,2026-09-27,T+15,3695.0,30055.99,2650.0,1134.19,1034.19,,,
1091,2026-09-12 11:16:10,DEL,IDR,2026-09-27,T+15,6109.0,7020.99,3050.0,230.2,130.2,,,
1092,2026-09-12 11:16:35,BOM,COK,2026-09-27,T+15,7144.0,7424.01,4250.0,174.68,74.68,,,
1093,2026-09-12 11:17:00,DEL,BOM,2026-09-19,T+7,6314.0,6843.96,4850.0,141.11,41.11,,,
1094,2026-09-12 11:17:26,BLR,DEL,2026-09-13,T+1,8257.0,8842.03,5200.0,170.04,70.04,,,
1095,2026-09-12 11:17:51,BLR,BOM,2026-09-19,T+7,6054.0,6942.0,3950.0,175.75,75.75,,,
1096,2026-09-12 11:18:19,DEL,CCU,2026-09-27,T+15,7271.0,8932.73,4750.0,188.06,88.06,,,
1097,2026-09-12 11:18:44,DEL,HYD,2026-09-19,T+7,8711.0,9424.36,4600.0,204.88,104.88,,,
1098,2026-09-12 11:19:09,DEL,PNQ,2026-09-27,T+15,7139.0,10156.58,4900.0,207.28,107.28,,,
1099,2026-09-12 11:19:35,BOM,GOI,2026-09-13,T+1,5446.0,8786.67,3100.0,283.44,183.44,,,
1100,2026-09-12 11:20:01,BOM,MAA,2026-09-19,T+7,6546.0,9212.17,4200.0,219.34,119.34,,,
1101,2026-09-12 11:20:26,AMD,DEL,2026-09-27,T+15,5985.0,10397.52,3400.0,305.81,205.81,,,
1102,2026-09-12 11:20:51,BLR,HYD,2026-09-13,T+1,5358.0,6911.72,2950.0,234.3,134.3,,,
1103,2026-09-12 11:21:16,DEL,SXR,2026-09-27,T+15,6846.0,7862.75,4100.0,191.77,91.77,,,
1104,2026-09-12 11:21:44,DEL,GAU,2026-09-27,T+15,8069.0,8365.62,4750.0,176.12,76.12,,,
1105,2026-09-12 11:22:08,CCU,GAU,2026-09-19,T+7,5250.0,6031.6,2650.0,227.61,127.61,,,
1106,2026-09-12 11:22:33,DEL,IXZ,2026-09-13,T+1,14657.0,19253.11,6400.0,300.83,200.83,,,
1107,2026-09-12 11:23:00,DEL,IXL,2026-09-13,T+1,7738.0,11734.97,4750.0,247.05,147.05,,,
1108,2026-09-12 11:23:26,DEL,COK,2026-09-27,T+15,12851.0,15751.09,5450.0,289.01,189.01,,,
1109,2026-09-12 11:23:51,DEL,PAT,2026-09-19,T+7,6217.0,6798.92,3650.0,186.27,86.27,,,
1110,2026-09-12 11:24:18,DEL,LKO,2026-09-13,T+1,3955.0,7206.74,2950.0,244.3,144.3,,,
1111,2026-09-12 11:24:43,BOM,JAI,2026-09-27,T+15,6994.0,7704.43,3650.0,211.08,111.08,,,
1112,2026-09-12 11:25:09,BOM,AMD,2026-09-27,T+15,4634.0,6162.56,2450.0,251.53,151.53,,,
1113,2026-09-12 11:25:35,MAA,BLR,2026-09-19,T+7,4293.0,6338.7,2250.0,281.72,181.72,,,
1114,2026-09-12 11:26:00,DEL,BBI,2026-09-19,T+7,10156.0,12529.14,4150.0,301.91,201.91,,,
1115,2026-09-12 11:26:25,DEL,ATQ,2026-09-19,T+7,3695.0,18623.26,2650.0,702.76,602.76,,,
1116,2026-09-12 11:26:50,DEL,IDR,2026-09-27,T+15,6109.0,7020.99,3050.0,230.2,130.2,,,
1117,2026-09-12 11:27:15,BOM,COK,2026-09-27,T+15,7144.0,7424.01,4250.0,174.68,74.68,,,
1118,2026-09-12 11:27:41,DEL,BOM,2026-09-27,T+15,6314.0,6791.45,4850.0,140.03,40.03,,,
1119,2026-09-12 11:28:07,BLR,DEL,2026-09-13,T+1,8257.0,8816.06,5200.0,169.54,69.54,,,
1120,2026-09-12 11:28:34,BLR,BOM,2026-09-19,T+7,6054.0,6910.04,3950.0,174.94,74.94,,,
1121,2026-09-12 11:29:00,DEL,CCU,2026-09-19,T+7,7271.0,9359.61,4750.0,197.04,97.04,,,
1122,2026-09-12 11:29:32,DEL,HYD,2026-09-19,T+7,8711.0,9424.36,4600.0,204.88,104.88,,,
1123,2026-09-12 11:29:57,DEL,PNQ,2026-09-13,T+1,6929.0,8015.11,4900.0,163.57,63.57,,,
1124,2026-09-12 11:30:22,BOM,GOI,2026-09-19,T+7,4226.0,6251.58,3100.0,201.66,101.66,,,
1125,2026-09-12 11:30:47,BOM,MAA,2026-09-13,T+1,6546.0,6633.47,4200.0,157.94,57.94,,,
1126,2026-09-12 11:31:12,AMD,DEL,2026-09-19,T+7,5985.0,11477.03,3400.0,337.56,237.56,,,
1127,2026-09-12 11:31:38,BLR,HYD,2026-09-19,T+7,5358.0,7907.75,2950.0,268.06,168.06,,,
1128,2026-09-12 11:32:03,DEL,SXR,2026-09-27,T+15,6846.0,7862.75,4100.0,191.77,91.77,,,
1129,2026-09-12 11:32:28,DEL,GAU,2026-09-27,T+15,8069.0,8365.62,4750.0,176.12,76.12,,,
1130,2026-09-12 11:32:53,CCU,GAU,2026-09-19,T+7,5250.0,6031.6,2650.0,227.61,127.61,,,
1131,2026-09-12 11:33:18,DEL,IXZ,2026-09-19,T+7,17187.0,19180.57,6400.0,299.7,199.7,,,
1132,2026-09-12 11:33:43,DEL,IXL,2026-09-13,T+1,7738.0,11700.08,4750.0,246.32,146.32,,,
1133,2026-09-12 11:34:08,DEL,COK,2026-09-13,T+1,10715.0,15202.77,5450.0,278.95,178.95,,,
1134,2026-09-12 11:34:34,DEL,PAT,2026-09-19,T+7,6217.0,6798.92,3650.0,186.27,86.27,,,
1135,2026-09-12 11:34:59,DEL,LKO,2026-09-27,T+15,3955.0,6352.16,2950.0,215.33,115.33,,,
1136,2026-09-12 11:35:25,BOM,JAI,2026-09-27,T+15,6994.0,7704.43,3650.0,211.08,111.08,,,
1137,2026-09-12 11:35:50,BOM,AMD,2026-09-13,T+1,4584.0,5006.55,2450.0,204.35,104.35,,,
1138,2026-09-12 11:36:15,MAA,BLR,2026-09-19,T+7,4293.0,6338.7,2250.0,281.72,181.72,,,
1139,2026-09-12 11:36:40,DEL,BBI,2026-09-27,T+15,9145.0,18467.33,4150.0,445.0,345.0,,,
1140,2026-09-12 11:37:08,DEL,ATQ,2026-09-27,T+15,3695.0,30055.99,2650.0,1134.19,1034.19,,,
1141,2026-09-12 11:37:33,DEL,IDR,2026-09-27,T+15,6109.0,7020.99,3050.0,230.2,130.2,,,
1142,2026-09-12 11:37:58,BOM,COK,2026-09-19,T+7,7144.0,7402.27,4250.0,174.17,74.17,,,
1143,2026-09-12 11:38:23,DEL,BOM,2026-09-13,T+1,6314.0,7048.77,4850.0,145.34,45.34,,,
1144,2026-09-12 11:38:51,BLR,DEL,2026-09-19,T+7,8257.0,9188.64,5200.0,176.7,76.7,,,
1145,2026-09-12 11:39:17,BLR,BOM,2026-09-27,T+15,4164.0,7235.12,3950.0,183.17,83.17,,,
1146,2026-09-12 11:39:41,DEL,CCU,2026-09-27,T+15,7271.0,8932.73,4750.0,188.06,88.06,,,
1147,2026-09-12 11:40:09,DEL,HYD,2026-09-13,T+1,7884.0,8757.04,4600.0,190.37,90.37,,,
1148,2026-09-12 11:40:39,DEL,PNQ,2026-09-13,T+1,6929.0,8015.11,4900.0,163.57,63.57,,,
1149,2026-09-12 11:41:08,BOM,GOI,2026-09-13,T+1,5446.0,8786.67,3100.0,283.44,183.44,,,
1150,2026-09-12 11:41:33,BOM,MAA,2026-09-27,T+15,6358.0,7273.5,4200.0,173.18,73.18,,,
1151,2026-09-12 11:41:58,AMD,DEL,2026-09-13,T+1,5985.0,14921.03,3400.0,438.85,338.85,,,
1152,2026-09-12 11:42:23,BLR,HYD,2026-09-27,T+15,4288.0,7275.5,2950.0,246.63,146.63,,,
1153,2026-09-12 11:42:50,DEL,SXR,2026-09-13,T+1,6608.0,8222.65,4100.0,200.55,100.55,,,
1154,2026-09-12 11:43:16,DEL,GAU,2026-09-13,T+1,8069.0,9382.67,4750.0,197.53,97.53,,,
1155,2026-09-12 11:43:41,CCU,GAU,2026-09-13,T+1,5050.0,8782.5,2650.0,331.42,231.42,,,
1156,2026-09-12 11:44:08,DEL,IXZ,2026-09-13,T+1,15869.0,19623.52,6400.0,306.62,206.62,,,
1157,2026-09-12 11:44:33,DEL,IXL,2026-09-27,T+15,7738.0,7834.95,4750.0,164.95,64.95,,,
1158,2026-09-12 11:44:59,DEL,COK,2026-09-13,T+1,10715.0,15255.33,5450.0,279.91,179.91,,,
1159,2026-09-12 11:45:25,DEL,PAT,2026-09-27,T+15,6217.0,6536.47,3650.0,179.08,79.08,,,
1160,2026-09-12 11:45:51,DEL,LKO,2026-09-19,T+7,3905.0,6535.56,2950.0,221.54,121.54,,,
1161,2026-09-12 11:46:17,BOM,JAI,2026-09-13,T+1,6994.0,9378.38,3650.0,256.94,156.94,,,
1162,2026-09-12 11:46:42,BOM,AMD,2026-09-13,T+1,4584.0,5006.55,2450.0,204.35,104.35,,,
1163,2026-09-12 11:47:08,MAA,BLR,2026-09-27,T+15,4293.0,9635.51,2250.0,428.24,328.24,,,
1164,2026-09-12 11:47:33,DEL,BBI,2026-09-19,T+7,10156.0,12529.14,4150.0,301.91,201.91,,,
1165,2026-09-12 11:47:58,DEL,ATQ,2026-09-19,T+7,3695.0,18623.26,2650.0,702.76,602.76,,,
1166,2026-09-12 11:48:23,DEL,IDR,2026-09-19,T+7,6109.0,6608.31,3050.0,216.67,116.67,,,
1167,2026-09-12 11:48:49,BOM,COK,2026-09-19,T+7,7144.0,7402.27,4250.0,174.17,74.17,,,
1168,2026-09-12 11:49:14,DEL,BOM,2026-09-13,T+1,6314.0,7048.77,4850.0,145.34,45.34,,,
1169,2026-09-12 11:49:40,BLR,DEL,2026-09-19,T+7,8257.0,9188.64,5200.0,176.7,76.7,,,
1170,2026-09-12 11:50:05,BLR,BOM,2026-09-19,T+7,6054.0,6910.04,3950.0,174.94,74.94,,,
1171,2026-09-12 11:50:31,DEL,CCU,2026-09-13,T+1,7271.0,9093.33,4750.0,191.44,91.44,,,
1172,2026-09-12 11:50:57,DEL,HYD,2026-09-27,T+15,8510.0,9669.14,4600.0,210.2,110.2,,,
1173,2026-09-12 11:51:27,DEL,PNQ,2026-09-27,T+15,7139.0,10156.58,4900.0,207.28,107.28,,,
1174,2026-09-12 11:51:54,BOM,GOI,2026-09-19,T+7,4226.0,6251.58,3100.0,201.66,101.66,,,
1175,2026-09-12 11:52:20,BOM,MAA,2026-09-19,T+7,6546.0,9212.17,4200.0,219.34,119.34,,,
1176,2026-09-12 11:52:46,AMD,DEL,2026-09-27,T+15,5985.0,10603.55,3400.0,311.87,211.87,,,
1177,2026-09-12 11:53:12,BLR,HYD,2026-09-19,T+7,5358.0,7907.75,2950.0,268.06,168.06,,,
1178,2026-09-12 11:53:44,DEL,SXR,2026-09-19,T+7,6846.0,9062.9,4100.0,221.05,121.05,,,
1179,2026-09-12 17:03:55,DEL,GAU,2026-09-19,T+7,7819.0,8371.48,4750.0,176.24,76.24,,,
1180,2026-09-12 17:04:23,CCU,GAU,2026-09-19,T+7,5250.0,6031.6,2650.0,227.61,127.61,,,
1181,2026-09-12 17:04:49,DEL,IXZ,2026-09-27,T+15,17187.0,18255.65,6400.0,285.24,185.24,,,
1182,2026-09-12 17:05:15,DEL,IXL,2026-09-19,T+7,10743.0,12742.8,4750.0,268.27,168.27,,,
1183,2026-09-12 17:05:41,DEL,COK,2026-09-13,T+1,10715.0,15505.18,5450.0,284.5,184.5,,,
1184,2026-09-12 17:06:07,DEL,PAT,2026-09-13,T+1,6217.0,6478.25,3650.0,177.49,77.49,,,
1185,2026-09-12 17:06:33,DEL,LKO,2026-09-27,T+15,3955.0,6368.21,2950.0,215.87,115.87,,,
1186,2026-09-12 17:06:59,BOM,JAI,2026-09-27,T+15,6976.0,7684.87,3650.0,210.54,110.54,,,
1187,2026-09-12 17:07:25,BOM,AMD,2026-09-19,T+7,4374.0,5562.7,2450.0,227.05,127.05,,,
1188,2026-09-12 17:07:53,MAA,BLR,2026-09-13,T+1,3751.0,4384.69,2250.0,194.88,94.88,,,
1189,2026-09-12 17:08:19,DEL,BBI,2026-09-19,T+7,10156.0,12645.8,4150.0,304.72,204.72,,,
1190,2026-09-12 17:08:45,DEL,ATQ,2026-09-27,T+15,3695.0,30085.15,2650.0,1135.29,1035.29,,,
1191,2026-09-12 17:09:12,DEL,IDR,2026-09-19,T+7,6163.0,6644.76,3050.0,217.86,117.86,,,
1192,2026-09-12 17:09:38,BOM,COK,2026-09-19,T+7,7144.0,7522.74,4250.0,177.01,77.01,,,
1193,2026-09-12 17:10:05,DEL,BOM,2026-09-13,T+1,6425.0,7063.77,4850.0,145.64,45.64,,,
1194,2026-09-12 17:10:32,BLR,DEL,2026-09-13,T+1,8257.0,9889.13,5200.0,190.18,90.18,,,
1195,2026-09-12 17:10:58,BLR,BOM,2026-09-27,T+15,4164.0,7230.18,3950.0,183.04,83.04,,,
1196,2026-09-12 17:11:25,DEL,CCU,2026-09-27,T+15,7271.0,8910.15,4750.0,187.58,87.58,,,
1197,2026-09-12 17:11:52,DEL,HYD,2026-09-13,T+1,7884.0,8824.44,4600.0,191.84,91.84,,,
1198,2026-09-12 17:12:18,DEL,PNQ,2026-09-27,T+15,7139.0,10170.35,4900.0,207.56,107.56,,,
1199,2026-09-12 17:12:45,BOM,GOI,2026-09-13,T+1,6150.0,9972.23,3100.0,321.68,221.68,,,
1200,2026-09-12 17:13:11,BOM,MAA,2026-09-13,T+1,6546.0,6633.47,4200.0,157.94,57.94,,,
1201,2026-09-12 17:13:37,AMD,DEL,2026-09-27,T+15,5985.0,10412.75,3400.0,306.26,206.26,,,
1202,2026-09-12 17:14:03,BLR,HYD,2026-09-19,T+7,5358.0,7977.52,2950.0,270.42,170.42,,,
1203,2026-09-12 17:14:29,DEL,SXR,2026-09-13,T+1,6608.0,8113.37,4100.0,197.89,97.89,,,
1204,2026-09-12 17:15:00,DEL,GAU,2026-09-27,T+15,8069.0,8435.06,4750.0,177.58,77.58,,,
1205,2026-09-12 17:15:26,CCU,GAU,2026-09-27,T+15,4850.0,5842.33,2650.0,220.47,120.47,,,
1206,2026-09-12 17:15:52,DEL,IXZ,2026-09-19,T+7,17187.0,19180.57,6400.0,299.7,199.7,,,
1207,2026-09-12 17:16:19,DEL,IXL,2026-09-27,T+15,7738.0,7834.95,4750.0,164.95,64.95,,,
1208,2026-09-12 17:16:45,DEL,COK,2026-09-19,T+7,10715.0,15396.12,5450.0,282.5,182.5,,,
1209,2026-09-12 17:17:12,DEL,PAT,2026-09-27,T+15,6217.0,6550.04,3650.0,179.45,79.45,,,
1210,2026-09-12 17:17:39,DEL,LKO,2026-09-13,T+1,4116.0,8083.58,2950.0,274.02,174.02,,,
1211,2026-09-12 17:18:05,BOM,JAI,2026-09-13,T+1,7322.0,10673.19,3650.0,292.42,192.42,,,
1212,2026-09-12 17:18:31,BOM,AMD,2026-09-27,T+15,4634.0,6112.33,2450.0,249.48,149.48,,,
1213,2026-09-12 17:18:58,MAA,BLR,2026-09-27,T+15,4293.0,9270.04,2250.0,412.0,312.0,,,
1214,2026-09-12 17:19:25,DEL,BBI,2026-09-13,T+1,9145.0,16919.92,4150.0,407.71,307.71,,,
1215,2026-09-12 17:19:53,DEL,ATQ,2026-09-19,T+7,3695.0,18623.26,2650.0,702.76,602.76,,,
1216,2026-09-12 17:20:19,DEL,IDR,2026-09-27,T+15,6109.0,7037.04,3050.0,230.72,130.72,,,
1217,2026-09-12 17:20:46,BOM,COK,2026-09-19,T+7,7144.0,7522.74,4250.0,177.01,77.01,,,
1218,2026-09-12 17:21:16,DEL,BOM,2026-09-19,T+7,6314.0,6837.43,4850.0,140.98,40.98,,,
1219,2026-09-12 17:21:45,BLR,DEL,2026-09-27,T+15,8259.0,9777.57,5200.0,188.03,88.03,,,
1220,2026-09-12 17:22:15,BLR,BOM,2026-09-19,T+7,6128.0,6965.12,3950.0,176.33,76.33,,,
1221,2026-09-12 17:22:45,DEL,CCU,2026-09-13,T+1,7271.0,10425.41,4750.0,219.48,119.48,,,
1222,2026-09-12 17:23:15,DEL,HYD,2026-09-19,T+7,8720.0,9420.76,4600.0,204.8,104.8,,,
1223,2026-09-12 17:23:45,DEL,PNQ,2026-09-19,T+7,6929.0,7771.37,4900.0,158.6,58.6,,,
1224,2026-09-12 17:24:15,BOM,GOI,2026-09-19,T+7,4223.0,6223.85,3100.0,200.77,100.77,,,
1225,2026-09-12 17:24:44,BOM,MAA,2026-09-27,T+15,6358.0,7305.03,4200.0,173.93,73.93,,,
1226,2026-09-12 17:25:15,AMD,DEL,2026-09-13,T+1,6239.0,14671.84,3400.0,431.52,331.52,,,
1227,2026-09-12 17:25:44,BLR,HYD,2026-09-13,T+1,5358.0,7046.3,2950.0,238.86,138.86,,,
1228,2026-09-12 17:26:14,DEL,SXR,2026-09-19,T+7,6846.0,9062.9,4100.0,221.05,121.05,,,
1229,2026-09-12 17:26:43,DEL,GAU,2026-09-19,T+7,7819.0,8391.15,4750.0,176.66,76.66,,,
1230,2026-09-12 17:27:12,CCU,GAU,2026-09-27,T+15,4850.0,5842.33,2650.0,220.47,120.47,,,
1231,2026-09-12 17:27:41,DEL,IXZ,2026-09-19,T+7,17187.0,19180.57,6400.0,299.7,199.7,,,
1232,2026-09-12 17:29:58,DEL,COK,2026-09-13,T+1,10715.0,15505.18,5450.0,284.5,184.5,,,
1233,2026-09-12 17:30:29,DEL,PAT,2026-09-19,T+7,6217.0,6818.86,3650.0,186.82,86.82,,,
1234,2026-09-12 17:30:58,DEL,LKO,2026-09-27,T+15,3955.0,6368.21,2950.0,215.87,115.87,,,
1235,2026-09-12 17:31:27,BOM,JAI,2026-09-27,T+15,6976.0,7684.87,3650.0,210.54,110.54,,,
1236,2026-09-12 17:31:55,BOM,AMD,2026-09-27,T+15,4634.0,6112.33,2450.0,249.48,149.48,,,
1237,2026-09-12 17:32:24,MAA,BLR,2026-09-19,T+7,4293.0,6238.38,2250.0,277.26,177.26,,,
1238,2026-09-12 17:32:52,DEL,BBI,2026-09-13,T+1,9145.0,16919.92,4150.0,407.71,307.71,,,
1239,2026-09-12 17:33:21,DEL,ATQ,2026-09-27,T+15,3695.0,30085.15,2650.0,1135.29,1035.29,,,
1240,2026-09-12 17:33:50,DEL,IDR,2026-09-27,T+15,6109.0,7037.04,3050.0,230.72,130.72,,,
1241,2026-09-12 17:34:19,BOM,COK,2026-09-13,T+1,7144.0,7861.59,4250.0,184.98,84.98,,,
1242,2026-09-12 17:34:49,DEL,BOM,2026-09-13,T+1,6314.0,7060.73,4850.0,145.58,45.58,,,
1243,2026-09-12 17:35:19,BLR,DEL,2026-09-19,T+7,8257.0,9264.75,5200.0,178.17,78.17,,,
1244,2026-09-12 17:35:49,BLR,BOM,2026-09-13,T+1,6559.0,7501.88,3950.0,189.92,89.92,,,
1245,2026-09-12 17:36:17,DEL,CCU,2026-09-13,T+1,7271.0,10425.41,4750.0,219.48,119.48,,,
1246,2026-09-12 17:36:45,DEL,HYD,2026-09-27,T+15,8510.0,9686.29,4600.0,210.57,110.57,,,
1247,2026-09-12 17:37:14,DEL,PNQ,2026-09-13,T+1,6929.0,7744.54,4900.0,158.05,58.05,,,
1248,2026-09-12 17:37:41,BOM,GOI,2026-09-19,T+7,4223.0,6223.85,3100.0,200.77,100.77,,,
1249,2026-09-12 17:38:09,BOM,MAA,2026-09-13,T+1,6546.0,6633.47,4200.0,157.94,57.94,,,
1250,2026-09-12 17:38:37,AMD,DEL,2026-09-19,T+7,5985.0,11309.08,3400.0,332.62,232.62,,,
1251,2026-09-12 17:39:05,BLR,HYD,2026-09-19,T+7,5358.0,8013.62,2950.0,271.65,171.65,,,
1252,2026-09-12 17:39:33,DEL,SXR,2026-09-27,T+15,6846.0,7902.62,4100.0,192.75,92.75,,,
1253,2026-09-12 17:40:00,DEL,GAU,2026-09-13,T+1,8069.0,10150.73,4750.0,213.7,113.7,,,
1254,2026-09-12 17:40:27,CCU,GAU,2026-09-19,T+7,5250.0,6031.6,2650.0,227.61,127.61,,,
1255,2026-09-12 17:40:55,DEL,IXZ,2026-09-27,T+15,17187.0,18255.65,6400.0,285.24,185.24,,,
1256,2026-09-12 17:41:23,DEL,IXL,2026-09-13,T+1,7738.0,9944.95,4750.0,209.37,109.37,,,
1257,2026-09-12 17:42:15,DEL,BOM,2026-09-13,T+1,6314.0,7060.73,4850.0,145.58,45.58,,,
1258,2026-09-12 17:42:15,DEL,BOM,2026-09-13,T+1,6314.0,7060.73,4850.0,145.58,45.58,127.44,2.11,50.0
1259,2026-09-12 17:42:23,DEL,BOM,2026-09-13,T+1,6314.0,7060.73,4850.0,145.58,45.58,123.65,1.82,50.0
1260,2026-09-12 17:43:07,BLR,DEL,2026-09-13,T+1,8257.0,10069.9,5200.0,193.65,93.65,,,
1261,2026-09-12 17:44:10,BLR,BOM,2026-09-19,T+7,6054.0,6901.19,3950.0,174.71,74.71,,,
1262,2026-09-12 17:45:11,DEL,CCU,2026-09-13,T+1,7271.0,10157.76,4750.0,213.85,113.85,,,
1263,2026-09-12 17:46:14,DEL,HYD,2026-09-13,T+1,7884.0,8824.44,4600.0,191.84,91.84,,,
1264,2026-09-12 17:47:18,DEL,PNQ,2026-09-13,T+1,6929.0,7770.25,4900.0,158.58,58.58,,,
1265,2026-09-12 17:48:21,BOM,GOI,2026-09-13,T+1,6150.0,9826.41,3100.0,316.98,216.98,,,
1266,2026-09-12 17:49:25,BOM,MAA,2026-09-19,T+7,6546.0,9342.83,4200.0,222.45,122.45,,,
1267,2026-09-12 17:50:28,AMD,DEL,2026-09-27,T+15,5985.0,10604.19,3400.0,311.89,211.89,,,
1268,2026-09-12 17:51:29,BLR,HYD,2026-09-19,T+7,5358.0,8097.78,2950.0,274.5,174.5,,,
1269,2026-09-12 17:52:29,DEL,SXR,2026-09-27,T+15,6846.0,7902.62,4100.0,192.75,92.75,,,
1270,2026-09-12 17:53:31,DEL,GAU,2026-09-27,T+15,8069.0,8435.06,4750.0,177.58,77.58,,,
1271,2026-09-12 17:54:31,CCU,GAU,2026-09-19,T+7,5250.0,6031.6,2650.0,227.61,127.61,,,
1272,2026-09-12 17:54:51,DEL,BOM,2026-09-14,T+2,6314.0,7455.07,4850.0,153.71,53.71,142.4,3.26,54.0
1273,2026-09-12 17:55:32,DEL,IXZ,2026-09-19,T+7,17187.0,19180.57,6400.0,299.7,199.7,,,
1274,2026-09-12 17:56:05,DEL,BOM,2026-09-14,T+2,6314.0,7455.07,4850.0,153.71,53.71,142.6,3.28,54.0
1275,2026-09-12 17:56:36,DEL,IXL,2026-09-19,T+7,10743.0,12684.66,4750.0,267.05,167.05,,,
1276,2026-09-12 17:57:17,DEL,BOM,2026-09-13,T+1,6314.0,7066.57,4850.0,145.7,45.7,144.04,3.39,50.0
1277,2026-09-12 17:57:42,DEL,COK,2026-09-27,T+15,10715.0,15818.04,5450.0,290.24,190.24,,,
1278,2026-09-12 17:58:18,DEL,BOM,2026-09-19,T+7,6314.0,6845.7,4850.0,141.15,41.15,,,
1279,2026-09-12 17:58:22,DEL,BOM,2026-09-14,T+2,6314.0,7455.07,4850.0,153.71,53.71,124.97,1.92,54.0
1280,2026-09-12 17:59:04,DEL,BOM,2026-09-13,T+1,6314.0,7066.57,4850.0,145.7,45.7,124.97,1.92,50.0
1281,2026-09-12 17:59:28,BLR,DEL,2026-09-27,T+15,8259.0,9781.2,5200.0,188.1,88.1,,,
1282,2026-09-12 18:00:30,BLR,BOM,2026-09-19,T+7,6054.0,6903.36,3950.0,174.77,74.77,,,
1283,2026-09-12 18:01:33,DEL,CCU,2026-09-13,T+1,7271.0,10144.24,4750.0,213.56,113.56,,,
1284,2026-09-12 18:02:38,DEL,HYD,2026-09-27,T+15,8510.0,9690.5,4600.0,210.66,110.66,,,
1285,2026-09-12 18:03:40,DEL,PNQ,2026-09-19,T+7,6929.0,7771.37,4900.0,158.6,58.6,,,
1286,2026-09-12 18:04:41,BOM,GOI,2026-09-27,T+15,3964.0,5109.74,3100.0,164.83,64.83,,,
1287,2026-09-12 18:06:13,BOM,MAA,2026-09-27,T+15,6358.0,7305.03,4200.0,173.93,73.93,,,
1288,2026-09-12 18:07:14,AMD,DEL,2026-09-13,T+1,6239.0,16153.89,3400.0,475.11,375.11,,,
1289,2026-09-12 18:08:16,BLR,HYD,2026-09-27,T+15,4288.0,7159.74,2950.0,242.7,142.7,,,
1290,2026-09-12 18:09:18,DEL,SXR,2026-09-19,T+7,6846.0,9062.9,4100.0,221.05,121.05,,,
1291,2026-09-12 18:10:20,DEL,GAU,2026-09-27,T+15,8069.0,8435.06,4750.0,177.58,77.58,,,
1292,2026-09-12 18:11:21,CCU,GAU,2026-09-13,T+1,5250.0,8433.2,2650.0,318.23,218.23,,,
1293,2026-09-12 18:12:28,DEL,IXZ,2026-09-13,T+1,15869.0,19623.52,6400.0,306.62,206.62,,,
1294,2026-09-12 18:13:20,DEL,BOM,2026-09-15,T+3,6314.0,7111.14,4850.0,146.62,46.62,149.82,3.84,56.0
1295,2026-09-12 18:13:45,DEL,IXL,2026-09-13,T+1,7738.0,9944.95,4750.0,209.37,109.37,,,
1296,2026-09-12 18:14:47,DEL,COK,2026-09-13,T+1,10715.0,15505.18,5450.0,284.5,184.5,,,
1297,2026-09-12 18:15:48,DEL,PAT,2026-09-27,T+15,6217.0,6550.04,3650.0,179.45,79.45,,,
1298,2026-09-12 18:16:49,DEL,LKO,2026-09-19,T+7,3905.0,6535.56,2950.0,221.54,121.54,,,
1299,2026-09-12 18:17:51,BOM,JAI,2026-09-19,T+7,6976.0,9351.71,3650.0,256.21,156.21,,,
1300,2026-09-12 18:19:19,BOM,AMD,2026-09-19,T+7,4374.0,5562.7,2450.0,227.05,127.05,,,
1301,2026-09-12 18:20:20,MAA,BLR,2026-09-27,T+15,4293.0,9270.04,2250.0,412.0,312.0,,,
1302,2026-09-12 18:21:21,DEL,BBI,2026-09-27,T+15,9145.0,18467.33,4150.0,445.0,345.0,,,
1303,2026-09-12 18:23:05,BLR,DEL,2026-09-13,T+1,8257.0,9875.71,5200.0,189.92,89.92,,,
1304,2026-09-12 18:24:02,BLR,BOM,2026-09-27,T+15,4164.0,7301.13,3950.0,184.84,84.84,,,
1305,2026-09-12 18:24:59,DEL,CCU,2026-09-13,T+1,7271.0,10131.47,4750.0,213.29,113.29,,,
1306,2026-09-12 18:25:58,DEL,HYD,2026-09-27,T+15,8510.0,9690.5,4600.0,210.66,110.66,,,
1307,2026-09-12 18:26:55,DEL,PNQ,2026-09-13,T+1,6929.0,7944.15,4900.0,162.13,62.13,,,
1308,2026-09-12 18:27:52,BOM,GOI,2026-09-19,T+7,4223.0,6223.85,3100.0,200.77,100.77,,,
1309,2026-09-12 18:28:49,BOM,MAA,2026-09-13,T+1,6546.0,6633.47,4200.0,157.94,57.94,,,
1310,2026-09-12 18:29:46,AMD,DEL,2026-09-19,T+7,5985.0,11302.29,3400.0,332.42,232.42,,,
1311,2026-09-12 18:30:43,BLR,HYD,2026-09-14,T+1,5358.0,9823.79,2950.0,333.01,233.01,,,
1312,2026-09-12 18:31:40,DEL,SXR,2026-09-14,T+1,6846.0,8549.57,4100.0,208.53,108.53,,,
1313,2026-09-12 18:32:37,DEL,GAU,2026-09-20,T+7,8069.0,9831.33,4750.0,206.98,106.98,,,
1314,2026-09-12 18:33:36,CCU,GAU,2026-09-20,T+7,4700.0,5645.67,2650.0,213.04,113.04,,,
1315,2026-09-12 18:34:32,DEL,IXZ,2026-09-14,T+1,22909.0,23913.57,6400.0,373.65,273.65,,,
1316,2026-09-12 18:35:27,DEL,IXL,2026-09-28,T+15,7738.0,7782.8,4750.0,163.85,63.85,,,
1317,2026-09-12 18:36:24,DEL,COK,2026-09-14,T+1,10715.0,10905.28,5450.0,200.1,100.1,,,
1318,2026-09-12 18:37:20,DEL,PAT,2026-09-14,T+1,6249.0,6379.05,3650.0,174.77,74.77,,,
1319,2026-09-12 18:38:16,DEL,LKO,2026-09-28,T+15,3905.0,6233.17,2950.0,211.29,111.29,,,
1320,2026-09-12 18:39:12,BOM,JAI,2026-09-28,T+15,6976.0,7947.22,3650.0,217.73,117.73,,,
1321,2026-09-12 18:40:08,BOM,AMD,2026-09-20,T+7,4164.0,7777.59,2450.0,317.45,217.45,,,
1322,2026-09-12 18:41:04,MAA,BLR,2026-09-14,T+1,4293.0,4592.66,2250.0,204.12,104.12,,,
1323,2026-09-12 18:42:25,DEL,BOM,2026-09-14,T+1,6314.0,7471.68,4850.0,154.06,54.06,127.44,2.11,54.0
1324,2026-09-12 18:42:59,BLR,DEL,2026-09-14,T+1,8257.0,8348.35,5200.0,160.55,60.55,,,
1325,2026-09-12 18:43:10,DEL,BOM,2026-09-13,T+1,6425.0,7099.83,4850.0,146.39,46.39,125.36,1.95,51.0
1326,2026-09-12 18:43:25,DEL,BOM,2026-09-13,T+1,6425.0,7099.83,4850.0,146.39,46.39,125.36,1.95,51.0
1327,2026-09-12 18:43:57,BLR,BOM,2026-09-14,T+1,6128.0,7351.55,3950.0,186.12,86.12,,,
1328,2026-09-12 18:44:55,DEL,CCU,2026-09-20,T+7,7271.0,9345.09,4750.0,196.74,96.74,,,
1329,2026-09-12 18:45:53,DEL,HYD,2026-09-14,T+1,8510.0,9530.18,4600.0,207.18,107.18,,,
1330,2026-09-12 18:46:50,DEL,PNQ,2026-09-20,T+7,6929.0,8558.88,4900.0,174.67,74.67,,,
1331,2026-09-12 18:47:50,BOM,GOI,2026-09-14,T+1,4223.0,5052.62,3100.0,162.99,62.99,,,
1332,2026-09-12 18:48:50,BOM,MAA,2026-09-14,T+1,6358.0,6663.52,4200.0,158.66,58.66,,,
1333,2026-09-12 18:49:48,AMD,DEL,2026-09-14,T+1,5929.0,13616.56,3400.0,400.49,300.49,,,
1334,2026-09-12 18:50:45,BLR,HYD,2026-09-14,T+1,5358.0,7155.45,2950.0,242.56,142.56,,,
1335,2026-09-12 18:51:42,DEL,SXR,2026-09-14,T+1,6846.0,8768.25,4100.0,213.86,113.86,,,
1336,2026-09-12 18:52:39,DEL,GAU,2026-09-14,T+1,7819.0,8249.13,4750.0,173.67,73.67,,,
1337,2026-09-12 18:53:35,CCU,GAU,2026-09-14,T+1,5250.0,6191.29,2650.0,233.63,133.63,,,
1338,2026-09-12 18:54:33,DEL,IXZ,2026-09-28,T+15,16893.0,16893.0,6400.0,263.95,163.95,,,
1339,2026-09-12 18:55:29,DEL,IXL,2026-09-28,T+15,7738.0,7782.8,4750.0,163.85,63.85,,,
1340,2026-09-12 18:56:27,DEL,COK,2026-09-20,T+7,10715.0,15414.75,5450.0,282.84,182.84,,,
1341,2026-09-12 18:57:24,DEL,PAT,2026-09-14,T+1,6249.0,6379.05,3650.0,174.77,74.77,,,
1342,2026-09-12 18:58:21,DEL,LKO,2026-09-28,T+15,3905.0,6233.17,2950.0,211.29,111.29,,,
1343,2026-09-12 18:59:18,BOM,JAI,2026-09-28,T+15,6976.0,7947.22,3650.0,217.73,117.73,,,
1344,2026-09-12 19:00:15,BOM,AMD,2026-09-28,T+15,4218.0,5298.53,2450.0,216.27,116.27,,,
1345,2026-09-12 19:01:11,MAA,BLR,2026-09-14,T+1,4293.0,4606.06,2250.0,204.71,104.71,,,
1346,2026-09-12 19:02:08,DEL,BBI,2026-09-28,T+15,9145.0,9449.16,4150.0,227.69,127.69,,,
1347,2026-09-12 19:03:07,DEL,ATQ,2026-09-20,T+7,3748.0,29099.11,2650.0,1098.08,998.08,,,
1348,2026-09-12 19:04:04,DEL,IDR,2026-09-28,T+15,6109.0,6261.99,3050.0,205.31,105.31,,,
1349,2026-09-12 19:05:05,BOM,COK,2026-09-28,T+15,7144.0,7421.8,4250.0,174.63,74.63,,,
1350,2026-09-12 19:06:05,DEL,BOM,2026-09-28,T+15,6425.0,7360.92,4850.0,151.77,51.77,,,
1351,2026-09-12 19:07:10,BLR,DEL,2026-09-28,T+15,8257.0,8548.73,5200.0,164.4,64.4,,,
1352,2026-09-12 19:08:15,BLR,BOM,2026-09-20,T+7,5529.0,8187.17,3950.0,207.27,107.27,,,
1353,2026-09-12 19:09:18,DEL,CCU,2026-09-14,T+1,7271.0,8863.17,4750.0,186.59,86.59,,,
1354,2026-09-12 19:10:22,DEL,HYD,2026-09-28,T+15,7884.0,9015.3,4600.0,195.98,95.98,,,
1355,2026-09-12 19:11:26,DEL,PNQ,2026-09-14,T+1,6929.0,7885.39,4900.0,160.93,60.93,,,
1356,2026-09-12 19:12:29,BOM,GOI,2026-09-20,T+7,4446.0,5416.15,3100.0,174.71,74.71,,,
1357,2026-09-12 19:13:35,BOM,MAA,2026-09-20,T+7,6546.0,9033.12,4200.0,215.07,115.07,,,
1358,2026-09-12 19:14:44,AMD,DEL,2026-09-14,T+1,5929.0,13616.56,3400.0,400.49,300.49,,,
1359,2026-09-12 19:15:51,BLR,HYD,2026-09-14,T+1,5358.0,9804.06,2950.0,332.34,232.34,,,
1360,2026-09-12 19:16:56,DEL,SXR,2026-09-14,T+1,6846.0,8768.25,4100.0,213.86,113.86,,,
1361,2026-09-12 19:18:02,DEL,GAU,2026-09-28,T+15,7819.0,8093.03,4750.0,170.38,70.38,,,
1362,2026-09-12 19:19:11,CCU,GAU,2026-09-14,T+1,5250.0,6155.0,2650.0,232.26,132.26,,,
1363,2026-09-12 19:20:20,DEL,IXZ,2026-09-14,T+1,18983.0,18983.0,6400.0,296.61,196.61,,,
1364,2026-09-12 19:21:23,DEL,IXL,2026-09-20,T+7,7738.0,8298.7,4750.0,174.71,74.71,,,
1365,2026-09-12 19:22:27,DEL,COK,2026-09-28,T+15,10715.0,15143.73,5450.0,277.87,177.87,,,
1366,2026-09-12 19:23:31,DEL,PAT,2026-09-20,T+7,6217.0,7053.67,3650.0,193.25,93.25,,,
1367,2026-09-12 19:24:35,DEL,LKO,2026-09-28,T+15,3905.0,6233.17,2950.0,211.29,111.29,,,
1368,2026-09-12 19:25:39,BOM,JAI,2026-09-14,T+1,6976.0,7562.26,3650.0,207.19,107.19,,,
1369,2026-09-12 19:26:43,BOM,AMD,2026-09-20,T+7,4164.0,7777.59,2450.0,317.45,217.45,,,
1370,2026-09-12 19:27:47,MAA,BLR,2026-09-20,T+7,4293.0,10414.76,2250.0,462.88,362.88,,,
1371,2026-09-12 19:28:52,DEL,BBI,2026-09-28,T+15,9145.0,9449.16,4150.0,227.69,127.69,,,
1372,2026-09-12 19:29:57,DEL,ATQ,2026-09-20,T+7,3748.0,29099.11,2650.0,1098.08,998.08,,,
1373,2026-09-12 19:31:05,DEL,IDR,2026-09-14,T+1,6109.0,6407.81,3050.0,210.09,110.09,,,
1374,2026-09-12 19:32:10,BOM,COK,2026-09-28,T+15,7144.0,7421.8,4250.0,174.63,74.63,,,
1375,2026-09-12 19:33:14,DEL,BOM,2026-09-14,T+1,6314.0,7471.68,4850.0,154.06,54.06,,,
1376,2026-09-12 19:34:19,BLR,DEL,2026-09-20,T+7,8257.0,9239.01,5200.0,177.67,77.67,,,
1377,2026-09-12 19:35:23,BLR,BOM,2026-09-14,T+1,6559.0,7364.93,3950.0,186.45,86.45,,,
1378,2026-09-12 19:36:28,DEL,CCU,2026-09-20,T+7,7271.0,9384.5,4750.0,197.57,97.57,,,
1379,2026-09-12 19:37:34,DEL,HYD,2026-09-14,T+1,8510.0,9469.13,4600.0,205.85,105.85,,,
1380,2026-09-12 19:38:39,DEL,PNQ,2026-09-28,T+15,6929.0,7643.02,4900.0,155.98,55.98,,,
1381,2026-09-12 19:39:48,BOM,GOI,2026-09-14,T+1,4223.0,5118.31,3100.0,165.11,65.11,,,
1382,2026-09-12 19:40:53,BOM,MAA,2026-09-14,T+1,6358.0,6663.52,4200.0,158.66,58.66,,,
1383,2026-09-12 19:41:57,AMD,DEL,2026-09-28,T+15,5985.0,10737.01,3400.0,315.79,215.79,,,
1384,2026-09-12 19:43:01,BLR,HYD,2026-09-28,T+15,4288.0,10820.04,2950.0,366.78,266.78,,,
1385,2026-09-12 19:44:06,DEL,SXR,2026-09-14,T+1,6846.0,8539.28,4100.0,208.28,108.28,,,
1386,2026-09-12 19:45:10,DEL,GAU,2026-09-14,T+1,7819.0,8193.58,4750.0,172.5,72.5,,,
1387,2026-09-12 19:46:14,CCU,GAU,2026-09-14,T+1,5250.0,6155.0,2650.0,232.26,132.26,,,
1388,2026-09-12 19:47:18,DEL,IXZ,2026-09-28,T+15,16893.0,16893.0,6400.0,263.95,163.95,,,
1389,2026-09-12 19:48:22,DEL,IXL,2026-09-20,T+7,7738.0,8298.7,4750.0,174.71,74.71,,,
1390,2026-09-12 19:49:27,DEL,COK,2026-09-20,T+7,10715.0,15414.75,5450.0,282.84,182.84,,,
1391,2026-09-12 19:50:32,DEL,PAT,2026-09-14,T+1,6249.0,6379.05,3650.0,174.77,74.77,,,
1392,2026-09-12 19:51:36,DEL,LKO,2026-09-14,T+1,3955.0,4179.58,2950.0,141.68,41.68,,,
1393,2026-09-12 19:52:40,BOM,JAI,2026-09-20,T+7,7449.0,9252.56,3650.0,253.49,153.49,,,
1394,2026-09-12 19:53:45,BOM,AMD,2026-09-20,T+7,4164.0,7777.59,2450.0,317.45,217.45,,,
1395,2026-09-12 19:54:49,MAA,BLR,2026-09-14,T+1,4293.0,9697.11,2250.0,430.98,330.98,,,
1396,2026-09-12 19:55:54,DEL,BBI,2026-09-28,T+15,9145.0,9449.16,4150.0,227.69,127.69,,,
1397,2026-09-12 19:56:58,DEL,ATQ,2026-09-28,T+15,3695.0,21081.17,2650.0,795.52,695.52,,,
1398,2026-09-12 19:58:03,DEL,IDR,2026-09-14,T+1,6109.0,6407.81,3050.0,210.09,110.09,,,
1399,2026-09-12 19:59:07,BOM,COK,2026-09-14,T+1,7144.0,7161.88,4250.0,168.51,68.51,,,
1400,2026-09-12 20:00:12,DEL,BOM,2026-09-28,T+15,6425.0,7360.92,4850.0,151.77,51.77,,,
1401,2026-09-12 20:01:18,BLR,DEL,2026-09-28,T+15,8257.0,8548.73,5200.0,164.4,64.4,,,
1402,2026-09-12 20:02:24,BLR,BOM,2026-09-14,T+1,6559.0,7362.44,3950.0,186.39,86.39,,,
1403,2026-09-12 20:03:30,DEL,CCU,2026-09-14,T+1,7271.0,8863.17,4750.0,186.59,86.59,,,
1404,2026-09-12 20:04:48,DEL,HYD,2026-09-20,T+7,8510.0,10938.42,4600.0,237.79,137.79,,,
1405,2026-09-12 20:05:53,DEL,PNQ,2026-09-20,T+7,6929.0,8565.15,4900.0,174.8,74.8,,,
1406,2026-09-12 20:06:59,BOM,GOI,2026-09-20,T+7,4446.0,5452.53,3100.0,175.89,75.89,,,
1407,2026-09-12 20:08:05,BOM,MAA,2026-09-20,T+7,6546.0,9033.12,4200.0,215.07,115.07,,,
1408,2026-09-12 20:09:11,AMD,DEL,2026-09-20,T+7,6039.0,11524.08,3400.0,338.94,238.94,,,
1409,2026-09-12 20:10:17,BLR,HYD,2026-09-14,T+1,5358.0,9737.94,2950.0,330.1,230.1,,,
1410,2026-09-12 20:11:23,DEL,SXR,2026-09-20,T+7,6846.0,8847.81,4100.0,215.8,115.8,,,
1411,2026-09-12 20:12:29,DEL,GAU,2026-09-28,T+15,7819.0,8093.03,4750.0,170.38,70.38,,,
1412,2026-09-12 20:13:34,CCU,GAU,2026-09-28,T+15,4700.0,4974.33,2650.0,187.71,87.71,,,
1413,2026-09-12 20:14:39,DEL,IXZ,2026-09-20,T+7,19319.0,19319.0,6400.0,301.86,201.86,,,
1414,2026-09-12 20:15:45,DEL,IXL,2026-09-20,T+7,7738.0,8298.7,4750.0,174.71,74.71,,,
1415,2026-09-12 20:16:51,DEL,COK,2026-09-14,T+1,10715.0,16226.5,5450.0,297.73,197.73,,,
1416,2026-09-12 20:17:59,DEL,PAT,2026-09-28,T+15,6249.0,6571.18,3650.0,180.03,80.03,,,
1417,2026-09-12 20:19:04,DEL,LKO,2026-09-20,T+7,4116.0,6895.56,2950.0,233.75,133.75,,,
1418,2026-09-12 20:20:09,BOM,JAI,2026-09-14,T+1,6976.0,7562.26,3650.0,207.19,107.19,,,
1419,2026-09-12 20:21:15,BOM,AMD,2026-09-28,T+15,4218.0,5298.53,2450.0,216.27,116.27,,,
1420,2026-09-12 20:22:22,MAA,BLR,2026-09-28,T+15,4293.0,7896.86,2250.0,350.97,250.97,,,
1421,2026-09-12 20:23:28,DEL,BBI,2026-09-14,T+1,9144.0,9191.22,4150.0,221.48,121.48,,,
1422,2026-09-12 20:24:33,DEL,ATQ,2026-09-28,T+15,3695.0,21449.02,2650.0,809.4,709.4,,,
1423,2026-09-12 20:25:46,DEL,IDR,2026-09-20,T+7,6109.0,6637.25,3050.0,217.61,117.61,,,
1424,2026-09-12 20:26:53,BOM,COK,2026-09-28,T+15,7144.0,7421.8,4250.0,174.63,74.63,,,
1425,2026-09-12 20:28:02,DEL,BOM,2026-09-20,T+7,6314.0,8108.33,4850.0,167.18,67.18,,,
1426,2026-09-12 20:29:10,BLR,DEL,2026-09-20,T+7,8257.0,9239.01,5200.0,177.67,77.67,,,
1427,2026-09-12 20:30:24,BLR,BOM,2026-09-28,T+15,4165.0,6999.96,3950.0,177.21,77.21,,,
1428,2026-09-12 20:31:31,DEL,CCU,2026-09-20,T+7,7271.0,9345.09,4750.0,196.74,96.74,,,
1429,2026-09-12 20:32:38,DEL,HYD,2026-09-20,T+7,8510.0,10938.42,4600.0,237.79,137.79,,,
1430,2026-09-12 20:33:44,DEL,PNQ,2026-09-14,T+1,6929.0,7971.07,4900.0,162.67,62.67,,,
1431,2026-09-12 20:34:50,BOM,GOI,2026-09-28,T+15,3964.0,5575.87,3100.0,179.87,79.87,,,
1432,2026-09-12 20:35:57,BOM,MAA,2026-09-20,T+7,6546.0,9033.12,4200.0,215.07,115.07,,,
1433,2026-09-12 20:37:03,AMD,DEL,2026-09-28,T+15,5985.0,10911.04,3400.0,320.91,220.91,,,
1434,2026-09-12 20:38:15,BLR,HYD,2026-09-28,T+15,4288.0,10820.04,2950.0,366.78,266.78,,,
1435,2026-09-12 20:39:22,DEL,SXR,2026-09-14,T+1,6846.0,8768.25,4100.0,213.86,113.86,,,
1436,2026-09-12 20:40:28,DEL,GAU,2026-09-20,T+7,8069.0,9831.33,4750.0,206.98,106.98,,,
1437,2026-09-12 20:41:35,CCU,GAU,2026-09-14,T+1,5250.0,6191.29,2650.0,233.63,133.63,,,
1438,2026-09-12 20:42:41,DEL,IXZ,2026-09-20,T+7,19319.0,19319.0,6400.0,301.86,201.86,,,
1439,2026-09-12 20:43:48,DEL,IXL,2026-09-20,T+7,7738.0,8298.7,4750.0,174.71,74.71,,,
1440,2026-09-12 20:44:55,DEL,COK,2026-09-28,T+15,10715.0,15143.73,5450.0,277.87,177.87,,,
1441,2026-09-12 20:46:01,DEL,PAT,2026-09-14,T+1,6249.0,6357.12,3650.0,174.17,74.17,,,
1442,2026-09-12 20:47:07,DEL,LKO,2026-09-20,T+7,4116.0,6895.56,2950.0,233.75,133.75,,,
1443,2026-09-12 20:48:14,BOM,JAI,2026-09-20,T+7,7449.0,9252.56,3650.0,253.49,153.49,,,
1444,2026-09-12 20:49:26,BOM,AMD,2026-09-14,T+1,4164.0,5799.28,2450.0,236.71,136.71,,,
1445,2026-09-12 20:50:32,MAA,BLR,2026-09-14,T+1,4293.0,9806.16,2250.0,435.83,335.83,,,
1446,2026-09-12 20:51:38,DEL,BBI,2026-09-20,T+7,9145.0,11675.84,4150.0,281.35,181.35,,,
1447,2026-09-12 20:52:45,DEL,ATQ,2026-09-28,T+15,3695.0,21449.02,2650.0,809.4,709.4,,,
1448,2026-09-12 20:53:51,DEL,IDR,2026-09-28,T+15,6109.0,6261.99,3050.0,205.31,105.31,,,
1449,2026-09-12 20:54:57,BOM,COK,2026-09-28,T+15,7144.0,7421.8,4250.0,174.63,74.63,,,
1450,2026-09-12 20:56:09,DEL,BOM,2026-09-14,T+1,6314.0,6872.13,4850.0,141.69,41.69,,,
1451,2026-09-12 20:57:16,BLR,DEL,2026-09-20,T+7,8257.0,9239.01,5200.0,177.67,77.67,,,
1452,2026-09-12 20:58:24,BLR,BOM,2026-09-20,T+7,5529.0,8200.14,3950.0,207.6,107.6,,,
1453,2026-09-12 20:59:30,DEL,CCU,2026-09-20,T+7,7271.0,9370.27,4750.0,197.27,97.27,,,
1454,2026-09-12 21:00:40,DEL,HYD,2026-09-20,T+7,8510.0,10938.42,4600.0,237.79,137.79,,,
1455,2026-09-12 21:01:46,DEL,PNQ,2026-09-14,T+1,6929.0,7961.78,4900.0,162.49,62.49,,,
1456,2026-09-12 21:02:53,BOM,GOI,2026-09-20,T+7,4384.0,5386.98,3100.0,173.77,73.77,,,
1457,2026-09-12 21:04:02,BOM,MAA,2026-09-14,T+1,6358.0,6663.52,4200.0,158.66,58.66,,,
1458,2026-09-12 21:05:10,AMD,DEL,2026-09-14,T+1,5929.0,13442.53,3400.0,395.37,295.37,,,
1459,2026-09-12 21:06:17,BLR,HYD,2026-09-20,T+7,4288.0,11211.18,2950.0,380.04,280.04,,,
1460,2026-09-12 21:07:24,DEL,SXR,2026-09-14,T+1,6846.0,8768.25,4100.0,213.86,113.86,,,
1461,2026-09-12 21:08:31,DEL,GAU,2026-09-14,T+1,7819.0,8193.58,4750.0,172.5,72.5,,,
1462,2026-09-12 21:09:37,CCU,GAU,2026-09-14,T+1,5250.0,6155.0,2650.0,232.26,132.26,,,
1463,2026-09-12 21:10:46,DEL,IXZ,2026-09-14,T+1,18983.0,18983.0,6400.0,296.61,196.61,,,
1464,2026-09-13 10:17:47,BLR,DEL,2026-09-20,T+7,8257.0,9252.92,5200.0,177.94,77.94,,,
1465,2026-09-13 10:18:24,DEL,BOM,2026-09-28,T+15,6425.0,7314.91,4850.0,150.82,50.82,,,
1466,2026-09-13 10:19:11,BLR,DEL,2026-09-14,T+1,8257.0,8390.45,5200.0,161.35,61.35,,,
1467,2026-09-13 10:19:29,DEL,BOM,2026-09-14,T+1,6314.0,6827.52,4850.0,140.77,40.77,125.68,1.98,53.0
1468,2026-09-13 10:20:09,DEL,BOM,2026-09-14,T+1,6314.0,6827.52,4850.0,140.77,40.77,125.68,1.98,53.0
1469,2026-09-13 10:20:37,DEL,BOM,2026-09-13,T+1,6425.0,7085.74,4850.0,146.1,46.1,125.68,1.98,18.0
1470,2026-09-13 10:21:02,BLR,BOM,2026-09-20,T+7,5529.0,8027.88,3950.0,203.24,103.24,,,
1471,2026-09-13 10:22:10,DEL,CCU,2026-09-20,T+7,7271.0,9503.12,4750.0,200.07,100.07,,,
1472,2026-09-13 10:23:20,DEL,HYD,2026-09-20,T+7,8827.0,11298.56,4600.0,245.62,145.62,,,
1473,2026-09-13 10:24:29,DEL,PNQ,2026-09-20,T+7,6929.0,8461.11,4900.0,172.68,72.68,,,
1474,2026-09-13 10:25:39,BOM,GOI,2026-09-14,T+1,4223.0,5846.86,3100.0,188.61,88.61,,,
1475,2026-09-13 10:26:53,BOM,MAA,2026-09-14,T+1,6468.0,6669.04,4200.0,158.79,58.79,,,
1476,2026-09-13 10:28:03,AMD,DEL,2026-09-20,T+7,6039.0,11775.08,3400.0,346.33,246.33,,,
1477,2026-09-13 10:29:11,BLR,HYD,2026-09-14,T+1,6179.0,7760.68,2950.0,263.07,163.07,,,
1478,2026-09-13 10:30:20,DEL,SXR,2026-09-14,T+1,6846.0,8923.79,4100.0,217.65,117.65,,,
1479,2026-09-13 10:31:57,DEL,BOM,2026-09-20,T+7,6314.0,7931.57,4850.0,163.54,63.54,,,
1480,2026-09-13 10:32:42,DEL,BOM,2026-09-14,T+1,6314.0,6810.17,4850.0,140.42,40.42,126.99,2.08,52.0
1481,2026-09-13 10:33:07,BLR,DEL,2026-09-14,T+1,8257.0,8390.45,5200.0,161.35,61.35,,,
1482,2026-09-13 10:34:14,BLR,BOM,2026-09-20,T+7,5529.0,8027.88,3950.0,203.24,103.24,,,
1483,2026-09-13 10:35:23,DEL,CCU,2026-09-28,T+15,7271.0,8560.61,4750.0,180.22,80.22,,,
1484,2026-09-13 10:36:44,DEL,BOM,2026-09-28,T+15,6425.0,7314.91,4850.0,150.82,50.82,,,
1485,2026-09-13 10:37:31,BLR,DEL,2026-09-20,T+7,8257.0,9275.72,5200.0,178.38,78.38,,,
1486,2026-09-13 10:39:21,DEL,BOM,2026-09-14,T+1,6314.0,7454.62,4850.0,153.7,53.7,127.44,2.11,53.0
1487,2026-09-13 10:39:44,DEL,BOM,2026-09-14,T+1,6314.0,7454.62,4850.0,153.7,53.7,,,
1488,2026-09-13 10:40:31,BLR,DEL,2026-09-20,T+7,8257.0,9275.72,5200.0,178.38,78.38,,,
1489,2026-09-13 10:41:21,BLR,IXL,2026-09-17,T+4,17653.0,17653.0,4500.0,392.29,292.29,124.99,1.92,1.0
1490,2026-09-13 10:41:47,BLR,BOM,2026-09-20,T+7,5529.0,8003.15,3950.0,202.61,102.61,,,
1491,2026-09-13 10:42:58,DEL,CCU,2026-09-14,T+1,7271.0,8742.65,4750.0,184.06,84.06,,,
1492,2026-09-13 10:44:08,DEL,HYD,2026-09-14,T+1,8510.0,9448.45,4600.0,205.4,105.4,,,
1493,2026-09-13 10:45:19,DEL,PNQ,2026-09-20,T+7,6929.0,8461.11,4900.0,172.68,72.68,,,
1494,2026-09-13 10:46:29,BOM,GOI,2026-09-14,T+1,4223.0,5846.86,3100.0,188.61,88.61,,,
1495,2026-09-13 10:47:41,BOM,MAA,2026-09-14,T+1,6468.0,6649.2,4200.0,158.31,58.31,,,
1496,2026-09-13 10:48:53,AMD,DEL,2026-09-14,T+1,5929.0,19220.2,3400.0,565.3,465.3,,,
1497,2026-09-13 10:50:04,BLR,HYD,2026-09-14,T+1,6179.0,7969.72,2950.0,270.16,170.16,,,
1498,2026-09-13 10:51:15,DEL,SXR,2026-09-20,T+7,6846.0,8873.98,4100.0,216.44,116.44,,,
1499,2026-09-13 10:52:25,DEL,GAU,2026-09-20,T+7,8069.0,9904.28,4750.0,208.51,108.51,,,
1500,2026-09-13 10:53:36,CCU,GAU,2026-09-20,T+7,4700.0,5745.67,2650.0,216.82,116.82,,,
1501,2026-09-13 10:54:49,DEL,IXZ,2026-09-28,T+15,16893.0,19236.54,6400.0,300.57,200.57,,,
1502,2026-09-13 10:56:25,BLR,IXL,2026-09-13,T+1,5500.0,15240.29,4500.0,338.67,238.67,127.44,2.11,45.0
1503,2026-09-13 10:57:29,DEL,BOM,2026-09-14,T+1,6302.0,10472.29,4850.0,215.92,115.92,,,
1504,2026-09-13 10:57:40,BLR,IXL,2026-09-13,T+1,12847.0,13777.27,4500.0,306.16,206.16,129.14,2.24,45.0
1505,2026-09-13 10:58:25,BLR,DEL,2026-09-20,T+7,8257.0,9776.75,5200.0,188.01,88.01,,,
1506,2026-09-13 10:58:30,DEL,BOM,2026-09-14,T+1,6302.0,10472.29,4850.0,215.92,115.92,130.53,2.35,245.0
1507,2026-09-13 10:59:49,BLR,BOM,2026-09-14,T+1,4425.0,7557.45,3950.0,191.33,91.33,,,
1508,2026-09-13 10:59:59,DEL,TRV,2026-09-14,T+1,5037.0,21096.88,4500.0,468.82,368.82,130.38,2.34,86.0
1509,2026-09-13 11:01:15,DEL,CCU,2026-09-28,T+15,7271.0,9895.74,4750.0,208.33,108.33,,,
1510,2026-09-13 11:01:37,DEL,BOM,2026-09-14,T+1,6302.0,10472.29,4850.0,215.92,115.92,133.34,2.57,245.0
1511,2026-09-13 11:01:58,DEL,VNS,2026-09-14,T+1,4830.0,5823.58,4500.0,129.41,29.41,133.34,2.57,9.0
1512,2026-09-13 11:02:41,DEL,HYD,2026-09-20,T+7,8232.0,10954.61,4600.0,238.14,138.14,,,
1513,2026-09-13 11:04:07,DEL,PNQ,2026-09-14,T+1,6702.0,8923.75,4900.0,182.12,82.12,,,
1514,2026-09-13 11:05:32,BOM,GOI,2026-09-20,T+7,4131.0,5441.33,3100.0,175.53,75.53,,,
1515,2026-09-13 11:06:58,BOM,MAA,2026-09-20,T+7,5967.0,9424.91,4200.0,224.4,124.4,,,
1516,2026-09-13 11:07:15,DEL,BOM,2026-09-14,T+1,6302.0,10468.03,4850.0,215.84,115.84,137.96,2.92,245.0
1517,2026-09-13 11:08:18,DEL,BOM,2026-09-14,T+1,6302.0,10468.03,4850.0,215.84,115.84,137.96,2.92,245.0
1518,2026-09-13 11:08:54,AMD,DEL,2026-09-14,T+1,5551.0,11557.92,3400.0,339.94,239.94,,,
1519,2026-09-13 11:10:23,BLR,HYD,2026-09-28,T+15,3894.0,8028.32,2950.0,272.15,172.15,,,
1520,2026-09-13 11:11:48,DEL,SXR,2026-09-28,T+15,6771.0,7714.68,4100.0,188.16,88.16,,,
1521,2026-09-13 11:13:18,DEL,GAU,2026-09-20,T+7,4977.0,8181.74,4750.0,172.25,72.25,,,
1522,2026-09-13 11:14:47,CCU,GAU,2026-09-20,T+7,4218.0,5890.84,2650.0,222.3,122.3,,,
1523,2026-09-13 11:15:37,DEL,BOM,2026-09-14,T+1,6302.0,10454.22,4850.0,215.55,115.55,149.26,3.79,245.0
1524,2026-09-13 11:15:40,DEL,BOM,2026-09-14,T+1,6302.0,10454.22,4850.0,215.55,115.55,149.26,3.79,245.0
1525,2026-09-13 11:16:17,DEL,IXZ,2026-09-28,T+15,5747.0,15926.59,6400.0,248.85,148.85,,,
1526,2026-09-13 11:17:09,DEL,BOM,2026-09-14,T+1,6302.0,10454.22,4850.0,215.55,115.55,149.44,3.81,245.0
1527,2026-09-13 11:17:49,DEL,IXL,2026-09-28,T+15,7080.0,7677.59,4750.0,161.63,61.63,,,
1528,2026-09-13 11:19:25,DEL,BOM,2026-09-14,T+1,6302.0,10454.22,4850.0,215.55,115.55,149.67,3.82,245.0
1529,2026-09-13 11:19:30,DEL,COK,2026-09-20,T+7,5059.0,10305.78,5450.0,189.1,89.1,,,
1530,2026-09-13 11:21:06,DEL,PAT,2026-09-14,T+1,5776.0,6407.75,3650.0,175.55,75.55,,,
1531,2026-09-13 11:22:41,DEL,LKO,2026-09-14,T+1,3800.0,4336.51,2950.0,147.0,47.0,,,
1532,2026-09-13 11:24:18,BOM,JAI,2026-09-20,T+7,6820.0,11610.33,3650.0,318.09,218.09,,,
1533,2026-09-13 11:25:55,BOM,AMD,2026-09-14,T+1,3721.0,7088.68,2450.0,289.33,189.33,,,
1534,2026-09-13 11:27:36,MAA,BLR,2026-09-20,T+7,3873.0,8909.29,2250.0,395.97,295.97,,,
1535,2026-09-13 11:29:24,DEL,BBI,2026-09-28,T+15,4977.0,8903.02,4150.0,214.53,114.53,,,
1536,2026-09-13 11:31:09,DEL,ATQ,2026-09-28,T+15,3379.0,31126.0,2650.0,1174.57,1074.57,,,
1537,2026-09-13 11:32:53,DEL,IDR,2026-09-14,T+1,5580.0,6863.08,3050.0,225.02,125.02,,,
1538,2026-09-13 11:34:38,BOM,COK,2026-09-28,T+15,6563.0,18558.45,4250.0,436.67,336.67,,,
1539,2026-09-13 11:36:24,DEL,BOM,2026-09-20,T+7,6314.0,10556.0,4850.0,217.65,117.65,,,
1540,2026-09-13 11:38:02,BLR,DEL,2026-09-28,T+15,7691.0,12558.82,5200.0,241.52,141.52,,,
1541,2026-09-13 11:39:40,BLR,BOM,2026-09-14,T+1,4425.0,7567.03,3950.0,191.57,91.57,,,
1542,2026-09-13 11:41:19,DEL,CCU,2026-09-14,T+1,7271.0,10275.57,4750.0,216.33,116.33,,,
1543,2026-09-13 11:42:58,DEL,HYD,2026-09-20,T+7,8232.0,10954.61,4600.0,238.14,138.14,,,
1544,2026-09-13 11:55:11,DEL,BOM,2026-09-14,T+1,6163.0,10548.6,4850.0,217.5,117.5,,,
1545,2026-09-13 11:55:44,DEL,BOM,2026-09-14,T+1,6163.0,10548.6,4850.0,217.5,117.5,129.26,2.25,246.0
1546,2026-09-13 11:56:02,DEL,BOM,2026-09-14,T+1,6163.0,10548.6,4850.0,217.5,117.5,129.26,2.25,246.0
1547,2026-09-13 11:56:32,DEL,BOM,2026-09-14,T+1,6163.0,10548.6,4850.0,217.5,117.5,129.26,2.25,246.0
1548,2026-09-13 11:56:40,BLR,DEL,2026-09-20,T+7,8150.0,9779.52,5200.0,188.07,88.07,,,
1549,2026-09-13 11:57:35,DEL,BOM,2026-09-14,T+1,6163.0,10548.6,4850.0,217.5,117.5,130.66,2.36,246.0
1550,2026-09-13 11:57:45,DEL,BOM,2026-09-14,T+1,6163.0,10548.6,4850.0,217.5,117.5,130.66,2.36,246.0
1551,2026-09-13 11:58:31,BLR,BOM,2026-09-14,T+1,4268.0,7558.7,3950.0,191.36,91.36,,,
1552,2026-09-13 11:58:46,DEL,BOM,2026-09-14,T+1,6163.0,10548.6,4850.0,217.5,117.5,130.51,2.35,246.0
1553,2026-09-13 12:01:17,DEL,CCU,2026-09-14,T+1,7253.0,10277.62,4750.0,216.37,116.37,,,
1554,2026-09-13 12:01:31,DEL,BOM,2026-09-14,T+1,6163.0,10547.06,4850.0,217.47,117.47,131.34,2.41,246.0
1555,2026-09-13 12:02:14,DEL,HYD,2026-09-28,T+15,7623.0,15598.8,4600.0,339.1,239.1,,,
1556,2026-09-13 12:03:12,DEL,BOM,2026-09-14,T+1,6163.0,10547.06,4850.0,217.47,117.47,140.36,3.11,246.0
1557,2026-09-13 12:03:16,DEL,BOM,2026-09-14,T+1,6163.0,10547.06,4850.0,217.47,117.47,140.36,3.11,246.0
1558,2026-09-13 12:03:21,DEL,BOM,2026-09-14,T+1,6163.0,10547.06,4850.0,217.47,117.47,140.36,3.11,246.0
1559,2026-09-13 12:04:00,DEL,BOM,2026-09-14,T+1,6163.0,10547.06,4850.0,217.47,117.47,140.36,3.11,246.0
1560,2026-09-13 12:04:05,DEL,PNQ,2026-09-28,T+15,6695.0,8000.85,4900.0,163.28,63.28,,,
1561,2026-09-13 12:04:39,DEL,BOM,2026-09-14,T+1,6163.0,10547.06,4850.0,217.47,117.47,141.07,3.16,246.0
1562,2026-09-13 12:04:52,DEL,BOM,2026-09-14,T+1,6163.0,10547.06,4850.0,217.47,117.47,141.07,3.16,246.0
1563,2026-09-13 12:05:28,BOM,GOI,2026-09-28,T+15,3545.0,5764.9,3100.0,185.96,85.96,,,
1564,2026-09-13 12:07:33,BOM,MAA,2026-09-14,T+1,5998.0,11596.62,4200.0,276.11,176.11,,,
1565,2026-09-13 12:08:29,AMD,DEL,2026-09-20,T+7,5476.0,12334.5,3400.0,362.78,262.78,,,
1566,2026-09-13 12:10:34,BLR,HYD,2026-09-14,T+1,6179.0,8333.17,2950.0,282.48,182.48,,,
1567,2026-09-13 12:11:17,DEL,BOM,2026-09-14,T+1,6314.0,11479.69,4850.0,236.69,136.69,153.77,4.14,241.0
1568,2026-09-13 12:11:23,DEL,BOM,2026-09-14,T+1,6314.0,11479.69,4850.0,236.69,136.69,153.77,4.14,241.0
1569,2026-09-13 12:11:55,DEL,SXR,2026-09-28,T+15,6648.0,7819.28,4100.0,190.71,90.71,,,
1570,2026-09-13 12:11:58,DEL,BOM,2026-09-14,T+1,6314.0,11479.69,4850.0,236.69,136.69,155.93,4.31,241.0
1571,2026-09-13 12:12:17,DEL,BOM,2026-09-14,T+1,6314.0,11479.69,4850.0,236.69,136.69,155.93,4.31,241.0
1572,2026-09-13 12:12:23,DEL,BOM,2026-09-14,T+1,6314.0,11479.69,4850.0,236.69,136.69,155.93,4.31,241.0
1573,2026-09-13 12:13:50,DEL,BOM,2026-09-14,T+1,6314.0,11479.69,4850.0,236.69,136.69,155.93,4.31,241.0
1574,2026-09-13 12:14:27,DEL,GAU,2026-09-28,T+15,4970.0,7424.85,4750.0,156.31,56.31,,,
1575,2026-09-13 12:15:22,CCU,GAU,2026-09-28,T+15,4218.0,5233.58,2650.0,197.49,97.49,,,
1576,2026-09-13 14:18:07,DEL,IXZ,2026-09-14,T+1,5740.0,6624.14,6400.0,103.5,3.5,,,
1577,2026-09-13 14:19:03,DEL,IXL,2026-09-28,T+15,7073.0,7667.5,4750.0,161.42,61.42,,,
1578,2026-09-13 14:19:19,DEL,BOM,2026-09-14,T+1,6314.0,10585.35,4850.0,218.25,118.25,157.17,4.4,244.0
1579,2026-09-13 14:21:39,DEL,COK,2026-09-20,T+7,5024.0,10295.19,5450.0,188.9,88.9,,,
1580,2026-09-13 14:22:34,DEL,PAT,2026-09-14,T+1,5743.0,6408.01,3650.0,175.56,75.56,,,
1581,2026-09-13 14:24:56,DEL,LKO,2026-09-14,T+1,3945.0,4382.99,2950.0,148.58,48.58,,,
1582,2026-09-13 14:25:52,BOM,JAI,2026-09-28,T+15,6374.0,9813.7,3650.0,268.87,168.87,,,
1583,2026-09-13 14:28:11,BOM,AMD,2026-09-20,T+7,3869.0,15915.08,2450.0,649.6,549.6,,,
1584,2026-09-13 14:29:07,MAA,BLR,2026-09-14,T+1,3877.0,12015.66,2250.0,534.03,434.03,,,
1585,2026-09-13 14:31:41,DEL,BBI,2026-09-14,T+1,4970.0,9227.32,4150.0,222.35,122.35,,,
1586,2026-09-13 14:32:36,DEL,ATQ,2026-09-28,T+15,3327.0,31113.92,2650.0,1174.11,1074.11,,,
1587,2026-09-13 14:50:45,DEL,BOM,2026-09-28,T+15,6314.0,11247.82,4850.0,231.91,131.91,,,
1588,2026-09-13 14:51:43,BLR,DEL,2026-09-14,T+1,7709.0,12392.67,5200.0,238.32,138.32,,,
1589,2026-09-13 14:52:40,BLR,BOM,2026-09-28,T+15,3738.0,6909.03,3950.0,174.91,74.91,,,
1590,2026-09-13 14:55:10,DEL,CCU,2026-09-14,T+1,7271.0,10442.07,4750.0,219.83,119.83,,,
1591,2026-09-13 14:55:32,DEL,BOM,2026-09-14,T+1,6314.0,10821.31,4850.0,223.12,123.12,141.48,3.19,245.0
1592,2026-09-13 14:56:06,DEL,HYD,2026-09-28,T+15,7608.0,8919.97,4600.0,193.91,93.91,,,
1593,2026-09-13 14:58:46,DEL,PNQ,2026-09-20,T+7,6709.0,8455.71,4900.0,172.57,72.57,,,
1594,2026-09-13 14:59:41,BOM,GOI,2026-09-28,T+15,3586.0,5678.91,3100.0,183.19,83.19,,,
1595,2026-09-13 15:02:20,BOM,MAA,2026-09-14,T+1,6020.0,9955.29,4200.0,237.03,137.03,,,
1596,2026-09-13 15:03:16,AMD,DEL,2026-09-14,T+1,5439.0,12692.06,3400.0,373.3,273.3,,,
1597,2026-09-13 15:05:55,BLR,HYD,2026-09-14,T+1,6179.0,7974.46,2950.0,270.32,170.32,,,
1598,2026-09-13 15:06:38,DEL,BOM,2026-09-14,T+1,6314.0,10820.64,4850.0,223.11,123.11,153.66,4.13,245.0
1599,2026-09-13 15:06:54,DEL,SXR,2026-09-28,T+15,6766.0,7872.21,4100.0,192.01,92.01,,,
1600,2026-09-13 15:08:14,DEL,BOM,2026-09-14,T+1,6314.0,10814.45,4850.0,222.98,122.98,155.89,4.3,245.0
1601,2026-09-13 15:09:42,DEL,GAU,2026-09-14,T+1,4984.0,7576.73,4750.0,159.51,59.51,,,
1602,2026-09-13 15:15:32,DEL,BOM,2026-09-20,T+7,6314.0,10992.86,4850.0,226.66,126.66,,,
1603,2026-09-13 15:16:01,BLR,DEL,2026-09-14,T+1,7563.0,12404.22,5200.0,238.54,138.54,,,
1604,2026-09-13 15:16:28,BLR,BOM,2026-09-14,T+1,4283.0,7578.1,3950.0,191.85,91.85,,,
1605,2026-09-13 15:16:54,DEL,CCU,2026-09-14,T+1,7271.0,10430.23,4750.0,219.58,119.58,,,
1606,2026-09-13 15:17:20,DEL,HYD,2026-09-20,T+7,8202.0,10933.27,4600.0,237.68,137.68,,,
1607,2026-09-13 15:17:44,DEL,BOM,2026-09-14,T+1,6314.0,10105.9,4850.0,208.37,108.37,139.11,3.01,241.0
1608,2026-09-13 15:18:08,DEL,PNQ,2026-09-14,T+1,6700.0,8867.77,4900.0,180.97,80.97,,,
1609,2026-09-13 15:18:25,DEL,BOM,2026-09-14,T+1,6314.0,10105.9,4850.0,208.37,108.37,138.65,2.98,241.0
1610,2026-09-13 15:20:15,BOM,GOI,2026-09-20,T+7,3732.0,5080.23,3100.0,163.88,63.88,,,
1611,2026-09-13 15:20:40,BOM,MAA,2026-09-20,T+7,6000.0,9507.5,4200.0,226.37,126.37,,,
1612,2026-09-13 15:21:04,AMD,DEL,2026-09-20,T+7,5505.0,12323.5,3400.0,362.46,262.46,,,
1613,2026-09-13 15:21:30,BLR,HYD,2026-09-14,T+1,6179.0,8522.15,2950.0,288.89,188.89,,,
1614,2026-09-13 15:21:50,DEL,SXR,2026-09-28,T+15,6809.0,7878.27,4100.0,192.15,92.15,,,
1615,2026-09-13 15:22:13,DEL,GAU,2026-09-28,T+15,4993.0,7430.45,4750.0,156.43,56.43,,,
1616,2026-09-13 15:24:18,CCU,GAU,2026-09-20,T+7,4255.0,5797.28,2650.0,218.77,118.77,,,
1617,2026-09-13 15:24:40,DEL,IXZ,2026-09-14,T+1,5745.0,6628.81,6400.0,103.58,3.58,,,
1618,2026-09-13 15:25:02,DEL,IXL,2026-09-20,T+7,7078.0,8094.24,4750.0,170.41,70.41,,,
1619,2026-09-13 15:25:26,DEL,COK,2026-09-28,T+15,10715.0,41938.88,5450.0,769.52,669.52,,,
1620,2026-09-13 15:42:06,DEL,PAT,2026-09-14,T+1,5749.0,6439.33,3650.0,176.42,76.42,,,
1621,2026-09-13 15:44:29,DEL,LKO,2026-09-14,T+1,3913.0,4399.49,2950.0,149.14,49.14,,,
1622,2026-09-13 15:44:51,BOM,JAI,2026-09-28,T+15,6386.0,9806.74,3650.0,268.68,168.68,,,
1623,2026-09-13 15:45:16,BOM,AMD,2026-09-20,T+7,3822.0,11727.64,2450.0,478.68,378.68,,,
1624,2026-09-13 15:45:42,MAA,BLR,2026-09-20,T+7,3872.0,8955.68,2250.0,398.03,298.03,,,
1625,2026-09-13 15:46:05,DEL,BBI,2026-09-14,T+1,4975.0,8743.8,4150.0,210.69,110.69,,,
1626,2026-09-13 15:46:27,DEL,ATQ,2026-09-14,T+1,3340.0,3953.89,2650.0,149.2,49.2,,,
1627,2026-09-13 15:48:56,DEL,BOM,2026-09-14,T+1,6314.0,11116.87,4850.0,229.21,129.21,177.39,5.96,244.0
1628,2026-09-13 15:49:17,DEL,IDR,2026-09-14,T+1,5562.0,6917.92,3050.0,226.82,126.82,,,
1629,2026-09-13 15:49:40,DEL,BOM,2026-09-14,T+1,6314.0,11116.87,4850.0,229.21,129.21,177.75,5.99,244.0
1630,2026-09-13 15:49:40,BOM,COK,2026-09-28,T+15,6520.0,18529.96,4250.0,436.0,336.0,,,
1631,2026-09-13 15:50:19,DEL,BOM,2026-09-14,T+1,6314.0,11116.87,4850.0,229.21,129.21,,,
1632,2026-09-13 15:50:46,BLR,DEL,2026-09-28,T+15,7563.0,12543.65,5200.0,241.22,141.22,,,
1633,2026-09-13 15:53:25,BLR,BOM,2026-09-20,T+7,5026.0,8489.53,3950.0,214.92,114.92,,,
1634,2026-09-13 15:53:50,DEL,CCU,2026-09-20,T+7,7259.0,9687.23,4750.0,203.94,103.94,,,
1635,2026-09-13 15:54:15,DEL,HYD,2026-09-14,T+1,8019.0,13669.22,4600.0,297.16,197.16,,,
1636,2026-09-13 15:54:38,DEL,PNQ,2026-09-28,T+15,6732.0,7997.97,4900.0,163.22,63.22,,,
1637,2026-09-13 15:55:01,BOM,GOI,2026-09-14,T+1,3789.0,5338.16,3100.0,172.2,72.2,,,
1638,2026-09-13 15:55:26,BOM,MAA,2026-09-28,T+15,6000.0,8250.65,4200.0,196.44,96.44,,,
1639,2026-09-13 15:55:53,DEL,BOM,2026-09-14,T+1,6314.0,11114.46,4850.0,229.16,129.16,188.99,6.85,244.0
1640,2026-09-13 15:56:05,DEL,BOM,2026-09-14,T+1,6314.0,11114.46,4850.0,229.16,129.16,188.99,6.85,244.0
1641,2026-09-13 15:57:05,DEL,BOM,2026-09-14,T+1,6314.0,11115.49,4850.0,229.19,129.19,188.99,6.85,244.0
1642,2026-09-13 15:58:14,AMD,DEL,2026-09-20,T+7,5505.0,12328.77,3400.0,362.61,262.61,,,
1643,2026-09-13 15:58:37,BLR,HYD,2026-09-28,T+15,3873.0,9375.04,2950.0,317.8,217.8,,,
1644,2026-09-13 15:59:00,DEL,SXR,2026-09-14,T+1,6240.0,9485.29,4100.0,231.35,131.35,,,
1645,2026-09-13 15:59:20,DEL,BOM,2026-09-14,T+1,6314.0,11088.36,4850.0,228.63,128.63,191.38,7.04,244.0
1646,2026-09-13 15:59:44,DEL,GAU,2026-09-14,T+1,4993.0,7633.32,4750.0,160.7,60.7,,,
1647,2026-09-13 16:00:06,CCU,GAU,2026-09-14,T+1,6109.0,7227.66,2650.0,272.74,172.74,,,
1648,2026-09-13 16:00:28,DEL,IXZ,2026-09-14,T+1,5745.0,6883.81,6400.0,107.56,7.56,,,
1649,2026-09-13 16:01:28,DEL,BOM,2026-09-14,T+1,6314.0,10324.28,4850.0,212.87,112.87,190.75,6.99,241.0
1650,2026-09-13 16:02:50,DEL,BOM,2026-09-14,T+1,6314.0,10324.28,4850.0,212.87,112.87,190.75,6.99,241.0
1651,2026-09-13 16:03:25,DEL,IXL,2026-09-28,T+15,7078.0,7674.23,4750.0,161.56,61.56,,,
1652,2026-09-13 16:03:51,DEL,COK,2026-09-28,T+15,10715.0,41911.62,5450.0,769.02,669.02,,,
1653,2026-09-13 16:04:05,DEL,BOM,2026-09-14,T+1,6314.0,10822.74,4850.0,223.15,123.15,190.93,7.0,243.0
1654,2026-09-13 16:04:09,DEL,BOM,2026-09-14,T+1,6314.0,10822.74,4850.0,223.15,123.15,190.93,7.0,243.0
1655,2026-09-13 16:04:16,DEL,BOM,2026-09-14,T+1,6314.0,10822.74,4850.0,223.15,123.15,190.93,7.0,243.0
1656,2026-09-13 16:04:52,DEL,PAT,2026-09-14,T+1,5749.0,6439.58,3650.0,176.43,76.43,,,
1657,2026-09-13 16:05:13,DEL,LKO,2026-09-14,T+1,3913.0,4399.49,2950.0,149.14,49.14,,,
1658,2026-09-13 16:05:36,BOM,JAI,2026-09-28,T+15,6386.0,9804.24,3650.0,268.61,168.61,,,
1659,2026-09-13 16:05:59,BOM,AMD,2026-09-28,T+15,3769.0,6028.68,2450.0,246.07,146.07,,,
1660,2026-09-13 16:09:03,MAA,BLR,2026-09-14,T+1,3872.0,12260.91,2250.0,544.93,444.93,,,
1661,2026-09-13 16:09:27,DEL,BBI,2026-09-20,T+7,4975.0,9646.83,4150.0,232.45,132.45,,,
1662,2026-09-13 16:09:50,DEL,ATQ,2026-09-14,T+1,3340.0,3953.89,2650.0,149.2,49.2,,,
1663,2026-09-13 16:10:13,DEL,IDR,2026-09-20,T+7,5613.0,7301.87,3050.0,239.41,139.41,,,
1664,2026-09-13 16:10:38,BOM,COK,2026-09-20,T+7,6623.0,23967.63,4250.0,563.94,463.94,,,
1665,2026-09-13 16:11:05,DEL,BOM,2026-09-20,T+7,6314.0,11000.68,4850.0,226.82,126.82,,,
1666,2026-09-13 16:11:31,BLR,DEL,2026-09-14,T+1,7563.0,12223.33,5200.0,235.06,135.06,,,
1667,2026-09-13 16:11:56,BLR,BOM,2026-09-28,T+15,3743.0,6983.75,3950.0,176.8,76.8,,,
1668,2026-09-13 16:12:21,DEL,CCU,2026-09-14,T+1,7271.0,10443.9,4750.0,219.87,119.87,,,
1669,2026-09-13 16:12:36,DEL,BOM,2026-09-14,T+1,6314.0,10812.44,4850.0,222.94,122.94,184.77,6.53,242.0
1670,2026-09-13 16:12:56,DEL,HYD,2026-09-20,T+7,8202.0,10960.22,4600.0,238.27,138.27,,,
1671,2026-09-13 16:17:32,DEL,PNQ,2026-09-14,T+1,6700.0,8887.3,4900.0,181.37,81.37,,,
1672,2026-09-13 16:17:55,BOM,GOI,2026-09-20,T+7,3732.0,5080.56,3100.0,163.89,63.89,,,
1673,2026-09-13 16:18:19,BOM,MAA,2026-09-28,T+15,6000.0,8250.65,4200.0,196.44,96.44,,,
1674,2026-09-13 16:18:43,AMD,DEL,2026-09-20,T+7,5505.0,12329.21,3400.0,362.62,262.62,,,
1675,2026-09-13 16:19:07,BLR,HYD,2026-09-28,T+15,3873.0,9375.04,2950.0,317.8,217.8,,,
1676,2026-09-13 16:19:28,DEL,SXR,2026-09-20,T+7,6809.0,8440.08,4100.0,205.86,105.86,,,
1677,2026-09-13 16:19:52,DEL,GAU,2026-09-20,T+7,4975.0,8245.6,4750.0,173.59,73.59,,,
1678,2026-09-13 16:20:14,CCU,GAU,2026-09-14,T+1,6109.0,7277.26,2650.0,274.61,174.61,,,
1679,2026-09-13 16:20:36,DEL,IXZ,2026-09-14,T+1,5745.0,6883.81,6400.0,107.56,7.56,,,
1680,2026-09-13 16:20:55,DEL,IXL,2026-09-14,T+1,7738.0,7963.56,4750.0,167.65,67.65,,,
1681,2026-09-13 16:24:18,DEL,COK,2026-09-28,T+15,10715.0,41911.62,5450.0,769.02,669.02,,,
1682,2026-09-13 16:24:39,DEL,PAT,2026-09-20,T+7,6217.0,7155.56,3650.0,196.04,96.04,,,
1683,2026-09-13 16:25:01,DEL,LKO,2026-09-28,T+15,3475.0,5202.39,2950.0,176.35,76.35,,,
1684,2026-09-13 16:25:24,BOM,JAI,2026-09-14,T+1,6386.0,11702.39,3650.0,320.61,220.61,,,
1685,2026-09-13 16:25:47,BOM,AMD,2026-09-28,T+15,3769.0,6028.68,2450.0,246.07,146.07,,,
1686,2026-09-13 16:26:10,MAA,BLR,2026-09-28,T+15,3872.0,5883.17,2250.0,261.47,161.47,,,
1687,2026-09-13 16:26:34,DEL,BBI,2026-09-28,T+15,4975.0,8897.5,4150.0,214.4,114.4,,,
1688,2026-09-13 16:26:55,DEL,ATQ,2026-09-14,T+1,3340.0,3963.66,2650.0,149.57,49.57,,,
1689,2026-09-13 16:27:17,DEL,IDR,2026-09-20,T+7,5613.0,7302.36,3050.0,239.42,139.42,,,
1690,2026-09-13 16:30:36,BOM,COK,2026-09-20,T+7,6623.0,23967.63,4250.0,563.94,463.94,,,
1691,2026-09-13 16:31:02,DEL,BOM,2026-09-14,T+1,6314.0,10905.19,4850.0,224.85,124.85,,,
1692,2026-09-13 16:31:26,BLR,DEL,2026-09-28,T+15,8257.0,9446.23,5200.0,181.66,81.66,,,
1693,2026-09-13 16:31:50,BLR,BOM,2026-09-14,T+1,4283.0,7593.37,3950.0,192.24,92.24,,,
1694,2026-09-13 16:32:13,DEL,CCU,2026-09-20,T+7,7259.0,9673.48,4750.0,203.65,103.65,,,
1695,2026-09-13 16:32:36,DEL,HYD,2026-09-20,T+7,8202.0,10969.6,4600.0,238.47,138.47,,,
1696,2026-09-13 16:32:59,DEL,PNQ,2026-09-28,T+15,6700.0,7983.55,4900.0,162.93,62.93,,,
1697,2026-09-13 16:33:20,BOM,GOI,2026-09-14,T+1,3789.0,5338.95,3100.0,172.22,72.22,,,
1698,2026-09-13 16:36:25,BOM,MAA,2026-09-20,T+7,6000.0,9507.8,4200.0,226.38,126.38,,,
1699,2026-09-13 16:36:48,AMD,DEL,2026-09-14,T+1,5454.0,12678.92,3400.0,372.91,272.91,,,
1700,2026-09-13 16:37:10,BLR,HYD,2026-09-28,T+15,3873.0,9375.04,2950.0,317.8,217.8,,,
1701,2026-09-13 16:37:32,DEL,SXR,2026-09-20,T+7,6809.0,8440.08,4100.0,205.86,105.86,,,
1702,2026-09-13 16:37:54,DEL,GAU,2026-09-28,T+15,4993.0,7438.92,4750.0,156.61,56.61,,,
1703,2026-09-13 16:38:16,CCU,GAU,2026-09-28,T+15,4255.0,5259.85,2650.0,198.48,98.48,,,
1704,2026-09-13 16:38:38,DEL,IXZ,2026-09-14,T+1,5745.0,7129.18,6400.0,111.39,11.39,,,
1705,2026-09-13 16:38:59,DEL,IXL,2026-09-28,T+15,7078.0,7674.23,4750.0,161.56,61.56,,,
1706,2026-09-13 16:41:55,DEL,BOM,2026-09-14,T+1,6314.0,10615.47,4850.0,218.88,118.88,,,
1707,2026-09-13 16:42:18,BLR,DEL,2026-09-28,T+15,8257.0,9457.1,5200.0,181.87,81.87,,,
1708,2026-09-13 16:42:41,BLR,BOM,2026-09-28,T+15,4141.0,7029.01,3950.0,177.95,77.95,,,
1709,2026-09-13 16:43:04,DEL,CCU,2026-09-20,T+7,7253.0,9662.83,4750.0,203.43,103.43,,,
1710,2026-09-13 16:43:26,DEL,HYD,2026-09-28,T+15,7605.0,14054.18,4600.0,305.53,205.53,,,
1711,2026-09-13 16:43:48,DEL,PNQ,2026-09-28,T+15,6711.0,7981.84,4900.0,162.89,62.89,,,
1712,2026-09-13 16:44:10,BOM,GOI,2026-09-20,T+7,3630.0,5074.72,3100.0,163.7,63.7,,,
1713,2026-09-13 16:44:33,BOM,MAA,2026-09-14,T+1,5959.0,13652.43,4200.0,325.06,225.06,,,
1714,2026-09-13 16:44:56,AMD,DEL,2026-09-28,T+15,5545.0,11405.16,3400.0,335.45,235.45,,,
1715,2026-09-13 16:45:18,BLR,HYD,2026-09-20,T+7,3916.0,12921.3,2950.0,438.01,338.01,,,
1716,2026-09-13 16:45:41,DEL,SXR,2026-09-14,T+1,6237.0,9163.21,4100.0,223.49,123.49,,,
1717,2026-09-13 16:46:03,DEL,GAU,2026-09-28,T+15,4975.0,7432.93,4750.0,156.48,56.48,,,
1718,2026-09-13 16:46:25,CCU,GAU,2026-09-14,T+1,6103.0,7202.4,2650.0,271.79,171.79,,,
1719,2026-09-13 16:46:46,DEL,IXZ,2026-09-28,T+15,5756.0,15914.36,6400.0,248.66,148.66,,,
1720,2026-09-13 16:47:08,DEL,IXL,2026-09-20,T+7,7073.0,8091.57,4750.0,170.35,70.35,,,
1721,2026-09-13 16:47:31,DEL,COK,2026-09-20,T+7,4972.0,10291.41,5450.0,188.83,88.83,,,
1722,2026-09-13 16:47:52,DEL,PAT,2026-09-20,T+7,6217.0,7155.56,3650.0,196.04,96.04,,,
1723,2026-09-13 16:48:13,DEL,LKO,2026-09-14,T+1,3789.0,4387.75,2950.0,148.74,48.74,,,
1724,2026-09-13 16:48:35,BOM,JAI,2026-09-14,T+1,6362.0,11702.65,3650.0,320.62,220.62,,,
1725,2026-09-13 16:48:59,BOM,AMD,2026-09-14,T+1,4108.0,7243.92,2450.0,295.67,195.67,,,
1726,2026-09-13 16:49:22,MAA,BLR,2026-09-14,T+1,3883.0,12277.79,2250.0,545.68,445.68,,,
1727,2026-09-13 16:49:45,DEL,BBI,2026-09-28,T+15,4975.0,8889.05,4150.0,214.19,114.19,,,
1728,2026-09-13 16:50:07,DEL,ATQ,2026-09-20,T+7,3325.0,34559.3,2650.0,1304.12,1204.12,,,
1729,2026-09-13 16:50:28,DEL,IDR,2026-09-14,T+1,5558.0,6916.1,3050.0,226.76,126.76,,,
1730,2026-09-13 16:50:51,BOM,COK,2026-09-20,T+7,6521.0,23965.7,4250.0,563.9,463.9,,,
1731,2026-09-13 16:51:05,DEL,BOM,2026-09-14,T+1,6314.0,10628.11,4850.0,219.14,119.14,196.91,7.46,240.0
1732,2026-09-13 16:51:17,DEL,BOM,2026-09-14,T+1,6314.0,10628.11,4850.0,219.14,119.14,,,
1733,2026-09-13 16:51:41,BLR,DEL,2026-09-28,T+15,8257.0,9457.1,5200.0,181.87,81.87,,,
1734,2026-09-13 16:51:47,DEL,BOM,2026-09-14,T+1,6314.0,10628.11,4850.0,219.14,119.14,196.93,7.46,240.0
1735,2026-09-13 16:52:25,BLR,BOM,2026-09-28,T+15,4141.0,7029.01,3950.0,177.95,77.95,,,
1736,2026-09-13 16:52:49,DEL,CCU,2026-09-28,T+15,7253.0,9848.77,4750.0,207.34,107.34,,,
1737,2026-09-13 16:53:12,DEL,HYD,2026-09-28,T+15,7605.0,14053.09,4600.0,305.5,205.5,,,
1738,2026-09-13 16:53:34,DEL,PNQ,2026-09-14,T+1,6700.0,8926.51,4900.0,182.17,82.17,,,
1739,2026-09-13 16:53:57,BOM,GOI,2026-09-20,T+7,3630.0,5072.63,3100.0,163.63,63.63,,,
1740,2026-09-13 16:54:21,BOM,MAA,2026-09-20,T+7,5958.0,9504.13,4200.0,226.29,126.29,,,
1741,2026-09-13 16:54:44,AMD,DEL,2026-09-14,T+1,5476.0,12717.94,3400.0,374.06,274.06,,,
1742,2026-09-13 16:55:06,BLR,HYD,2026-09-28,T+15,3863.0,9372.45,2950.0,317.71,217.71,,,
1743,2026-09-13 16:55:25,DEL,SXR,2026-09-28,T+15,6758.0,7865.23,4100.0,191.83,91.83,,,
1744,2026-09-13 16:55:47,DEL,GAU,2026-09-20,T+7,4975.0,8239.62,4750.0,173.47,73.47,,,
1745,2026-09-13 16:56:09,CCU,GAU,2026-09-14,T+1,6103.0,7316.48,2650.0,276.09,176.09,,,
1746,2026-09-13 16:56:31,DEL,IXZ,2026-09-14,T+1,5757.0,7108.29,6400.0,111.07,11.07,,,
1747,2026-09-13 16:56:52,DEL,IXL,2026-09-28,T+15,7078.0,7662.63,4750.0,161.32,61.32,,,
1748,2026-09-13 16:57:16,DEL,COK,2026-09-20,T+7,4972.0,10291.41,5450.0,188.83,88.83,,,
1749,2026-09-13 16:57:38,DEL,PAT,2026-09-14,T+1,5743.0,6502.26,3650.0,178.14,78.14,,,
1750,2026-09-13 16:58:00,DEL,LKO,2026-09-20,T+7,3950.0,4653.31,2950.0,157.74,57.74,,,
1751,2026-09-13 16:58:22,BOM,JAI,2026-09-20,T+7,6379.0,10765.08,3650.0,294.93,194.93,,,
1752,2026-09-13 16:58:45,BOM,AMD,2026-09-28,T+15,3809.0,6034.83,2450.0,246.32,146.32,,,
1753,2026-09-13 16:59:08,MAA,BLR,2026-09-28,T+15,3840.0,5883.48,2250.0,261.49,161.49,,,
1754,2026-09-13 16:59:31,DEL,BBI,2026-09-20,T+7,4972.0,9646.72,4150.0,232.45,132.45,,,
1755,2026-09-13 16:59:57,DEL,ATQ,2026-09-20,T+7,3325.0,34559.3,2650.0,1304.12,1204.12,,,
1756,2026-09-13 17:00:19,DEL,IDR,2026-09-14,T+1,5558.0,6910.41,3050.0,226.57,126.57,,,
1757,2026-09-13 17:00:41,BOM,COK,2026-09-14,T+1,6521.0,12394.73,4250.0,291.64,191.64,,,
1758,2026-09-13 17:01:20,DEL,BOM,2026-09-20,T+7,6314.0,11000.74,4850.0,226.82,126.82,,,
1759,2026-09-13 17:01:30,DEL,BOM,2026-09-13,T+1,5295.0,5684.58,4850.0,117.21,17.21,132.67,2.52,24.0
1760,2026-09-13 17:01:57,BLR,DEL,2026-09-28,T+15,7597.0,12533.17,5200.0,241.02,141.02,,,
1761,2026-09-13 17:02:20,BLR,BOM,2026-09-28,T+15,3833.0,6907.13,3950.0,174.86,74.86,,,
1762,2026-09-13 17:02:44,DEL,CCU,2026-09-28,T+15,7270.0,9859.71,4750.0,207.57,107.57,,,
1763,2026-09-13 17:03:08,DEL,HYD,2026-09-20,T+7,8213.0,10975.52,4600.0,238.6,138.6,,,
1764,2026-09-13 17:03:22,DEL,BOM,2026-09-14,T+1,6314.0,11911.9,4850.0,245.61,145.61,147.82,3.68,243.0
1765,2026-09-13 17:03:32,DEL,PNQ,2026-09-14,T+1,6695.0,8925.11,4900.0,182.15,82.15,,,
1766,2026-09-13 17:03:43,DEL,BOM,2026-09-14,T+1,6314.0,11911.9,4850.0,245.61,145.61,147.41,3.65,243.0
1767,2026-09-13 17:03:48,DEL,BOM,2026-09-14,T+1,6314.0,11911.9,4850.0,245.61,145.61,147.41,3.65,243.0
1768,2026-09-13 17:04:24,BOM,GOI,2026-09-28,T+15,3537.0,5675.66,3100.0,183.09,83.09,,,
1769,2026-09-13 17:04:46,BOM,MAA,2026-09-20,T+7,6060.0,9524.93,4200.0,226.78,126.78,,,
1770,2026-09-13 17:05:02,DEL,BOM,2026-09-14,T+1,6314.0,11911.9,4850.0,245.61,145.61,150.83,3.91,243.0
1771,2026-09-13 17:05:04,DEL,BOM,2026-09-14,T+1,6314.0,11911.9,4850.0,245.61,145.61,150.83,3.91,243.0
1772,2026-09-13 17:05:39,AMD,DEL,2026-09-14,T+1,5456.0,12739.38,3400.0,374.69,274.69,,,
1773,2026-09-13 17:06:03,BLR,HYD,2026-09-28,T+15,3872.0,9369.2,2950.0,317.6,217.6,,,
1774,2026-09-13 17:06:25,DEL,SXR,2026-09-20,T+7,6730.0,8431.44,4100.0,205.64,105.64,,,
1775,2026-09-13 17:06:48,DEL,GAU,2026-09-14,T+1,4970.0,7643.86,4750.0,160.92,60.92,,,
1776,2026-09-13 17:07:10,CCU,GAU,2026-09-28,T+15,4221.0,5250.4,2650.0,198.13,98.13,,,
1777,2026-09-13 17:07:31,DEL,IXZ,2026-09-14,T+1,5743.0,7118.06,6400.0,111.22,11.22,,,
1778,2026-09-13 17:07:53,DEL,IXL,2026-09-20,T+7,7073.0,8048.7,4750.0,169.45,69.45,,,
1779,2026-09-13 17:08:16,DEL,COK,2026-09-20,T+7,4979.0,10301.05,5450.0,189.01,89.01,,,
1780,2026-09-13 17:08:39,DEL,PAT,2026-09-28,T+15,5750.0,6555.93,3650.0,179.61,79.61,,,
1781,2026-09-13 17:09:00,DEL,LKO,2026-09-14,T+1,3837.0,4403.47,2950.0,149.27,49.27,,,
1782,2026-09-13 17:09:22,BOM,JAI,2026-09-20,T+7,6381.0,10768.61,3650.0,295.03,195.03,,,
1783,2026-09-13 17:09:44,BOM,AMD,2026-09-28,T+15,3764.0,6029.32,2450.0,246.09,146.09,,,
1784,2026-09-13 17:10:07,MAA,BLR,2026-09-20,T+7,3854.0,8966.29,2250.0,398.5,298.5,,,
1785,2026-09-13 17:10:30,DEL,BBI,2026-09-14,T+1,4973.0,8737.73,4150.0,210.55,110.55,,,
1786,2026-09-13 17:10:52,DEL,ATQ,2026-09-14,T+1,3339.0,3959.65,2650.0,149.42,49.42,,,
1787,2026-09-13 17:11:14,DEL,IDR,2026-09-20,T+7,5596.0,7303.53,3050.0,239.46,139.46,,,
1788,2026-09-13 17:11:41,BOM,COK,2026-09-20,T+7,6622.0,23966.48,4250.0,563.92,463.92,,,
1789,2026-09-13 17:12:05,DEL,BOM,2026-09-14,T+1,6314.0,11906.24,4850.0,245.49,145.49,,,
1790,2026-09-13 17:12:29,BLR,DEL,2026-09-28,T+15,7597.0,12533.17,5200.0,241.02,141.02,,,
1791,2026-09-13 17:12:52,BLR,BOM,2026-09-14,T+1,5459.0,7976.44,3950.0,201.94,101.94,,,
1792,2026-09-13 17:13:15,DEL,CCU,2026-09-20,T+7,7254.0,9670.15,4750.0,203.58,103.58,,,
1793,2026-09-13 17:13:37,DEL,HYD,2026-09-14,T+1,7999.0,13615.19,4600.0,295.98,195.98,,,
1794,2026-09-13 17:14:00,DEL,PNQ,2026-09-28,T+15,6695.0,7984.3,4900.0,162.94,62.94,,,
1795,2026-09-13 17:14:22,BOM,GOI,2026-09-28,T+15,3537.0,5675.66,3100.0,183.09,83.09,,,
1796,2026-09-13 17:14:45,BOM,MAA,2026-09-20,T+7,6060.0,9523.3,4200.0,226.75,126.75,,,
1797,2026-09-13 17:15:07,AMD,DEL,2026-09-14,T+1,5456.0,13341.96,3400.0,392.41,292.41,,,
1798,2026-09-13 17:15:31,BLR,HYD,2026-09-20,T+7,3991.0,12961.8,2950.0,439.38,339.38,,,
1799,2026-09-13 17:15:53,DEL,SXR,2026-09-14,T+1,6235.0,9053.84,4100.0,220.83,120.83,,,
1800,2026-09-13 17:16:16,DEL,GAU,2026-09-14,T+1,4970.0,7643.86,4750.0,160.92,60.92,,,
1801,2026-09-13 17:16:43,CCU,GAU,2026-09-28,T+15,4221.0,5250.4,2650.0,198.13,98.13,,,
1802,2026-09-13 17:17:06,DEL,IXZ,2026-09-20,T+7,4970.0,5705.7,6400.0,89.15,-10.85,,,
1803,2026-09-13 17:17:28,DEL,IXL,2026-09-20,T+7,7073.0,8056.89,4750.0,169.62,69.62,,,
1804,2026-09-13 17:17:50,DEL,COK,2026-09-28,T+15,10715.0,41917.65,5450.0,769.13,669.13,,,
1805,2026-09-13 17:18:19,DEL,BOM,2026-09-14,T+1,6314.0,11906.6,4850.0,245.5,145.5,189.37,6.88,242.0
1806,2026-09-13 17:18:39,DEL,PAT,2026-09-14,T+1,5755.0,6509.34,3650.0,178.34,78.34,,,
1807,2026-09-13 17:19:04,DEL,LKO,2026-09-28,T+15,3479.0,5201.06,2950.0,176.31,76.31,,,
1808,2026-09-13 17:19:25,DEL,BOM,2026-09-14,T+1,6314.0,11906.6,4850.0,245.5,145.5,189.68,6.91,242.0
1809,2026-09-13 17:19:38,DEL,BOM,2026-09-14,T+1,6314.0,11906.6,4850.0,245.5,145.5,189.68,6.91,242.0
1810,2026-09-13 17:19:45,BOM,JAI,2026-09-28,T+15,6364.0,9809.8,3650.0,268.76,168.76,,,
1811,2026-09-13 17:20:13,BOM,AMD,2026-09-28,T+15,3764.0,6029.32,2450.0,246.09,146.09,,,
1812,2026-09-13 17:20:36,MAA,BLR,2026-09-20,T+7,3854.0,8966.29,2250.0,398.5,298.5,,,
1813,2026-09-13 17:20:59,DEL,BBI,2026-09-14,T+1,4973.0,8737.73,4150.0,210.55,110.55,,,
1814,2026-09-13 17:21:20,DEL,ATQ,2026-09-28,T+15,3282.0,31408.52,2650.0,1185.23,1085.23,,,
1815,2026-09-13 17:21:43,DEL,IDR,2026-09-28,T+15,5545.0,6804.78,3050.0,223.11,123.11,,,
1816,2026-09-13 17:22:05,BOM,COK,2026-09-20,T+7,6622.0,24020.64,4250.0,565.19,465.19,,,
1817,2026-09-13 17:22:29,DEL,BOM,2026-09-28,T+15,6314.0,10293.98,4850.0,212.25,112.25,,,
1818,2026-09-13 17:22:54,BLR,DEL,2026-09-28,T+15,7597.0,12569.4,5200.0,241.72,141.72,,,
1819,2026-09-13 17:23:17,BLR,BOM,2026-09-28,T+15,3833.0,6905.52,3950.0,174.82,74.82,,,
1820,2026-09-13 17:23:40,DEL,CCU,2026-09-14,T+1,7271.0,10450.32,4750.0,220.01,120.01,,,
1821,2026-09-13 17:24:30,DEL,BOM,2026-09-20,T+7,6314.0,11606.74,4850.0,239.31,139.31,,,
1822,2026-09-13 17:25:06,BLR,DEL,2026-09-28,T+15,7591.0,11011.29,5200.0,211.76,111.76,,,
1823,2026-09-13 17:25:37,DEL,BOM,2026-09-21,T+8,6258.0,7970.94,4850.0,164.35,64.35,138.97,3.0,402.0
1824,2026-09-13 17:25:55,BLR,BOM,2026-09-28,T+15,3764.0,7954.84,3950.0,201.39,101.39,,,
1825,2026-09-13 17:26:26,DEL,CCU,2026-09-28,T+15,7271.0,9476.4,4750.0,199.5,99.5,,,
1826,2026-09-13 17:26:57,DEL,HYD,2026-09-28,T+15,7611.0,11772.99,4600.0,255.93,155.93,,,
1827,2026-09-13 17:27:27,DEL,PNQ,2026-09-20,T+7,6705.0,9278.83,4900.0,189.36,89.36,,,
1828,2026-09-13 17:28:02,BOM,GOI,2026-09-20,T+7,3695.0,6282.57,3100.0,202.66,102.66,,,
1829,2026-09-13 17:28:46,DEL,BOM,2026-09-20,T+7,6314.0,11611.97,4850.0,239.42,139.42,,,
1830,2026-09-13 17:29:02,DEL,BOM,2026-09-20,T+7,6314.0,11611.97,4850.0,239.42,139.42,133.8,2.6,407.0
1831,2026-09-13 17:29:11,BLR,DEL,2026-09-28,T+15,7604.0,11010.43,5200.0,211.74,111.74,,,
1832,2026-09-13 17:29:39,BLR,BOM,2026-09-14,T+1,5076.0,8598.4,3950.0,217.68,117.68,,,
1833,2026-09-13 17:29:54,DEL,BOM,2026-09-14,T+1,6314.0,10459.39,4850.0,215.66,115.66,140.16,3.09,379.0
1834,2026-09-13 17:30:16,DEL,CCU,2026-09-14,T+1,7266.0,10244.22,4750.0,215.67,115.67,,,
1835,2026-09-13 17:30:41,DEL,HYD,2026-09-28,T+15,7612.0,11781.07,4600.0,256.11,156.11,,,
1836,2026-09-13 17:31:03,DEL,PNQ,2026-09-28,T+15,6716.0,8672.67,4900.0,176.99,76.99,,,
1837,2026-09-13 17:31:25,BOM,GOI,2026-09-20,T+7,3803.0,6287.3,3100.0,202.82,102.82,,,
1838,2026-09-13 17:31:51,BOM,MAA,2026-09-28,T+15,5960.0,8758.99,4200.0,208.55,108.55,,,
1839,2026-09-13 17:32:06,DEL,BOM,2026-09-14,T+1,6314.0,10472.17,4850.0,215.92,115.92,150.98,3.93,381.0
1840,2026-09-13 17:32:22,AMD,DEL,2026-09-28,T+15,5430.0,9373.93,3400.0,275.7,175.7,,,
1841,2026-09-13 17:32:51,BLR,HYD,2026-09-14,T+1,6179.0,10111.97,2950.0,342.78,242.78,,,
1842,2026-09-13 17:33:10,DEL,SXR,2026-09-28,T+15,6715.0,10375.09,4100.0,253.05,153.05,,,
1843,2026-09-13 17:33:33,DEL,GAU,2026-09-28,T+15,4991.0,8957.2,4750.0,188.57,88.57,,,
1844,2026-09-13 17:34:00,CCU,GAU,2026-09-20,T+7,4218.0,7067.33,2650.0,266.69,166.69,,,
1845,2026-09-13 17:34:19,DEL,BOM,2026-09-14,T+1,6314.0,10470.03,4850.0,215.88,115.88,167.56,5.2,381.0
1846,2026-09-13 17:34:21,DEL,BOM,2026-09-14,T+1,6314.0,10470.03,4850.0,215.88,115.88,167.56,5.2,381.0
1847,2026-09-13 17:34:57,DEL,IXZ,2026-09-14,T+1,4991.0,22656.64,6400.0,354.01,254.01,,,
1848,2026-09-13 17:35:19,DEL,IXL,2026-09-14,T+1,7512.0,14152.3,4750.0,297.94,197.94,,,
1849,2026-09-13 17:35:44,DEL,COK,2026-09-14,T+1,5039.0,13400.81,5450.0,245.89,145.89,,,
1850,2026-09-13 17:36:05,DEL,PAT,2026-09-20,T+7,6217.0,9021.41,3650.0,247.16,147.16,,,
1851,2026-09-13 17:36:20,DEL,BOM,2026-09-14,T+1,6314.0,10432.14,4850.0,215.1,115.1,171.78,5.53,380.0
1852,2026-09-13 17:36:21,DEL,BOM,2026-09-14,T+1,6314.0,10432.14,4850.0,215.1,115.1,171.78,5.53,380.0
1853,2026-09-13 17:36:55,DEL,LKO,2026-09-20,T+7,3956.0,8524.55,2950.0,288.97,188.97,,,
1854,2026-09-13 17:37:18,BOM,JAI,2026-09-20,T+7,6381.0,11201.12,3650.0,306.88,206.88,,,
1855,2026-09-13 17:37:42,BOM,AMD,2026-09-14,T+1,4160.0,12460.53,2450.0,508.59,408.59,,,
1856,2026-09-13 17:38:10,MAA,BLR,2026-09-14,T+1,3839.0,13483.3,2250.0,599.26,499.26,,,
1857,2026-09-13 17:38:33,DEL,BBI,2026-09-14,T+1,4970.0,10351.49,4150.0,249.43,149.43,,,
1858,2026-09-13 17:38:55,DEL,ATQ,2026-09-14,T+1,3288.0,7779.72,2650.0,293.57,193.57,,,
1859,2026-09-13 17:39:17,DEL,IDR,2026-09-20,T+7,5597.0,8265.0,3050.0,270.98,170.98,,,
1860,2026-09-13 17:39:46,BOM,COK,2026-09-28,T+15,6488.0,11308.73,4250.0,266.09,166.09,,,
1861,2026-09-13 17:40:11,DEL,BOM,2026-09-14,T+1,6314.0,10436.44,4850.0,215.18,115.18,,,
1862,2026-09-13 17:40:35,BLR,DEL,2026-09-28,T+15,7604.0,11004.42,5200.0,211.62,111.62,,,
1863,2026-09-13 17:41:00,BLR,BOM,2026-09-14,T+1,5076.0,8627.03,3950.0,218.41,118.41,,,
1864,2026-09-13 17:41:24,DEL,CCU,2026-09-28,T+15,7271.0,9490.58,4750.0,199.8,99.8,,,
1865,2026-09-13 17:41:48,DEL,HYD,2026-09-28,T+15,7612.0,11781.07,4600.0,256.11,156.11,,,
1866,2026-09-13 17:42:04,DEL,BOM,2026-09-14,T+1,6314.0,10462.08,4850.0,215.71,115.71,193.2,7.18,381.0
1867,2026-09-13 17:42:26,DEL,PNQ,2026-09-14,T+1,6716.0,9864.52,4900.0,201.32,101.32,,,
1868,2026-09-13 17:42:27,DEL,BOM,2026-09-14,T+1,6314.0,10462.08,4850.0,215.71,115.71,192.12,7.09,381.0
1869,2026-09-13 17:43:03,BOM,GOI,2026-09-28,T+15,3533.0,6828.6,3100.0,220.28,120.28,,,
1870,2026-09-13 17:43:27,BOM,MAA,2026-09-20,T+7,5960.0,9955.04,4200.0,237.02,137.02,,,
1871,2026-09-13 17:43:50,AMD,DEL,2026-09-28,T+15,5430.0,9373.93,3400.0,275.7,175.7,,,
1872,2026-09-13 17:44:14,BLR,HYD,2026-09-20,T+7,3837.0,10291.95,2950.0,348.88,248.88,,,
1873,2026-09-13 17:44:35,DEL,SXR,2026-09-28,T+15,6715.0,10327.8,4100.0,251.9,151.9,,,
1874,2026-09-13 17:44:58,DEL,GAU,2026-09-28,T+15,4991.0,8957.2,4750.0,188.57,88.57,,,
1875,2026-09-13 17:45:20,CCU,GAU,2026-09-28,T+15,4069.0,6310.63,2650.0,238.14,138.14,,,
1876,2026-09-13 17:45:42,DEL,IXZ,2026-09-28,T+15,5781.0,19117.95,6400.0,298.72,198.72,,,
1877,2026-09-13 17:46:06,DEL,IXL,2026-09-20,T+7,7078.0,12109.08,4750.0,254.93,154.93,,,
1878,2026-09-13 17:46:32,DEL,COK,2026-09-20,T+7,5023.0,12535.22,5450.0,230.0,130.0,,,
1879,2026-09-13 17:46:54,DEL,PAT,2026-09-28,T+15,5741.0,7476.93,3650.0,204.85,104.85,,,
1880,2026-09-13 17:47:16,DEL,LKO,2026-09-28,T+15,3470.0,5936.75,2950.0,201.25,101.25,,,
1881,2026-09-13 17:47:38,BOM,JAI,2026-09-28,T+15,6364.0,10171.96,3650.0,278.68,178.68,,,
1882,2026-09-13 17:48:05,BOM,AMD,2026-09-20,T+7,3902.0,9917.05,2450.0,404.78,304.78,,,
1883,2026-09-13 17:48:29,MAA,BLR,2026-09-14,T+1,3839.0,13483.3,2250.0,599.26,499.26,,,
1884,2026-09-13 17:48:52,DEL,BBI,2026-09-14,T+1,4970.0,10915.66,4150.0,263.03,163.03,,,
1885,2026-09-13 17:49:16,DEL,ATQ,2026-09-14,T+1,3288.0,7768.21,2650.0,293.14,193.14,,,
1886,2026-09-13 17:49:39,DEL,IDR,2026-09-20,T+7,5597.0,8259.87,3050.0,270.82,170.82,,,
1887,2026-09-13 17:50:04,BOM,COK,2026-09-14,T+1,6488.0,12309.44,4250.0,289.63,189.63,,,
1888,2026-09-13 17:50:31,DEL,BOM,2026-09-28,T+15,6314.0,8513.0,4850.0,175.53,75.53,,,
1889,2026-09-13 17:50:58,BLR,DEL,2026-09-20,T+7,8034.0,10751.94,5200.0,206.77,106.77,,,
1890,2026-09-13 17:51:23,BLR,BOM,2026-09-28,T+15,3793.0,7984.84,3950.0,202.15,102.15,,,
1891,2026-09-13 17:51:53,DEL,CCU,2026-09-14,T+1,7266.0,10437.75,4750.0,219.74,119.74,,,
1892,2026-09-13 17:52:18,DEL,HYD,2026-09-28,T+15,7612.0,11781.07,4600.0,256.11,156.11,,,
1893,2026-09-13 17:52:41,DEL,PNQ,2026-09-14,T+1,6716.0,9907.47,4900.0,202.19,102.19,,,
1894,2026-09-13 17:53:04,BOM,GOI,2026-09-20,T+7,3803.0,6287.3,3100.0,202.82,102.82,,,
1895,2026-09-13 17:53:28,BOM,MAA,2026-09-20,T+7,5960.0,9962.9,4200.0,237.21,137.21,,,
1896,2026-09-13 17:53:50,AMD,DEL,2026-09-28,T+15,5430.0,9367.88,3400.0,275.53,175.53,,,
1897,2026-09-13 17:54:15,BLR,HYD,2026-09-14,T+1,6179.0,10091.49,2950.0,342.08,242.08,,,
1898,2026-09-13 17:54:39,DEL,SXR,2026-09-20,T+7,6373.0,11434.0,4100.0,278.88,178.88,,,
1899,2026-09-13 17:55:03,DEL,GAU,2026-09-20,T+7,4975.0,9603.04,4750.0,202.17,102.17,,,
1900,2026-09-13 17:55:25,CCU,GAU,2026-09-28,T+15,4069.0,6310.63,2650.0,238.14,138.14,,,
1901,2026-09-13 17:55:47,DEL,IXZ,2026-09-20,T+7,4975.0,20599.53,6400.0,321.87,221.87,,,
1902,2026-09-13 17:56:09,DEL,IXL,2026-09-20,T+7,7078.0,12115.74,4750.0,255.07,155.07,,,
1903,2026-09-13 17:56:34,DEL,COK,2026-09-14,T+1,5039.0,13416.45,5450.0,246.17,146.17,,,
1904,2026-09-13 17:56:52,DEL,BOM,2026-09-14,T+1,7211.0,12424.94,4850.0,256.18,156.18,,,
1905,2026-09-13 17:56:57,DEL,BOM,2026-09-20,T+7,7211.0,12424.94,4850.0,256.18,156.18,132.28,2.49,100.0
1906,2026-09-13 17:57:23,BLR,DEL,2026-09-14,T+1,10394.0,14153.67,5200.0,272.19,172.19,,,
1907,2026-09-13 17:57:35,BLR,BOM,2026-09-28,T+15,7544.0,11288.44,3950.0,285.78,185.78,,,
1908,2026-09-13 17:57:47,DEL,CCU,2026-09-28,T+15,8817.0,13665.99,4750.0,287.71,187.71,,,
1909,2026-09-13 17:58:00,DEL,HYD,2026-09-14,T+1,9128.0,19349.15,4600.0,420.63,320.63,,,
1910,2026-09-13 17:58:12,DEL,PNQ,2026-09-20,T+7,8092.0,11979.91,4900.0,244.49,144.49,,,
1911,2026-09-13 17:58:24,BOM,GOI,2026-09-20,T+7,4511.0,7504.39,3100.0,242.08,142.08,,,
1912,2026-09-13 17:58:37,BOM,MAA,2026-09-14,T+1,8512.0,12254.76,4200.0,291.78,191.78,,,
1913,2026-09-13 17:58:49,AMD,DEL,2026-09-20,T+7,6443.0,16227.3,3400.0,477.27,377.27,,,
1914,2026-09-13 17:59:01,BLR,HYD,2026-09-28,T+15,8201.0,13722.45,2950.0,465.17,365.17,,,
1915,2026-09-13 17:59:14,DEL,SXR,2026-09-28,T+15,6373.0,11434.0,4100.0,278.88,178.88,,,
1916,2026-09-13 17:59:26,DEL,GAU,2026-09-14,T+1,6105.0,11337.29,4750.0,238.68,138.68,,,
1917,2026-09-13 17:59:38,CCU,GAU,2026-09-14,T+1,5027.0,7455.22,2650.0,281.33,181.33,,,
1918,2026-09-13 17:59:51,DEL,IXZ,2026-09-20,T+7,4975.0,20599.53,6400.0,321.87,221.87,,,
1919,2026-09-13 18:00:03,DEL,IXL,2026-09-14,T+1,7078.0,12115.74,4750.0,255.07,155.07,,,
1920,2026-09-13 18:00:15,DEL,COK,2026-09-28,T+15,10821.0,15415.12,5450.0,282.85,182.85,,,
1921,2026-09-13 18:00:28,DEL,PAT,2026-09-28,T+15,6666.0,8332.18,3650.0,228.28,128.28,,,
1922,2026-09-13 18:00:40,DEL,LKO,2026-09-14,T+1,4116.0,7170.76,2950.0,243.08,143.08,,,
1923,2026-09-13 18:00:53,BOM,JAI,2026-09-14,T+1,7509.0,10796.93,3650.0,295.81,195.81,,,
1924,2026-09-13 18:01:05,BOM,AMD,2026-09-20,T+7,4657.0,11343.24,2450.0,462.99,362.99,,,
1925,2026-09-13 18:01:17,MAA,BLR,2026-09-14,T+1,9522.0,18723.92,2250.0,832.17,732.17,,,
1926,2026-09-13 18:01:30,DEL,BBI,2026-09-14,T+1,5781.0,12205.29,4150.0,294.1,194.1,,,
1927,2026-09-13 18:01:42,DEL,ATQ,2026-09-14,T+1,3932.0,9959.88,2650.0,375.84,275.84,,,
1928,2026-09-13 18:01:54,DEL,IDR,2026-09-28,T+15,6593.0,9334.79,3050.0,306.06,206.06,,,
1929,2026-09-13 18:02:07,BOM,COK,2026-09-20,T+7,8320.0,15779.49,4250.0,371.28,271.28,,,
1930,2026-09-13 18:02:19,DEL,BOM,2026-09-28,T+15,7211.0,12424.94,4850.0,256.18,156.18,,,
1931,2026-09-13 18:02:31,BLR,DEL,2026-09-14,T+1,10394.0,14153.67,5200.0,272.19,172.19,,,
1932,2026-09-13 18:02:44,BLR,BOM,2026-09-14,T+1,7544.0,11288.44,3950.0,285.78,185.78,,,
1933,2026-09-13 18:02:56,DEL,CCU,2026-09-28,T+15,8817.0,13665.99,4750.0,287.71,187.71,,,
1934,2026-09-13 18:03:08,DEL,HYD,2026-09-20,T+7,9128.0,19349.15,4600.0,420.63,320.63,,,
1935,2026-09-13 18:03:21,DEL,PNQ,2026-09-28,T+15,8092.0,11979.91,4900.0,244.49,144.49,,,
1936,2026-09-13 18:03:33,BOM,GOI,2026-09-28,T+15,4511.0,7504.39,3100.0,242.08,142.08,,,
1937,2026-09-13 18:03:46,BOM,MAA,2026-09-14,T+1,8512.0,12254.76,4200.0,291.78,191.78,,,
1938,2026-09-13 18:03:58,AMD,DEL,2026-09-20,T+7,6443.0,16227.3,3400.0,477.27,377.27,,,
1939,2026-09-13 18:04:10,BLR,HYD,2026-09-14,T+1,8201.0,13722.45,2950.0,465.17,365.17,,,
1940,2026-09-13 18:04:23,DEL,SXR,2026-09-28,T+15,6373.0,11434.0,4100.0,278.88,178.88,,,
1941,2026-09-13 18:04:32,DEL,BOM,2026-09-14,T+1,7211.0,12424.94,4850.0,256.18,156.18,237.59,10.59,100.0
1942,2026-09-13 18:04:58,DEL,GAU,2026-09-28,T+15,6105.0,11337.29,4750.0,238.68,138.68,,,
1943,2026-09-13 18:05:10,CCU,GAU,2026-09-28,T+15,5027.0,7455.22,2650.0,281.33,181.33,,,
1944,2026-09-13 18:05:23,DEL,IXZ,2026-09-20,T+7,4975.0,20599.53,6400.0,321.87,221.87,,,
1945,2026-09-13 18:05:35,DEL,IXL,2026-09-20,T+7,7078.0,12115.74,4750.0,255.07,155.07,,,
1946,2026-09-13 18:05:48,DEL,COK,2026-09-14,T+1,10821.0,15415.12,5450.0,282.85,182.85,,,
1947,2026-09-13 18:06:00,DEL,PAT,2026-09-28,T+15,6666.0,8332.18,3650.0,228.28,128.28,,,
1948,2026-09-13 18:06:12,DEL,LKO,2026-09-28,T+15,4116.0,7170.76,2950.0,243.08,143.08,,,
1949,2026-09-13 18:06:25,BOM,JAI,2026-09-14,T+1,7509.0,10796.93,3650.0,295.81,195.81,,,
1950,2026-09-13 18:06:37,BOM,AMD,2026-09-14,T+1,4657.0,11343.24,2450.0,462.99,362.99,,,
1951,2026-09-13 18:06:50,MAA,BLR,2026-09-14,T+1,9522.0,18723.92,2250.0,832.17,732.17,,,
1952,2026-09-13 18:07:02,DEL,BBI,2026-09-14,T+1,5781.0,12205.29,4150.0,294.1,194.1,,,
1953,2026-09-13 18:07:14,DEL,ATQ,2026-09-28,T+15,3932.0,9959.88,2650.0,375.84,275.84,,,
1954,2026-09-13 18:07:27,DEL,IDR,2026-09-20,T+7,6593.0,9334.79,3050.0,306.06,206.06,,,
1955,2026-09-13 18:07:39,BOM,COK,2026-09-14,T+1,8320.0,15779.49,4250.0,371.28,271.28,,,
1956,2026-09-13 18:07:52,DEL,BOM,2026-09-14,T+1,7211.0,12424.94,4850.0,256.18,156.18,,,
1957,2026-09-13 18:08:04,BLR,DEL,2026-09-20,T+7,10394.0,14153.67,5200.0,272.19,172.19,,,
1958,2026-09-13 18:08:16,BLR,BOM,2026-09-28,T+15,7544.0,11288.44,3950.0,285.78,185.78,,,
1959,2026-09-13 18:08:29,DEL,CCU,2026-09-28,T+15,8817.0,13665.99,4750.0,287.71,187.71,,,
1960,2026-09-13 18:08:41,DEL,HYD,2026-09-20,T+7,9128.0,19349.15,4600.0,420.63,320.63,,,
1961,2026-09-13 18:08:54,DEL,PNQ,2026-09-28,T+15,8092.0,11979.91,4900.0,244.49,144.49,,,
1962,2026-09-13 18:09:06,BOM,GOI,2026-09-28,T+15,4511.0,7504.39,3100.0,242.08,142.08,,,
1963,2026-09-13 18:09:18,BOM,MAA,2026-09-14,T+1,8512.0,12254.76,4200.0,291.78,191.78,,,
1964,2026-09-13 18:09:31,AMD,DEL,2026-09-20,T+7,6443.0,16227.3,3400.0,477.27,377.27,,,
1965,2026-09-13 18:09:43,BLR,HYD,2026-09-20,T+7,8201.0,13722.45,2950.0,465.17,365.17,,,
1966,2026-09-13 18:09:56,DEL,SXR,2026-09-20,T+7,6373.0,11434.0,4100.0,278.88,178.88,,,
1967,2026-09-13 18:10:08,DEL,GAU,2026-09-14,T+1,6105.0,11337.29,4750.0,238.68,138.68,,,
1968,2026-09-13 18:10:20,CCU,GAU,2026-09-20,T+7,5027.0,7455.22,2650.0,281.33,181.33,,,
1969,2026-09-13 18:10:33,DEL,IXZ,2026-09-20,T+7,4975.0,20599.53,6400.0,321.87,221.87,,,
1970,2026-09-13 18:10:45,DEL,IXL,2026-09-20,T+7,7078.0,12115.74,4750.0,255.07,155.07,,,
1971,2026-09-13 18:10:57,DEL,COK,2026-09-28,T+15,10821.0,15415.12,5450.0,282.85,182.85,,,
1972,2026-09-13 18:11:10,DEL,PAT,2026-09-20,T+7,6666.0,8332.18,3650.0,228.28,128.28,,,
1973,2026-09-13 18:11:22,DEL,LKO,2026-09-14,T+1,4116.0,7170.76,2950.0,243.08,143.08,,,
1974,2026-09-13 18:11:35,BOM,JAI,2026-09-20,T+7,7509.0,10796.93,3650.0,295.81,195.81,,,
1975,2026-09-13 18:11:47,BOM,AMD,2026-09-28,T+15,4657.0,11343.24,2450.0,462.99,362.99,,,
1976,2026-09-13 18:11:59,MAA,BLR,2026-09-14,T+1,9522.0,18723.92,2250.0,832.17,732.17,,,
1977,2026-09-13 18:12:12,DEL,BBI,2026-09-14,T+1,5781.0,12205.29,4150.0,294.1,194.1,,,
1978,2026-09-13 18:12:24,DEL,ATQ,2026-09-14,T+1,3932.0,9959.88,2650.0,375.84,275.84,,,
1979,2026-09-13 18:12:36,DEL,IDR,2026-09-28,T+15,6593.0,9334.79,3050.0,306.06,206.06,,,
1980,2026-09-13 18:12:49,BOM,COK,2026-09-20,T+7,8320.0,15779.49,4250.0,371.28,271.28,,,
1981,2026-09-13 18:13:01,DEL,BOM,2026-09-14,T+1,7211.0,12424.94,4850.0,256.18,156.18,,,
1982,2026-09-13 18:13:13,BLR,DEL,2026-09-20,T+7,10394.0,14153.67,5200.0,272.19,172.19,,,
1983,2026-09-13 18:13:26,BLR,BOM,2026-09-28,T+15,7544.0,11288.44,3950.0,285.78,185.78,,,
1984,2026-09-13 18:13:38,DEL,CCU,2026-09-20,T+7,8817.0,13665.99,4750.0,287.71,187.71,,,
1985,2026-09-13 18:13:50,DEL,HYD,2026-09-14,T+1,9128.0,19349.15,4600.0,420.63,320.63,,,
1986,2026-09-13 18:14:03,DEL,PNQ,2026-09-28,T+15,8092.0,11979.91,4900.0,244.49,144.49,,,
1987,2026-09-13 18:14:15,BOM,GOI,2026-09-14,T+1,4511.0,7504.39,3100.0,242.08,142.08,,,
1988,2026-09-13 18:14:28,BOM,MAA,2026-09-14,T+1,8512.0,12254.76,4200.0,291.78,191.78,,,
1989,2026-09-13 18:14:40,AMD,DEL,2026-09-20,T+7,6443.0,16227.3,3400.0,477.27,377.27,,,
1990,2026-09-13 18:14:52,BLR,HYD,2026-09-28,T+15,8201.0,13722.45,2950.0,465.17,365.17,,,
1991,2026-09-13 18:15:05,DEL,SXR,2026-09-28,T+15,6373.0,11434.0,4100.0,278.88,178.88,,,
1992,2026-09-13 18:15:17,DEL,GAU,2026-09-20,T+7,6105.0,11337.29,4750.0,238.68,138.68,,,
1993,2026-09-13 18:15:29,CCU,GAU,2026-09-14,T+1,5027.0,7455.22,2650.0,281.33,181.33,,,
1994,2026-09-13 18:15:42,DEL,IXZ,2026-09-14,T+1,4975.0,20599.53,6400.0,321.87,221.87,,,
1995,2026-09-13 18:15:54,DEL,IXL,2026-09-28,T+15,7078.0,12115.74,4750.0,255.07,155.07,,,
1996,2026-09-13 18:16:07,DEL,COK,2026-09-14,T+1,10821.0,15415.12,5450.0,282.85,182.85,,,
1997,2026-09-13 18:16:19,DEL,PAT,2026-09-14,T+1,6666.0,8332.18,3650.0,228.28,128.28,,,
1998,2026-09-13 18:16:31,DEL,LKO,2026-09-20,T+7,4116.0,7170.76,2950.0,243.08,143.08,,,
1999,2026-09-13 18:16:44,BOM,JAI,2026-09-20,T+7,7509.0,10796.93,3650.0,295.81,195.81,,,
2000,2026-09-13 18:16:56,BOM,AMD,2026-09-28,T+15,4657.0,11343.24,2450.0,462.99,362.99,,,
2001,2026-09-13 18:17:08,MAA,BLR,2026-09-14,T+1,9522.0,18723.92,2250.0,832.17,732.17,,,
2002,2026-09-13 18:17:21,DEL,BBI,2026-09-28,T+15,5781.0,12205.29,4150.0,294.1,194.1,,,
2003,2026-09-13 18:17:33,DEL,ATQ,2026-09-14,T+1,3932.0,9959.88,2650.0,375.84,275.84,,,
2004,2026-09-13 18:17:46,DEL,IDR,2026-09-20,T+7,6593.0,9334.79,3050.0,306.06,206.06,,,
2005,2026-09-13 18:17:58,BOM,COK,2026-09-20,T+7,8320.0,15779.49,4250.0,371.28,271.28,,,
2006,2026-09-13 18:18:10,DEL,BOM,2026-09-20,T+7,7211.0,12424.94,4850.0,256.18,156.18,,,
2007,2026-09-13 18:18:23,BLR,DEL,2026-09-28,T+15,10394.0,14153.67,5200.0,272.19,172.19,,,
2008,2026-09-13 18:18:35,BLR,BOM,2026-09-14,T+1,7544.0,11288.44,3950.0,285.78,185.78,,,
2009,2026-09-13 18:18:47,DEL,CCU,2026-09-14,T+1,8817.0,13665.99,4750.0,287.71,187.71,,,
2010,2026-09-13 18:19:00,DEL,HYD,2026-09-20,T+7,9128.0,19349.15,4600.0,420.63,320.63,,,
2011,2026-09-13 18:19:12,DEL,PNQ,2026-09-14,T+1,8092.0,11979.91,4900.0,244.49,144.49,,,
2012,2026-09-13 18:19:25,BOM,GOI,2026-09-14,T+1,4511.0,7504.39,3100.0,242.08,142.08,,,
2013,2026-09-13 18:19:37,BOM,MAA,2026-09-14,T+1,8512.0,12254.76,4200.0,291.78,191.78,,,
2014,2026-09-13 18:19:49,AMD,DEL,2026-09-28,T+15,6443.0,16227.3,3400.0,477.27,377.27,,,
2015,2026-09-13 18:20:02,BLR,HYD,2026-09-20,T+7,8201.0,13722.45,2950.0,465.17,365.17,,,
2016,2026-09-13 18:20:14,DEL,SXR,2026-09-14,T+1,6373.0,11434.0,4100.0,278.88,178.88,,,
2017,2026-09-13 18:20:27,DEL,GAU,2026-09-20,T+7,6105.0,11337.29,4750.0,238.68,138.68,,,
2018,2026-09-13 18:20:39,CCU,GAU,2026-09-14,T+1,5027.0,7455.22,2650.0,281.33,181.33,,,
2019,2026-09-13 18:20:51,DEL,IXZ,2026-09-20,T+7,4975.0,20599.53,6400.0,321.87,221.87,,,
2020,2026-09-13 18:21:04,DEL,IXL,2026-09-14,T+1,7078.0,12115.74,4750.0,255.07,155.07,,,
2021,2026-09-13 18:21:16,DEL,COK,2026-09-14,T+1,10821.0,15415.12,5450.0,282.85,182.85,,,
2022,2026-09-13 18:21:28,DEL,PAT,2026-09-28,T+15,6666.0,8332.18,3650.0,228.28,128.28,,,
2023,2026-09-13 18:21:41,DEL,LKO,2026-09-14,T+1,4116.0,7170.76,2950.0,243.08,143.08,,,
2024,2026-09-13 18:21:53,BOM,JAI,2026-09-28,T+15,7509.0,10796.93,3650.0,295.81,195.81,,,
2025,2026-09-13 18:22:05,BOM,AMD,2026-09-28,T+15,4657.0,11343.24,2450.0,462.99,362.99,,,
2026,2026-09-13 18:22:18,MAA,BLR,2026-09-28,T+15,9522.0,18723.92,2250.0,832.17,732.17,,,
2027,2026-09-13 18:22:30,DEL,BBI,2026-09-14,T+1,5781.0,12205.29,4150.0,294.1,194.1,,,
2028,2026-09-13 18:22:42,DEL,ATQ,2026-09-20,T+7,3932.0,9959.88,2650.0,375.84,275.84,,,
2029,2026-09-13 18:22:55,DEL,IDR,2026-09-20,T+7,6593.0,9334.79,3050.0,306.06,206.06,,,
2030,2026-09-13 18:23:07,BOM,COK,2026-09-28,T+15,8320.0,15779.49,4250.0,371.28,271.28,,,
2031,2026-09-13 18:23:19,DEL,BOM,2026-09-28,T+15,7211.0,12424.94,4850.0,256.18,156.18,,,
2032,2026-09-13 18:23:32,BLR,DEL,2026-09-20,T+7,10394.0,14153.67,5200.0,272.19,172.19,,,
2033,2026-09-13 18:23:44,BLR,BOM,2026-09-20,T+7,7544.0,11288.44,3950.0,285.78,185.78,,,
2034,2026-09-13 18:23:56,DEL,CCU,2026-09-14,T+1,8817.0,13665.99,4750.0,287.71,187.71,,,
2035,2026-09-13 18:24:09,DEL,HYD,2026-09-28,T+15,9128.0,19349.15,4600.0,420.63,320.63,,,
2036,2026-09-13 18:24:21,DEL,PNQ,2026-09-28,T+15,8092.0,11979.91,4900.0,244.49,144.49,,,
2037,2026-09-13 18:24:33,BOM,GOI,2026-09-28,T+15,4511.0,7504.39,3100.0,242.08,142.08,,,
2038,2026-09-13 18:24:46,BOM,MAA,2026-09-20,T+7,8512.0,12254.76,4200.0,291.78,191.78,,,
2039,2026-09-13 18:24:58,AMD,DEL,2026-09-14,T+1,6443.0,16227.3,3400.0,477.27,377.27,,,
2040,2026-09-13 18:25:10,BLR,HYD,2026-09-28,T+15,8201.0,13722.45,2950.0,465.17,365.17,,,
2041,2026-09-13 18:25:23,DEL,SXR,2026-09-20,T+7,6373.0,11434.0,4100.0,278.88,178.88,,,
2042,2026-09-13 18:25:35,DEL,GAU,2026-09-14,T+1,6105.0,11337.29,4750.0,238.68,138.68,,,
2043,2026-09-13 18:25:48,CCU,GAU,2026-09-20,T+7,5027.0,7455.22,2650.0,281.33,181.33,,,
2044,2026-09-13 18:26:00,DEL,IXZ,2026-09-20,T+7,4975.0,20599.53,6400.0,321.87,221.87,,,
2045,2026-09-13 18:26:12,DEL,IXL,2026-09-14,T+1,7078.0,12115.74,4750.0,255.07,155.07,,,
2046,2026-09-13 18:26:25,DEL,COK,2026-09-14,T+1,10821.0,15415.12,5450.0,282.85,182.85,,,
2047,2026-09-13 18:26:37,DEL,PAT,2026-09-14,T+1,6666.0,8332.18,3650.0,228.28,128.28,,,
2048,2026-09-13 18:26:50,DEL,LKO,2026-09-20,T+7,4116.0,7170.76,2950.0,243.08,143.08,,,
2049,2026-09-13 18:27:02,BOM,JAI,2026-09-20,T+7,7509.0,10796.93,3650.0,295.81,195.81,,,
2050,2026-09-13 18:27:15,BOM,AMD,2026-09-14,T+1,4657.0,11343.24,2450.0,462.99,362.99,,,
2051,2026-09-13 18:27:27,MAA,BLR,2026-09-20,T+7,9522.0,18723.92,2250.0,832.17,732.17,,,
2052,2026-09-13 18:27:39,DEL,BBI,2026-09-20,T+7,5781.0,12205.29,4150.0,294.1,194.1,,,
2053,2026-09-13 18:27:52,DEL,ATQ,2026-09-28,T+15,3932.0,9959.88,2650.0,375.84,275.84,,,
2054,2026-09-13 18:28:04,DEL,IDR,2026-09-20,T+7,6593.0,9334.79,3050.0,306.06,206.06,,,
2055,2026-09-13 18:28:16,BOM,COK,2026-09-28,T+15,8320.0,15779.49,4250.0,371.28,271.28,,,
2056,2026-09-13 18:28:29,DEL,BOM,2026-09-28,T+15,7211.0,12424.94,4850.0,256.18,156.18,,,
2057,2026-09-13 18:28:41,BLR,DEL,2026-09-14,T+1,10394.0,14153.67,5200.0,272.19,172.19,,,
2058,2026-09-13 18:28:53,BLR,BOM,2026-09-14,T+1,7544.0,11288.44,3950.0,285.78,185.78,,,
2059,2026-09-13 18:29:06,DEL,CCU,2026-09-14,T+1,8817.0,13665.99,4750.0,287.71,187.71,,,
2060,2026-09-13 18:29:18,DEL,HYD,2026-09-28,T+15,9128.0,19349.15,4600.0,420.63,320.63,,,
2061,2026-09-13 18:29:31,DEL,PNQ,2026-09-14,T+1,8092.0,11979.91,4900.0,244.49,144.49,,,
2062,2026-09-13 18:29:43,BOM,GOI,2026-09-28,T+15,4511.0,7504.39,3100.0,242.08,142.08,,,
2063,2026-09-13 18:29:55,BOM,MAA,2026-09-20,T+7,8512.0,12254.76,4200.0,291.78,191.78,,,
2064,2026-09-13 18:30:08,AMD,DEL,2026-09-21,T+7,6443.0,16227.3,3400.0,477.27,377.27,,,
2065,2026-09-13 18:30:20,BLR,HYD,2026-09-29,T+15,8201.0,13722.45,2950.0,465.17,365.17,,,
2066,2026-09-13 18:30:32,DEL,SXR,2026-09-21,T+7,6373.0,11434.0,4100.0,278.88,178.88,,,
2067,2026-09-13 18:30:45,DEL,GAU,2026-09-21,T+7,6105.0,11337.29,4750.0,238.68,138.68,,,
2068,2026-09-13 18:30:57,CCU,GAU,2026-09-15,T+1,5027.0,7455.22,2650.0,281.33,181.33,,,
2069,2026-09-13 18:31:09,DEL,IXZ,2026-09-15,T+1,4975.0,20599.53,6400.0,321.87,221.87,,,
2070,2026-09-13 18:31:22,DEL,IXL,2026-09-21,T+7,7078.0,12115.74,4750.0,255.07,155.07,,,
2071,2026-09-13 18:31:34,DEL,COK,2026-09-21,T+7,10821.0,15415.12,5450.0,282.85,182.85,,,
2072,2026-09-13 18:31:46,DEL,PAT,2026-09-15,T+1,6666.0,8332.18,3650.0,228.28,128.28,,,
2073,2026-09-13 18:31:59,DEL,LKO,2026-09-15,T+1,4116.0,7170.76,2950.0,243.08,143.08,,,
2074,2026-09-13 18:32:11,BOM,JAI,2026-09-29,T+15,7509.0,10796.93,3650.0,295.81,195.81,,,
2075,2026-09-13 18:32:24,BOM,AMD,2026-09-29,T+15,4657.0,11343.24,2450.0,462.99,362.99,,,
2076,2026-09-13 18:32:36,MAA,BLR,2026-09-15,T+1,9522.0,18723.92,2250.0,832.17,732.17,,,
2077,2026-09-13 18:32:49,DEL,BBI,2026-09-29,T+15,5781.0,12205.29,4150.0,294.1,194.1,,,
2078,2026-09-13 18:33:01,DEL,ATQ,2026-09-21,T+7,3932.0,9959.88,2650.0,375.84,275.84,,,
2079,2026-09-13 18:33:13,DEL,IDR,2026-09-21,T+7,6593.0,9334.79,3050.0,306.06,206.06,,,
2080,2026-09-13 18:33:26,BOM,COK,2026-09-21,T+7,8320.0,15779.49,4250.0,371.28,271.28,,,
2081,2026-09-13 18:33:35,DEL,BOM,2026-09-20,T+6,7211.0,12424.94,4850.0,256.18,156.18,240.95,10.85,100.0
2082,2026-09-13 18:34:01,DEL,BOM,2026-09-21,T+7,7211.0,12424.94,4850.0,256.18,156.18,,,
2083,2026-09-13 18:34:05,DEL,BOM,2026-09-20,T+6,7211.0,12424.94,4850.0,256.18,156.18,237.77,10.61,100.0
2084,2026-09-13 18:34:31,BLR,DEL,2026-09-21,T+7,10394.0,14153.67,5200.0,272.19,172.19,,,
2085,2026-09-13 18:34:43,BLR,BOM,2026-09-15,T+1,7544.0,11288.44,3950.0,285.78,185.78,,,
2086,2026-09-13 18:34:56,DEL,CCU,2026-09-29,T+15,8817.0,13665.99,4750.0,287.71,187.71,,,
2087,2026-09-13 18:35:08,DEL,HYD,2026-09-21,T+7,9128.0,19349.15,4600.0,420.63,320.63,,,
2088,2026-09-13 18:35:20,DEL,PNQ,2026-09-21,T+7,8092.0,11979.91,4900.0,244.49,144.49,,,
2089,2026-09-13 18:35:23,DEL,BOM,2026-09-20,T+6,7211.0,12424.94,4850.0,256.18,156.18,242.57,10.98,100.0
2090,2026-09-13 18:35:48,BOM,GOI,2026-09-21,T+7,4511.0,7504.39,3100.0,242.08,142.08,,,
2091,2026-09-13 18:36:00,BOM,MAA,2026-09-15,T+1,8512.0,12254.76,4200.0,291.78,191.78,,,
2092,2026-09-13 18:36:13,AMD,DEL,2026-09-15,T+1,6443.0,16227.3,3400.0,477.27,377.27,,,
2093,2026-09-13 18:36:25,BLR,HYD,2026-09-29,T+15,8201.0,13722.45,2950.0,465.17,365.17,,,
2094,2026-09-13 18:36:31,DEL,BOM,2026-09-20,T+6,7211.0,12424.94,4850.0,256.18,156.18,237.97,10.62,100.0
2095,2026-09-13 18:36:56,DEL,SXR,2026-09-21,T+7,6373.0,11434.0,4100.0,278.88,178.88,,,
2096,2026-09-13 18:37:09,DEL,GAU,2026-09-21,T+7,6105.0,11337.29,4750.0,238.68,138.68,,,
2097,2026-09-13 18:37:21,CCU,GAU,2026-09-21,T+7,5027.0,7455.22,2650.0,281.33,181.33,,,
2098,2026-09-13 18:37:33,DEL,IXZ,2026-09-15,T+1,4975.0,20599.53,6400.0,321.87,221.87,,,
2099,2026-09-13 18:37:46,DEL,IXL,2026-09-29,T+15,7078.0,12115.74,4750.0,255.07,155.07,,,
2100,2026-09-13 18:37:58,DEL,COK,2026-09-15,T+1,10821.0,15415.12,5450.0,282.85,182.85,,,
2101,2026-09-13 18:38:11,DEL,PAT,2026-09-15,T+1,6666.0,8332.18,3650.0,228.28,128.28,,,
2102,2026-09-13 18:38:23,DEL,LKO,2026-09-15,T+1,4116.0,7170.76,2950.0,243.08,143.08,,,
2103,2026-09-13 18:38:35,BOM,JAI,2026-09-29,T+15,7509.0,10796.93,3650.0,295.81,195.81,,,
2104,2026-09-13 18:38:48,BOM,AMD,2026-09-29,T+15,4657.0,11343.24,2450.0,462.99,362.99,,,
2105,2026-09-13 18:39:00,MAA,BLR,2026-09-29,T+15,9522.0,18723.92,2250.0,832.17,732.17,,,
2106,2026-09-13 18:39:12,DEL,BBI,2026-09-29,T+15,5781.0,12205.29,4150.0,294.1,194.1,,,
2107,2026-09-13 18:39:26,DEL,BOM,2026-09-15,T+1,7211.0,10910.33,4850.0,224.96,124.96,,,
2108,2026-09-13 18:39:38,BLR,DEL,2026-09-29,T+15,10394.0,13920.98,5200.0,267.71,167.71,,,
2109,2026-09-13 18:39:47,DEL,BOM,2026-09-20,T+6,7211.0,10910.33,4850.0,224.96,124.96,139.57,3.05,96.0
2110,2026-09-13 18:40:13,BLR,BOM,2026-09-21,T+7,7544.0,11288.44,3950.0,285.78,185.78,,,
2111,2026-09-13 18:40:25,DEL,CCU,2026-09-21,T+7,8817.0,11482.46,4750.0,241.74,141.74,,,
2112,2026-09-13 18:40:37,DEL,HYD,2026-09-21,T+7,9128.0,13324.1,4600.0,289.65,189.65,,,
2113,2026-09-13 18:40:42,DEL,BOM,2026-09-20,T+6,7211.0,10910.33,4850.0,224.96,124.96,154.61,4.2,96.0
2114,2026-09-13 18:41:08,DEL,PNQ,2026-09-15,T+1,8092.0,11833.64,4900.0,241.5,141.5,,,
2115,2026-09-13 18:41:20,BOM,GOI,2026-09-21,T+7,4511.0,7504.39,3100.0,242.08,142.08,,,
2116,2026-09-13 18:41:32,BOM,MAA,2026-09-29,T+15,8512.0,10969.45,4200.0,261.18,161.18,,,
2117,2026-09-13 18:41:41,DEL,BOM,2026-09-20,T+6,7211.0,10910.33,4850.0,224.96,124.96,163.3,4.87,96.0
2118,2026-09-13 18:42:06,AMD,DEL,2026-09-15,T+1,6443.0,8217.68,3400.0,241.7,141.7,,,
2119,2026-09-13 18:42:18,BLR,HYD,2026-09-21,T+7,8201.0,12488.6,2950.0,423.34,323.34,,,
2120,2026-09-13 18:42:31,DEL,SXR,2026-09-15,T+1,6373.0,11092.83,4100.0,270.56,170.56,,,
2121,2026-09-13 18:42:43,DEL,GAU,2026-09-29,T+15,6105.0,10766.23,4750.0,226.66,126.66,,,
2122,2026-09-13 18:42:55,CCU,GAU,2026-09-29,T+15,5027.0,7455.22,2650.0,281.33,181.33,,,
2123,2026-09-13 18:43:08,DEL,IXZ,2026-09-29,T+15,4975.0,19538.67,6400.0,305.29,205.29,,,
2124,2026-09-13 18:43:20,DEL,IXL,2026-09-29,T+15,7078.0,12115.74,4750.0,255.07,155.07,,,
2125,2026-09-13 18:43:32,DEL,COK,2026-09-15,T+1,10821.0,14337.88,5450.0,263.08,163.08,,,
2126,2026-09-13 18:43:45,DEL,PAT,2026-09-15,T+1,6666.0,8332.18,3650.0,228.28,128.28,,,
2127,2026-09-13 18:43:57,DEL,LKO,2026-09-15,T+1,4116.0,7170.76,2950.0,243.08,143.08,,,
2128,2026-09-13 18:43:58,DEL,BOM,2026-09-14,T+1,7211.0,10910.33,4850.0,224.96,124.96,184.18,6.48,96.0
2129,2026-09-13 18:44:04,DEL,BOM,2026-09-14,T+1,7211.0,10910.33,4850.0,224.96,124.96,184.18,6.48,96.0
2130,2026-09-13 18:44:07,DEL,BOM,2026-09-14,T+1,7211.0,10910.33,4850.0,224.96,124.96,184.18,6.48,96.0
2131,2026-09-13 18:44:33,BOM,JAI,2026-09-21,T+7,7509.0,9306.23,3650.0,254.97,154.97,,,
2132,2026-09-13 18:44:45,BOM,AMD,2026-09-15,T+1,4657.0,8727.91,2450.0,356.24,256.24,,,
2133,2026-09-13 18:44:58,MAA,BLR,2026-09-21,T+7,9522.0,14976.31,2250.0,665.61,565.61,,,
2134,2026-09-13 18:45:10,DEL,BBI,2026-09-29,T+15,5781.0,11904.54,4150.0,286.86,186.86,,,
2135,2026-09-13 18:45:23,DEL,ATQ,2026-09-21,T+7,3932.0,9959.88,2650.0,375.84,275.84,,,
2136,2026-09-13 18:45:35,DEL,IDR,2026-09-21,T+7,6593.0,9334.79,3050.0,306.06,206.06,,,
2137,2026-09-13 18:45:48,BOM,COK,2026-09-21,T+7,8320.0,10818.95,4250.0,254.56,154.56,,,
2138,2026-09-13 18:45:59,DEL,BOM,2026-09-14,T+1,7211.0,10910.33,4850.0,224.96,124.96,207.07,8.24,96.0
2139,2026-09-13 18:46:25,DEL,BOM,2026-09-29,T+15,7211.0,10910.33,4850.0,224.96,124.96,,,
2140,2026-09-13 18:46:37,BLR,DEL,2026-09-21,T+7,10394.0,13920.98,5200.0,267.71,167.71,,,
2141,2026-09-13 18:46:39,DEL,BOM,2026-09-14,T+1,7211.0,10910.33,4850.0,224.96,124.96,209.87,8.46,96.0
2142,2026-09-13 18:47:05,BLR,BOM,2026-09-29,T+15,7544.0,11288.44,3950.0,285.78,185.78,,,
2143,2026-09-13 18:47:05,DEL,BOM,2026-09-15,T+1,7211.0,10910.33,4850.0,224.96,124.96,212.18,8.64,96.0
2144,2026-09-13 18:47:09,DEL,BOM,2026-09-15,T+1,7211.0,10910.33,4850.0,224.96,124.96,212.18,8.64,96.0
2145,2026-09-13 18:47:17,DEL,BOM,2026-09-15,T+1,7211.0,10910.33,4850.0,224.96,124.96,212.18,8.64,96.0
2146,2026-09-13 18:47:21,DEL,BOM,2026-09-15,T+1,7211.0,10910.33,4850.0,224.96,124.96,212.18,8.64,96.0
2147,2026-09-13 18:47:46,DEL,CCU,2026-09-21,T+7,8817.0,11482.46,4750.0,241.74,141.74,,,
2148,2026-09-13 18:47:53,DEL,BOM,2026-09-20,T+6,7211.0,10910.33,4850.0,224.96,124.96,212.18,8.64,96.0
2149,2026-09-13 18:48:18,DEL,HYD,2026-09-15,T+1,9128.0,13324.1,4600.0,289.65,189.65,,,
2150,2026-09-13 18:48:30,DEL,PNQ,2026-09-15,T+1,8092.0,11833.64,4900.0,241.5,141.5,,,
2151,2026-09-13 18:48:43,BOM,GOI,2026-09-15,T+1,4511.0,7504.39,3100.0,242.08,142.08,,,
2152,2026-09-13 18:48:55,BOM,MAA,2026-09-21,T+7,8512.0,10969.45,4200.0,261.18,161.18,,,
2153,2026-09-13 18:49:08,AMD,DEL,2026-09-29,T+15,6443.0,8217.68,3400.0,241.7,141.7,,,
2154,2026-09-13 18:49:12,DEL,BOM,2026-09-14,T+1,7211.0,10910.33,4850.0,224.96,124.96,210.41,8.5,96.0
2155,2026-09-13 18:49:18,DEL,BOM,2026-09-14,T+1,7211.0,10910.33,4850.0,224.96,124.96,210.41,8.5,96.0
2156,2026-09-13 18:49:43,BLR,HYD,2026-09-21,T+7,8201.0,12488.6,2950.0,423.34,323.34,,,
2157,2026-09-13 18:49:55,DEL,SXR,2026-09-15,T+1,6373.0,11092.83,4100.0,270.56,170.56,,,
2158,2026-09-13 18:50:08,DEL,GAU,2026-09-29,T+15,6105.0,10766.23,4750.0,226.66,126.66,,,
2159,2026-09-13 18:50:20,CCU,GAU,2026-09-21,T+7,5027.0,7455.22,2650.0,281.33,181.33,,,
2160,2026-09-13 18:50:33,DEL,IXZ,2026-09-21,T+7,4975.0,19538.67,6400.0,305.29,205.29,,,
2161,2026-09-13 18:50:45,DEL,IXL,2026-09-21,T+7,7078.0,12115.74,4750.0,255.07,155.07,,,
2162,2026-09-13 18:50:57,DEL,COK,2026-09-29,T+15,10821.0,14337.88,5450.0,263.08,163.08,,,
2163,2026-09-13 18:51:10,DEL,PAT,2026-09-15,T+1,6666.0,8332.18,3650.0,228.28,128.28,,,
2164,2026-09-13 18:51:22,DEL,LKO,2026-09-21,T+7,4116.0,7170.76,2950.0,243.08,143.08,,,
2165,2026-09-13 18:51:34,BOM,JAI,2026-09-21,T+7,7509.0,9306.23,3650.0,254.97,154.97,,,
2166,2026-09-13 18:51:47,BOM,AMD,2026-09-15,T+1,4657.0,8727.91,2450.0,356.24,256.24,,,
2167,2026-09-13 18:51:59,MAA,BLR,2026-09-29,T+15,9522.0,14976.31,2250.0,665.61,565.61,,,
2168,2026-09-13 18:52:11,DEL,BBI,2026-09-21,T+7,5781.0,11904.54,4150.0,286.86,186.86,,,
2169,2026-09-13 18:52:24,DEL,ATQ,2026-09-21,T+7,3932.0,9959.88,2650.0,375.84,275.84,,,
2170,2026-09-13 18:52:36,DEL,IDR,2026-09-21,T+7,6593.0,9334.79,3050.0,306.06,206.06,,,
2171,2026-09-13 18:52:49,BOM,COK,2026-09-21,T+7,8320.0,10818.95,4250.0,254.56,154.56,,,
2172,2026-09-13 18:53:01,DEL,BOM,2026-09-21,T+7,7211.0,10910.33,4850.0,224.96,124.96,,,
2173,2026-09-13 18:53:13,BLR,DEL,2026-09-15,T+1,10394.0,13920.98,5200.0,267.71,167.71,,,
2174,2026-09-13 18:53:26,BLR,BOM,2026-09-21,T+7,7544.0,11288.44,3950.0,285.78,185.78,,,
2175,2026-09-13 18:53:38,DEL,CCU,2026-09-21,T+7,8817.0,11482.46,4750.0,241.74,141.74,,,
2176,2026-09-13 18:53:50,DEL,HYD,2026-09-15,T+1,9128.0,13324.1,4600.0,289.65,189.65,,,
2177,2026-09-13 18:54:03,DEL,PNQ,2026-09-29,T+15,8092.0,11833.64,4900.0,241.5,141.5,,,
2178,2026-09-13 18:54:15,BOM,GOI,2026-09-21,T+7,4511.0,7504.39,3100.0,242.08,142.08,,,
2179,2026-09-13 18:54:28,BOM,MAA,2026-09-21,T+7,8512.0,10969.45,4200.0,261.18,161.18,,,
2180,2026-09-13 18:54:40,AMD,DEL,2026-09-21,T+7,6443.0,8217.68,3400.0,241.7,141.7,,,
2181,2026-09-13 18:54:52,BLR,HYD,2026-09-29,T+15,8201.0,12488.6,2950.0,423.34,323.34,,,
2182,2026-09-13 18:55:05,DEL,SXR,2026-09-29,T+15,6373.0,11092.83,4100.0,270.56,170.56,,,
2183,2026-09-13 18:55:17,DEL,GAU,2026-09-15,T+1,6105.0,10766.23,4750.0,226.66,126.66,,,
2184,2026-09-13 18:55:29,CCU,GAU,2026-09-15,T+1,5027.0,7455.22,2650.0,281.33,181.33,,,
2185,2026-09-13 18:55:42,DEL,IXZ,2026-09-15,T+1,4975.0,19538.67,6400.0,305.29,205.29,,,
2186,2026-09-13 18:55:54,DEL,IXL,2026-09-21,T+7,7078.0,12115.74,4750.0,255.07,155.07,,,
2187,2026-09-13 18:56:06,DEL,COK,2026-09-21,T+7,10821.0,14337.88,5450.0,263.08,163.08,,,
2188,2026-09-13 18:56:19,DEL,PAT,2026-09-21,T+7,6666.0,8332.18,3650.0,228.28,128.28,,,
2189,2026-09-13 18:56:31,DEL,LKO,2026-09-21,T+7,4116.0,7170.76,2950.0,243.08,143.08,,,
2190,2026-09-13 18:56:44,BOM,JAI,2026-09-21,T+7,7509.0,9306.23,3650.0,254.97,154.97,,,
2191,2026-09-13 18:56:56,BOM,AMD,2026-09-15,T+1,4657.0,8727.91,2450.0,356.24,256.24,,,
2192,2026-09-13 18:57:08,MAA,BLR,2026-09-29,T+15,9522.0,14976.31,2250.0,665.61,565.61,,,
2193,2026-09-13 18:57:21,DEL,BBI,2026-09-15,T+1,5781.0,11904.54,4150.0,286.86,186.86,,,
2194,2026-09-13 18:57:33,DEL,ATQ,2026-09-15,T+1,3932.0,9959.88,2650.0,375.84,275.84,,,
2195,2026-09-13 18:57:45,DEL,IDR,2026-09-15,T+1,6593.0,9334.79,3050.0,306.06,206.06,,,
2196,2026-09-13 18:57:58,BOM,COK,2026-09-21,T+7,8320.0,10818.95,4250.0,254.56,154.56,,,
2197,2026-09-13 18:58:10,DEL,BOM,2026-09-29,T+15,7211.0,10910.33,4850.0,224.96,124.96,,,
2198,2026-09-13 18:58:23,BLR,DEL,2026-09-15,T+1,10394.0,13920.98,5200.0,267.71,167.71,,,
2199,2026-09-13 18:58:27,DEL,BOM,2026-09-20,T+6,7211.0,10910.33,4850.0,224.96,124.96,211.15,8.56,96.0
2200,2026-09-13 18:59:02,DEL,BOM,2026-09-29,T+15,7211.0,10910.33,4850.0,224.96,124.96,,,
2201,2026-09-13 18:59:14,BLR,DEL,2026-09-21,T+7,10394.0,13920.98,5200.0,267.71,167.71,,,
2202,2026-09-13 18:59:20,DEL,BOM,2026-09-20,T+6,7211.0,10910.33,4850.0,224.96,124.96,142.38,3.26,96.0
2203,2026-09-13 18:59:46,BLR,BOM,2026-09-15,T+1,7544.0,11288.44,3950.0,285.78,185.78,,,
2204,2026-09-13 18:59:58,DEL,CCU,2026-09-29,T+15,8817.0,11482.46,4750.0,241.74,141.74,,,
2205,2026-09-13 19:00:11,DEL,HYD,2026-09-29,T+15,9128.0,13324.1,4600.0,289.65,189.65,,,
2206,2026-09-13 19:00:23,DEL,PNQ,2026-09-15,T+1,8092.0,11833.64,4900.0,241.5,141.5,,,
2207,2026-09-13 19:00:25,DEL,BOM,2026-09-14,T+1,7211.0,10910.33,4850.0,224.96,124.96,159.99,4.62,96.0
2208,2026-09-13 19:00:29,DEL,BOM,2026-09-14,T+1,7211.0,10910.33,4850.0,224.96,124.96,159.99,4.62,96.0
2209,2026-09-13 19:00:38,DEL,BOM,2026-09-14,T+1,7211.0,10910.33,4850.0,224.96,124.96,159.99,4.62,96.0
2210,2026-09-13 19:01:04,BOM,GOI,2026-09-29,T+15,4511.0,7504.39,3100.0,242.08,142.08,,,
2211,2026-09-13 19:01:16,BOM,MAA,2026-09-15,T+1,8512.0,10969.45,4200.0,261.18,161.18,,,
2212,2026-09-13 19:01:29,AMD,DEL,2026-09-29,T+15,6443.0,8217.68,3400.0,241.7,141.7,,,
2213,2026-09-13 19:01:41,BLR,HYD,2026-09-29,T+15,8201.0,12488.6,2950.0,423.34,323.34,,,
2214,2026-09-13 19:02:03,DEL,BOM,2026-09-15,T+1,7211.0,10910.33,4850.0,224.96,124.96,,,
2215,2026-09-13 19:02:15,BLR,DEL,2026-09-15,T+1,10394.0,13920.98,5200.0,267.71,167.71,,,
2216,2026-09-13 19:02:16,DEL,BOM,2026-09-14,T+1,7211.0,10910.33,4850.0,224.96,124.96,134.41,2.65,96.0
2217,2026-09-13 19:02:20,DEL,BOM,2026-09-14,T+1,7211.0,10910.33,4850.0,224.96,124.96,134.41,2.65,96.0
2218,2026-09-13 19:02:45,BLR,BOM,2026-09-21,T+7,7544.0,11288.44,3950.0,285.78,185.78,,,
2219,2026-09-13 19:02:58,DEL,CCU,2026-09-15,T+1,8817.0,11482.46,4750.0,241.74,141.74,,,
2220,2026-09-13 19:03:10,DEL,HYD,2026-09-21,T+7,9128.0,13324.1,4600.0,289.65,189.65,,,
2221,2026-09-13 19:03:22,DEL,PNQ,2026-09-21,T+7,8092.0,11833.64,4900.0,241.5,141.5,,,
2222,2026-09-13 19:03:35,BOM,GOI,2026-09-15,T+1,4511.0,7504.39,3100.0,242.08,142.08,,,
2223,2026-09-13 19:03:47,BOM,MAA,2026-09-21,T+7,8512.0,10969.45,4200.0,261.18,161.18,,,
2224,2026-09-13 19:04:00,AMD,DEL,2026-09-21,T+7,6443.0,8217.68,3400.0,241.7,141.7,,,
2225,2026-09-13 19:04:12,BLR,HYD,2026-09-21,T+7,8201.0,12488.6,2950.0,423.34,323.34,,,
2226,2026-09-13 19:04:25,DEL,SXR,2026-09-21,T+7,6373.0,11092.83,4100.0,270.56,170.56,,,
2227,2026-09-13 19:04:37,DEL,GAU,2026-09-15,T+1,6105.0,10766.23,4750.0,226.66,126.66,,,
2228,2026-09-13 19:04:49,CCU,GAU,2026-09-29,T+15,5027.0,7455.22,2650.0,281.33,181.33,,,
2229,2026-09-13 19:05:02,DEL,IXZ,2026-09-29,T+15,4975.0,19538.67,6400.0,305.29,205.29,,,
2230,2026-09-13 19:05:14,DEL,IXL,2026-09-29,T+15,7078.0,12115.74,4750.0,255.07,155.07,,,
2231,2026-09-13 19:05:26,DEL,COK,2026-09-21,T+7,10821.0,14337.88,5450.0,263.08,163.08,,,
2232,2026-09-13 19:05:39,DEL,PAT,2026-09-29,T+15,6666.0,8332.18,3650.0,228.28,128.28,,,
2233,2026-09-13 19:05:51,DEL,LKO,2026-09-15,T+1,4116.0,7170.76,2950.0,243.08,143.08,,,
2234,2026-09-13 19:06:04,BOM,JAI,2026-09-29,T+15,7509.0,9306.23,3650.0,254.97,154.97,,,
2235,2026-09-13 19:06:16,BOM,AMD,2026-09-29,T+15,4657.0,8727.91,2450.0,356.24,256.24,,,
2236,2026-09-13 19:06:28,MAA,BLR,2026-09-15,T+1,9522.0,14976.31,2250.0,665.61,565.61,,,
2237,2026-09-13 19:06:41,DEL,BBI,2026-09-21,T+7,5781.0,11904.54,4150.0,286.86,186.86,,,
2238,2026-09-13 19:06:53,DEL,ATQ,2026-09-21,T+7,3932.0,9959.88,2650.0,375.84,275.84,,,
2239,2026-09-13 19:07:05,DEL,IDR,2026-09-29,T+15,6593.0,9334.79,3050.0,306.06,206.06,,,
2240,2026-09-13 19:07:18,BOM,COK,2026-09-29,T+15,8320.0,10818.95,4250.0,254.56,154.56,,,
2241,2026-09-13 19:07:30,DEL,BOM,2026-09-29,T+15,7211.0,10910.33,4850.0,224.96,124.96,,,
2242,2026-09-13 19:07:43,BLR,DEL,2026-09-29,T+15,10394.0,13920.98,5200.0,267.71,167.71,,,
2243,2026-09-13 19:07:55,BLR,BOM,2026-09-15,T+1,7544.0,11288.44,3950.0,285.78,185.78,,,
2244,2026-09-13 19:08:07,DEL,CCU,2026-09-15,T+1,8817.0,11482.46,4750.0,241.74,141.74,,,
2245,2026-09-13 19:08:20,DEL,HYD,2026-09-15,T+1,9128.0,13324.1,4600.0,289.65,189.65,,,
2246,2026-09-13 19:08:32,DEL,PNQ,2026-09-21,T+7,8092.0,11833.64,4900.0,241.5,141.5,,,
2247,2026-09-13 19:08:45,BOM,GOI,2026-09-29,T+15,4511.0,7504.39,3100.0,242.08,142.08,,,
2248,2026-09-13 19:08:57,BOM,MAA,2026-09-21,T+7,8512.0,10969.45,4200.0,261.18,161.18,,,
2249,2026-09-13 19:09:09,AMD,DEL,2026-09-15,T+1,6443.0,8217.68,3400.0,241.7,141.7,,,
2250,2026-09-13 19:09:22,BLR,HYD,2026-09-29,T+15,8201.0,12488.6,2950.0,423.34,323.34,,,
2251,2026-09-13 19:09:34,DEL,SXR,2026-09-15,T+1,6373.0,11092.83,4100.0,270.56,170.56,,,
2252,2026-09-13 19:09:47,DEL,GAU,2026-09-15,T+1,6105.0,10766.23,4750.0,226.66,126.66,,,
2253,2026-09-13 19:09:59,CCU,GAU,2026-09-21,T+7,5027.0,7455.22,2650.0,281.33,181.33,,,
2254,2026-09-13 19:10:11,DEL,IXZ,2026-09-21,T+7,4975.0,19538.67,6400.0,305.29,205.29,,,
2255,2026-09-13 19:10:22,DEL,BOM,2026-09-20,T+6,7211.0,10910.33,4850.0,224.96,124.96,212.34,8.65,96.0
2256,2026-09-13 19:10:59,DEL,BOM,2026-09-21,T+7,6314.0,7886.09,4850.0,162.6,62.6,,,
2257,2026-09-13 19:11:16,DEL,BOM,2026-09-20,T+6,6314.0,11364.84,4850.0,234.33,134.33,126.9,2.07,399.0
2258,2026-09-13 19:11:34,BLR,DEL,2026-09-29,T+15,7566.0,9988.83,5200.0,192.09,92.09,,,
2259,2026-09-13 19:12:03,BLR,BOM,2026-09-29,T+15,3719.0,7191.71,3950.0,182.07,82.07,,,
2260,2026-09-13 19:12:33,DEL,CCU,2026-09-21,T+7,7256.0,8954.6,4750.0,188.52,88.52,,,
2261,2026-09-13 19:12:58,DEL,BOM,2026-09-14,T+1,6314.0,8259.09,4850.0,170.29,70.29,133.59,2.59,372.0
2262,2026-09-13 19:13:21,DEL,HYD,2026-09-29,T+15,7610.0,9886.66,4600.0,214.93,114.93,,,
2263,2026-09-13 19:13:45,DEL,BOM,2026-09-14,T+1,6314.0,8259.09,4850.0,170.29,70.29,136.74,2.83,372.0
2264,2026-09-13 19:14:09,DEL,PNQ,2026-09-21,T+7,6728.0,8422.8,4900.0,171.89,71.89,,,
2265,2026-09-13 19:14:39,BOM,GOI,2026-09-29,T+15,3915.0,6998.74,3100.0,225.77,125.77,,,
2266,2026-09-13 19:15:09,BOM,MAA,2026-09-21,T+7,5956.0,8784.77,4200.0,209.16,109.16,,,
2267,2026-09-13 19:15:39,AMD,DEL,2026-09-29,T+15,5517.0,6634.64,3400.0,195.14,95.14,,,
2268,2026-09-13 19:16:13,BLR,HYD,2026-09-15,T+1,6482.0,10961.01,2950.0,371.56,271.56,,,
2269,2026-09-13 19:16:43,DEL,SXR,2026-09-15,T+1,6016.0,9730.02,4100.0,237.32,137.32,,,
2270,2026-09-13 19:17:14,DEL,BOM,2026-09-15,T+1,6314.0,7161.25,4850.0,147.65,47.65,,,
2271,2026-09-13 19:17:18,DEL,BOM,2026-09-14,T+0,6314.0,6867.76,4850.0,141.6,41.6,123.81,1.83,53.0
2272,2026-09-13 19:17:28,BLR,DEL,2026-09-15,T+1,8257.0,9976.8,5200.0,191.86,91.86,123.81,1.83,35.0
2273,2026-09-13 19:17:51,DEL,BOM,2026-09-20,T+6,6314.0,7884.73,4850.0,162.57,62.57,123.81,1.83,54.0
2274,2026-09-13 19:18:16,BLR,DEL,2026-09-21,T+7,8257.0,8450.76,5200.0,162.51,62.51,,,
2275,2026-09-13 19:18:31,BLR,BOM,2026-09-21,T+7,4637.0,7002.9,3950.0,177.29,77.29,,,
2276,2026-09-13 19:18:45,DEL,CCU,2026-09-21,T+7,7271.0,8694.15,4750.0,183.03,83.03,,,
2277,2026-09-13 19:18:50,DEL,BOM,2026-09-14,T+0,6314.0,6867.76,4850.0,141.6,41.6,124.5,1.89,53.0
2278,2026-09-13 19:19:12,DEL,BOM,2026-09-14,T+0,6314.0,6867.76,4850.0,141.6,41.6,124.5,1.89,53.0
2279,2026-09-13 19:19:37,DEL,HYD,2026-09-21,T+7,7884.0,9424.08,4600.0,204.87,104.87,,,
2280,2026-09-13 19:19:55,DEL,IXA,2026-09-18,T+4,4977.0,9151.22,4500.0,203.36,103.36,126.0,2.0,101.0
2281,2026-09-13 19:20:06,DEL,PNQ,2026-09-15,T+1,6929.0,8272.81,4900.0,168.83,68.83,,,
2282,2026-09-13 19:20:21,BOM,GOI,2026-09-15,T+1,5014.0,7921.68,3100.0,255.54,155.54,,,
2283,2026-09-13 19:20:35,BOM,MAA,2026-09-29,T+15,6546.0,7592.57,4200.0,180.78,80.78,,,
2284,2026-09-13 19:20:50,AMD,DEL,2026-09-21,T+7,5929.0,6232.73,3400.0,183.32,83.32,,,
2285,2026-09-13 19:21:04,BLR,HYD,2026-09-15,T+1,6864.0,11768.44,2950.0,398.93,298.93,,,
2286,2026-09-13 19:21:18,DEL,SXR,2026-09-29,T+15,6735.0,8626.44,4100.0,210.4,110.4,,,
2287,2026-09-13 19:21:32,DEL,GAU,2026-09-21,T+7,7819.0,8106.14,4750.0,170.66,70.66,,,
2288,2026-09-13 19:21:46,CCU,GAU,2026-09-21,T+7,4850.0,5557.0,2650.0,209.7,109.7,,,
2289,2026-09-13 19:21:59,DEL,RPR,2026-09-18,T+4,6960.0,7389.01,4500.0,164.2,64.2,137.85,2.91,8.0
2290,2026-09-13 19:22:39,DEL,IXZ,2026-09-29,T+15,5768.0,19921.78,6400.0,311.28,211.28,,,
2291,2026-09-13 19:22:41,BLR,IDR,2026-09-18,T+4,6910.0,9783.86,4500.0,217.42,117.42,138.14,2.94,7.0
2292,2026-09-13 19:23:06,DEL,IXL,2026-09-15,T+1,7738.0,7880.05,4750.0,165.9,65.9,,,
2293,2026-09-13 19:23:21,DEL,COK,2026-09-21,T+7,10716.0,11668.44,5450.0,214.1,114.1,,,
2294,2026-09-13 19:23:35,DEL,PAT,2026-09-21,T+7,6249.0,6483.19,3650.0,177.62,77.62,,,
2295,2026-09-13 19:24:01,DEL,LKO,2026-09-21,T+7,3905.0,4102.34,2950.0,139.06,39.06,,,
2296,2026-09-13 19:24:33,BOM,JAI,2026-09-15,T+1,6976.0,8748.4,3650.0,239.68,139.68,,,
2297,2026-09-13 19:24:55,BOM,AMD,2026-09-21,T+7,4218.0,6708.67,2450.0,273.82,173.82,,,
2298,2026-09-13 19:25:09,MAA,BLR,2026-09-21,T+7,4293.0,4990.63,2250.0,221.81,121.81,,,
2299,2026-09-13 19:25:23,DEL,BBI,2026-09-15,T+1,10235.0,11957.66,4150.0,288.14,188.14,,,
2300,2026-09-13 19:25:38,DEL,ATQ,2026-09-21,T+7,3696.0,4020.21,2650.0,151.71,51.71,,,
2301,2026-09-13 19:25:52,DEL,IDR,2026-09-29,T+15,6109.0,6189.08,3050.0,202.92,102.92,,,
2302,2026-09-13 19:26:06,BOM,COK,2026-09-29,T+15,7144.0,7567.84,4250.0,178.07,78.07,,,
2303,2026-09-13 19:26:21,DEL,BOM,2026-09-21,T+7,6314.0,6847.13,4850.0,141.18,41.18,,,
2304,2026-09-13 19:26:36,BLR,DEL,2026-09-15,T+1,8257.0,9976.8,5200.0,191.86,91.86,,,
2305,2026-09-13 19:26:50,BLR,BOM,2026-09-21,T+7,4637.0,7037.49,3950.0,178.16,78.16,,,
2306,2026-09-13 19:27:04,DEL,CCU,2026-09-29,T+15,7271.0,8696.67,4750.0,183.09,83.09,,,
2307,2026-09-13 19:27:19,DEL,HYD,2026-09-15,T+1,7962.0,10223.68,4600.0,222.25,122.25,,,
2308,2026-09-13 19:27:34,DEL,PNQ,2026-09-21,T+7,6929.0,7217.86,4900.0,147.3,47.3,,,
2309,2026-09-13 19:27:48,BOM,GOI,2026-09-15,T+1,5014.0,7921.68,3100.0,255.54,155.54,,,
2310,2026-09-13 19:28:02,BOM,MAA,2026-09-29,T+15,6546.0,7625.48,4200.0,181.56,81.56,,,
2311,2026-09-13 19:28:09,DEL,BOM,2026-09-14,T+0,6314.0,6867.76,4850.0,141.6,41.6,147.47,3.66,53.0
2312,2026-09-13 19:28:34,AMD,DEL,2026-09-15,T+1,5929.0,8753.97,3400.0,257.47,157.47,,,
2313,2026-09-13 19:28:47,DEL,BLR,2026-09-14,T+0,9972.0,14011.06,5200.0,269.44,169.44,148.82,3.76,35.0
2314,2026-09-13 19:29:13,BLR,HYD,2026-09-29,T+15,4288.0,5892.38,2950.0,199.74,99.74,,,
2315,2026-09-13 19:29:27,DEL,SXR,2026-09-15,T+1,6608.0,9641.26,4100.0,235.15,135.15,,,
2316,2026-09-13 19:29:41,DEL,GAU,2026-09-21,T+7,7819.0,8106.14,4750.0,170.66,70.66,,,
2317,2026-09-13 19:29:55,CCU,GAU,2026-09-29,T+15,4700.0,4966.67,2650.0,187.42,87.42,,,
2318,2026-09-13 19:30:23,DEL,IXZ,2026-09-15,T+1,4977.0,14415.7,6400.0,225.25,125.25,,,
2319,2026-09-13 19:30:37,DEL,IXL,2026-09-15,T+1,7738.0,7880.05,4750.0,165.9,65.9,,,
2320,2026-09-13 19:30:51,DEL,COK,2026-09-29,T+15,10715.0,12718.46,5450.0,233.37,133.37,,,
2321,2026-09-13 19:31:05,DEL,PAT,2026-09-21,T+7,6249.0,6483.19,3650.0,177.62,77.62,,,
2322,2026-09-13 19:31:19,DEL,LKO,2026-09-15,T+1,3905.0,4282.7,2950.0,145.18,45.18,,,
2323,2026-09-13 19:31:33,BOM,JAI,2026-09-29,T+15,6976.0,7908.13,3650.0,216.66,116.66,,,
2324,2026-09-13 19:31:47,BOM,AMD,2026-09-15,T+1,4374.0,8090.52,2450.0,330.23,230.23,,,
2325,2026-09-13 19:32:02,MAA,BLR,2026-09-29,T+15,4293.0,4795.48,2250.0,213.13,113.13,,,
2326,2026-09-13 19:32:16,DEL,BBI,2026-09-21,T+7,9145.0,10367.0,4150.0,249.81,149.81,,,
2327,2026-09-13 19:32:30,DEL,ATQ,2026-09-29,T+15,3695.0,3825.1,2650.0,144.34,44.34,,,
2328,2026-09-13 19:32:44,DEL,IDR,2026-09-21,T+7,6109.0,6312.3,3050.0,206.96,106.96,,,
2329,2026-09-13 19:32:58,BOM,COK,2026-09-21,T+7,7144.0,7161.88,4250.0,168.51,68.51,,,
2330,2026-09-13 19:33:12,DEL,BOM,2026-09-29,T+15,6314.0,7273.99,4850.0,149.98,49.98,,,
2331,2026-09-13 19:33:26,BLR,DEL,2026-09-15,T+1,8257.0,9976.15,5200.0,191.85,91.85,,,
2332,2026-09-13 19:33:41,BLR,BOM,2026-09-29,T+15,4164.0,6361.27,3950.0,161.04,61.04,,,
2333,2026-09-13 19:33:55,DEL,CCU,2026-09-29,T+15,7271.0,8696.67,4750.0,183.09,83.09,,,
2334,2026-09-13 19:34:09,DEL,HYD,2026-09-21,T+7,7884.0,9424.08,4600.0,204.87,104.87,,,
2335,2026-09-13 19:34:23,DEL,PNQ,2026-09-29,T+15,6929.0,7487.42,4900.0,152.8,52.8,,,
2336,2026-09-13 19:34:37,BOM,GOI,2026-09-21,T+7,3964.0,5472.25,3100.0,176.52,76.52,,,
2337,2026-09-13 19:34:52,BOM,MAA,2026-09-29,T+15,6546.0,6855.86,4200.0,163.23,63.23,,,
2338,2026-09-13 19:35:06,AMD,DEL,2026-09-15,T+1,5929.0,8753.97,3400.0,257.47,157.47,,,
2339,2026-09-13 19:35:20,BLR,HYD,2026-09-29,T+15,4288.0,5892.38,2950.0,199.74,99.74,,,
2340,2026-09-13 19:35:33,DEL,SXR,2026-09-21,T+7,6846.0,8477.67,4100.0,206.77,106.77,,,
2341,2026-09-13 19:35:47,DEL,GAU,2026-09-29,T+15,8019.0,8204.83,4750.0,172.73,72.73,,,
2342,2026-09-13 19:36:01,CCU,GAU,2026-09-21,T+7,4850.0,5557.0,2650.0,209.7,109.7,,,
2343,2026-09-13 19:36:30,DEL,IXZ,2026-09-29,T+15,5768.0,19921.78,6400.0,311.28,211.28,,,
2344,2026-09-13 19:36:44,DEL,IXL,2026-09-15,T+1,7738.0,7885.69,4750.0,166.01,66.01,,,
2345,2026-09-13 19:36:51,DEL,BOM,2026-09-20,T+6,6314.0,7884.73,4850.0,162.57,62.57,148.08,3.7,54.0
2346,2026-09-13 19:37:17,DEL,COK,2026-09-29,T+15,10715.0,12718.46,5450.0,233.37,133.37,,,
2347,2026-09-13 19:37:31,DEL,PAT,2026-09-15,T+1,6217.0,6445.3,3650.0,176.58,76.58,,,
2348,2026-09-13 19:37:44,DEL,LKO,2026-09-29,T+15,3905.0,4060.68,2950.0,137.65,37.65,,,
2349,2026-09-13 19:37:58,BOM,JAI,2026-09-29,T+15,6976.0,7908.13,3650.0,216.66,116.66,,,
2350,2026-09-13 19:38:12,BOM,AMD,2026-09-29,T+15,4164.0,5605.38,2450.0,228.79,128.79,,,
2351,2026-09-13 19:38:25,MAA,BLR,2026-09-21,T+7,4293.0,4990.63,2250.0,221.81,121.81,,,
2352,2026-09-13 19:38:40,DEL,BBI,2026-09-29,T+15,9145.0,10357.87,4150.0,249.59,149.59,,,
2353,2026-09-13 19:38:54,DEL,ATQ,2026-09-15,T+1,3695.0,3958.6,2650.0,149.38,49.38,,,
2354,2026-09-13 19:39:08,DEL,IDR,2026-09-15,T+1,6109.0,6407.81,3050.0,210.09,110.09,,,
2355,2026-09-14 04:12:55,DEL,BOM,2026-09-15,T+1,6314.0,7086.59,4850.0,146.12,46.12,,,
2356,2026-09-14 04:13:10,BLR,DEL,2026-09-15,T+1,8257.0,9998.24,5200.0,192.27,92.27,,,
2357,2026-09-14 04:13:23,DEL,BOM,2026-09-20,T+6,6314.0,7903.38,4850.0,162.96,62.96,123.58,1.82,55.0
2358,2026-09-14 04:13:49,BLR,BOM,2026-09-29,T+15,4164.0,6345.29,3950.0,160.64,60.64,,,
2359,2026-09-14 04:14:04,DEL,CCU,2026-09-21,T+7,7271.0,8714.49,4750.0,183.46,83.46,,,
2360,2026-09-14 04:14:19,DEL,HYD,2026-09-15,T+1,8094.0,11799.04,4600.0,256.5,156.5,,,
2361,2026-09-14 04:14:33,DEL,PNQ,2026-09-15,T+1,6929.0,8231.87,4900.0,168.0,68.0,,,
2362,2026-09-14 04:14:48,BOM,GOI,2026-09-29,T+15,4384.0,5669.12,3100.0,182.87,82.87,,,
2363,2026-09-14 04:15:03,BOM,MAA,2026-09-15,T+1,6546.0,7449.67,4200.0,177.37,77.37,,,
2364,2026-09-14 04:15:18,AMD,DEL,2026-09-29,T+15,5985.0,6190.76,3400.0,182.08,82.08,,,
2365,2026-09-14 04:15:32,BLR,HYD,2026-09-15,T+1,6569.0,11959.94,2950.0,405.42,305.42,,,
2366,2026-09-14 04:15:46,DEL,SXR,2026-09-21,T+7,6846.0,8253.32,4100.0,201.3,101.3,,,
2367,2026-09-14 04:16:22,DEL,GAU,2026-09-15,T+1,8019.0,11296.28,4750.0,237.82,137.82,,,
2368,2026-09-14 04:16:54,CCU,GAU,2026-09-21,T+7,4700.0,7875.75,2650.0,297.2,197.2,,,
2369,2026-09-14 04:17:26,DEL,IXZ,2026-09-21,T+7,5768.0,19510.05,6400.0,304.84,204.84,,,
2370,2026-09-14 04:17:40,DEL,IXL,2026-09-21,T+7,7738.0,7758.8,4750.0,163.34,63.34,,,
2371,2026-09-14 04:17:55,DEL,COK,2026-09-29,T+15,10715.0,12718.46,5450.0,233.37,133.37,,,
2372,2026-09-14 04:18:10,DEL,PAT,2026-09-21,T+7,6249.0,6491.66,3650.0,177.85,77.85,,,
2373,2026-09-14 04:18:24,DEL,LKO,2026-09-29,T+15,3905.0,4060.68,2950.0,137.65,37.65,,,
2374,2026-09-14 04:18:39,BOM,JAI,2026-09-15,T+1,6976.0,9139.14,3650.0,250.39,150.39,,,
2375,2026-09-14 04:18:54,BOM,AMD,2026-09-15,T+1,4374.0,8281.35,2450.0,338.01,238.01,,,
2376,2026-09-14 04:19:08,MAA,BLR,2026-09-15,T+1,4293.0,5174.28,2250.0,229.97,129.97,,,
2377,2026-09-14 04:19:23,DEL,BBI,2026-09-29,T+15,9145.0,10357.87,4150.0,249.59,149.59,,,
2378,2026-09-14 04:19:37,DEL,ATQ,2026-09-29,T+15,3695.0,3825.1,2650.0,144.34,44.34,,,
2379,2026-09-14 04:19:51,DEL,IDR,2026-09-21,T+7,6109.0,6348.76,3050.0,208.16,108.16,,,
2380,2026-09-14 04:20:05,BOM,COK,2026-09-21,T+7,7144.0,7161.88,4250.0,168.51,68.51,,,
2381,2026-09-14 04:20:20,DEL,BOM,2026-09-21,T+7,6314.0,6642.05,4850.0,136.95,36.95,,,
2382,2026-09-14 04:20:35,BLR,DEL,2026-09-15,T+1,8257.0,10175.0,5200.0,195.67,95.67,,,
2383,2026-09-14 04:20:49,BLR,BOM,2026-09-21,T+7,4637.0,6786.09,3950.0,171.8,71.8,,,
2384,2026-09-14 04:21:04,DEL,CCU,2026-09-15,T+1,7271.0,8761.94,4750.0,184.46,84.46,,,
2385,2026-09-14 04:21:18,DEL,HYD,2026-09-21,T+7,8094.0,9505.17,4600.0,206.63,106.63,,,
2386,2026-09-14 04:21:32,DEL,PNQ,2026-09-15,T+1,6929.0,8265.41,4900.0,168.68,68.68,,,
2387,2026-09-14 04:21:47,BOM,GOI,2026-09-15,T+1,5014.0,8026.95,3100.0,258.93,158.93,,,
2388,2026-09-14 04:22:01,BOM,MAA,2026-09-15,T+1,6546.0,7449.67,4200.0,177.37,77.37,,,
2389,2026-09-14 04:22:16,AMD,DEL,2026-09-21,T+7,5929.0,6246.99,3400.0,183.74,83.73,,,
2390,2026-09-14 04:22:30,BLR,HYD,2026-09-21,T+7,4973.0,7874.58,2950.0,266.93,166.93,,,
2391,2026-09-14 04:22:53,DEL,SXR,2026-09-29,T+15,6735.0,8626.44,4100.0,210.4,110.4,,,
2392,2026-09-14 04:23:22,DEL,GAU,2026-09-15,T+1,8019.0,11296.28,4750.0,237.82,137.82,,,
2393,2026-09-14 04:23:52,CCU,GAU,2026-09-15,T+1,4700.0,7875.75,2650.0,297.2,197.2,,,
2394,2026-09-14 04:24:22,DEL,IXZ,2026-09-29,T+15,5768.0,19510.05,6400.0,304.84,204.84,,,
2395,2026-09-14 04:24:36,DEL,IXL,2026-09-29,T+15,7738.0,7782.8,4750.0,163.85,63.85,,,
2396,2026-09-14 04:24:52,DEL,COK,2026-09-15,T+1,10715.0,11110.36,5450.0,203.86,103.86,,,
2397,2026-09-14 04:25:07,DEL,PAT,2026-09-21,T+7,6249.0,6478.63,3650.0,177.5,77.5,,,
2398,2026-09-14 04:25:21,DEL,LKO,2026-09-29,T+15,3905.0,4060.68,2950.0,137.65,37.65,,,
2399,2026-09-14 04:25:35,BOM,JAI,2026-09-29,T+15,6976.0,8047.31,3650.0,220.47,120.47,,,
2400,2026-09-14 04:25:49,BOM,AMD,2026-09-15,T+1,4374.0,8264.5,2450.0,337.33,237.33,,,
2401,2026-09-14 04:26:04,MAA,BLR,2026-09-15,T+1,4293.0,5174.28,2250.0,229.97,129.97,,,
2402,2026-09-14 04:26:18,DEL,BBI,2026-09-29,T+15,9145.0,10357.87,4150.0,249.59,149.59,,,
2403,2026-09-14 04:26:52,DEL,ATQ,2026-09-15,T+1,3695.0,9810.9,2650.0,370.22,270.22,,,
2404,2026-09-14 04:27:18,DEL,IDR,2026-09-29,T+15,6109.0,6189.08,3050.0,202.92,102.92,,,
2405,2026-09-14 04:27:34,BOM,COK,2026-09-29,T+15,7144.0,7567.84,4250.0,178.07,78.07,,,
2406,2026-09-14 04:27:50,DEL,BOM,2026-09-15,T+1,6314.0,7119.0,4850.0,146.78,46.78,,,
2407,2026-09-14 04:28:05,BLR,DEL,2026-09-15,T+1,8257.0,10139.56,5200.0,194.99,94.99,,,
2408,2026-09-14 04:28:20,BLR,BOM,2026-09-29,T+15,4164.0,6345.29,3950.0,160.64,60.64,,,
2409,2026-09-14 04:28:34,DEL,CCU,2026-09-15,T+1,7271.0,8761.94,4750.0,184.46,84.46,,,
2410,2026-09-14 04:28:48,DEL,HYD,2026-09-21,T+7,8094.0,9505.17,4600.0,206.63,106.63,,,
2411,2026-09-14 04:29:03,DEL,PNQ,2026-09-15,T+1,6929.0,8270.32,4900.0,168.78,68.78,,,
2412,2026-09-14 04:29:17,BOM,GOI,2026-09-29,T+15,4384.0,5669.12,3100.0,182.87,82.87,,,
2413,2026-09-14 04:29:33,BOM,MAA,2026-09-21,T+7,6546.0,7834.37,4200.0,186.53,86.53,,,
2414,2026-09-14 04:29:49,AMD,DEL,2026-09-21,T+7,5929.0,6246.99,3400.0,183.74,83.73,,,
2415,2026-09-14 04:30:05,BLR,HYD,2026-09-15,T+1,6569.0,12028.83,2950.0,407.76,307.76,,,
2416,2026-09-14 04:30:20,DEL,SXR,2026-09-15,T+1,6623.0,10244.79,4100.0,249.87,149.87,,,
2417,2026-09-14 04:30:57,DEL,GAU,2026-09-15,T+1,8019.0,11296.28,4750.0,237.82,137.82,,,
2418,2026-09-14 04:31:44,CCU,GAU,2026-09-15,T+1,4700.0,7875.75,2650.0,297.2,197.2,,,
2419,2026-09-14 04:32:18,DEL,IXZ,2026-09-29,T+15,5768.0,19510.05,6400.0,304.84,204.84,,,
2420,2026-09-14 04:32:31,DEL,IXL,2026-09-15,T+1,7738.0,7898.35,4750.0,166.28,66.28,,,
2421,2026-09-14 04:32:46,DEL,COK,2026-09-21,T+7,10716.0,11522.62,5450.0,211.42,111.42,,,
2422,2026-09-14 04:33:01,DEL,PAT,2026-09-21,T+7,6249.0,6478.63,3650.0,177.5,77.5,,,
2423,2026-09-14 04:33:06,DEL,BOM,2026-09-15,T+1,6314.0,7119.0,4850.0,146.78,46.78,148.84,3.76,56.0
2424,2026-09-14 04:33:30,DEL,LKO,2026-09-21,T+7,3905.0,4102.34,2950.0,139.06,39.06,,,
2425,2026-09-14 04:33:45,BOM,JAI,2026-09-15,T+1,6976.0,9139.14,3650.0,250.39,150.39,,,
2426,2026-09-14 04:34:00,BOM,AMD,2026-09-21,T+7,4218.0,6769.27,2450.0,276.3,176.3,,,
2427,2026-09-14 04:34:14,MAA,BLR,2026-09-15,T+1,4293.0,5168.81,2250.0,229.72,129.72,,,
2428,2026-09-14 04:34:28,DEL,BBI,2026-09-29,T+15,9145.0,10357.87,4150.0,249.59,149.59,,,
2429,2026-09-14 04:34:43,DEL,ATQ,2026-09-21,T+7,3696.0,4020.21,2650.0,151.71,51.71,,,
2430,2026-09-14 04:34:57,DEL,IDR,2026-09-15,T+1,6109.0,6353.12,3050.0,208.3,108.3,,,
2431,2026-09-14 04:35:11,BOM,COK,2026-09-29,T+15,7144.0,7567.84,4250.0,178.07,78.07,,,
2432,2026-09-14 04:35:26,DEL,BOM,2026-09-21,T+7,6314.0,6642.05,4850.0,136.95,36.95,,,
2433,2026-09-14 04:35:41,BLR,DEL,2026-09-15,T+1,8257.0,10139.56,5200.0,194.99,94.99,,,
2434,2026-09-14 04:35:55,BLR,BOM,2026-09-29,T+15,4164.0,6345.29,3950.0,160.64,60.64,,,
2435,2026-09-14 04:36:10,DEL,CCU,2026-09-21,T+7,7271.0,8714.49,4750.0,183.46,83.46,,,
2436,2026-09-14 04:36:24,DEL,HYD,2026-09-21,T+7,8094.0,9505.17,4600.0,206.63,106.63,,,
2437,2026-09-14 04:36:40,DEL,PNQ,2026-09-21,T+7,6929.0,7252.14,4900.0,148.0,48.0,,,
2438,2026-09-14 04:36:54,BOM,GOI,2026-09-21,T+7,3964.0,5416.63,3100.0,174.73,74.73,,,
2439,2026-09-14 04:37:09,BOM,MAA,2026-09-15,T+1,6546.0,7392.67,4200.0,176.02,76.02,,,
2440,2026-09-14 04:37:23,AMD,DEL,2026-09-15,T+1,5929.0,8651.43,3400.0,254.45,154.45,,,
2441,2026-09-14 04:37:38,BLR,HYD,2026-09-21,T+7,4973.0,7670.32,2950.0,260.01,160.01,,,
2442,2026-09-14 04:37:54,DEL,SXR,2026-09-29,T+15,6735.0,8626.44,4100.0,210.4,110.4,,,
2443,2026-09-14 04:38:30,DEL,GAU,2026-09-29,T+15,8019.0,11296.28,4750.0,237.82,137.82,,,
2444,2026-09-14 04:39:02,CCU,GAU,2026-09-21,T+7,4700.0,7875.75,2650.0,297.2,197.2,,,
2445,2026-09-14 04:39:34,DEL,IXZ,2026-09-15,T+1,5768.0,19510.05,6400.0,304.84,204.84,,,
2446,2026-09-14 04:39:48,DEL,IXL,2026-09-29,T+15,7738.0,7782.8,4750.0,163.85,63.85,,,
2447,2026-09-14 04:40:04,DEL,COK,2026-09-15,T+1,10715.0,11038.64,5450.0,202.54,102.54,,,
2448,2026-09-14 04:40:19,DEL,PAT,2026-09-21,T+7,6249.0,6478.63,3650.0,177.5,77.5,,,
2449,2026-09-14 04:40:33,DEL,LKO,2026-09-21,T+7,3905.0,4102.34,2950.0,139.06,39.06,,,
2450,2026-09-14 04:40:47,BOM,JAI,2026-09-15,T+1,6976.0,9139.14,3650.0,250.39,150.39,,,
2451,2026-09-14 04:41:02,BOM,AMD,2026-09-21,T+7,4218.0,6769.27,2450.0,276.3,176.3,,,
2452,2026-09-14 04:41:16,MAA,BLR,2026-09-15,T+1,4293.0,5355.75,2250.0,238.03,138.03,,,
2453,2026-09-14 04:41:30,DEL,BBI,2026-09-21,T+7,9145.0,10367.0,4150.0,249.81,149.81,,,
2454,2026-09-14 04:41:44,DEL,ATQ,2026-09-21,T+7,3696.0,4020.21,2650.0,151.71,51.71,,,
2455,2026-09-14 04:41:58,DEL,IDR,2026-09-15,T+1,5970.0,6376.18,3050.0,209.06,109.06,,,
2456,2026-09-14 04:42:12,BOM,COK,2026-09-29,T+15,7144.0,7567.84,4250.0,178.07,78.07,,,
2457,2026-09-14 04:42:27,DEL,BOM,2026-09-29,T+15,6314.0,7226.46,4850.0,149.0,49.0,,,
2458,2026-09-14 04:42:41,BLR,DEL,2026-09-21,T+7,8257.0,8478.59,5200.0,163.05,63.05,,,
2459,2026-09-14 04:42:56,BLR,BOM,2026-09-15,T+1,6559.0,8322.57,3950.0,210.7,110.7,,,
2460,2026-09-14 04:43:10,DEL,CCU,2026-09-29,T+15,7271.0,8656.91,4750.0,182.25,82.25,,,
2461,2026-09-14 04:43:25,DEL,HYD,2026-09-15,T+1,8304.0,11528.43,4600.0,250.62,150.62,,,
2462,2026-09-14 04:43:39,DEL,PNQ,2026-09-29,T+15,6929.0,7548.92,4900.0,154.06,54.06,,,
2463,2026-09-14 04:43:54,BOM,GOI,2026-09-29,T+15,4384.0,5652.1,3100.0,182.33,82.33,,,
2464,2026-09-14 04:44:08,BOM,MAA,2026-09-21,T+7,6546.0,7834.37,4200.0,186.53,86.53,,,
2465,2026-09-14 04:44:23,AMD,DEL,2026-09-21,T+7,5929.0,6246.99,3400.0,183.74,83.73,,,
2466,2026-09-14 04:44:38,BLR,HYD,2026-09-15,T+1,6569.0,12028.83,2950.0,407.76,307.76,,,
2467,2026-09-14 04:44:52,DEL,SXR,2026-09-15,T+1,6623.0,10090.51,4100.0,246.11,146.11,,,
2468,2026-09-14 04:44:57,DEL,BOM,2026-09-20,T+6,6314.0,7756.89,4850.0,159.94,59.94,153.02,4.08,55.0
2469,2026-09-14 04:45:36,DEL,GAU,2026-09-21,T+7,8019.0,11296.28,4750.0,237.82,137.82,,,
2470,2026-09-14 04:46:06,CCU,GAU,2026-09-29,T+15,4700.0,7875.75,2650.0,297.2,197.2,,,
2471,2026-09-14 04:46:41,DEL,IXZ,2026-09-15,T+1,5768.0,19510.05,6400.0,304.84,204.84,,,
2472,2026-09-14 04:46:57,DEL,IXL,2026-09-29,T+15,7738.0,7782.8,4750.0,163.85,63.85,,,
2473,2026-09-14 04:47:11,DEL,COK,2026-09-29,T+15,10715.0,12718.46,5450.0,233.37,133.37,,,
2474,2026-09-14 04:47:25,DEL,PAT,2026-09-21,T+7,6249.0,6478.63,3650.0,177.5,77.5,,,
2475,2026-09-14 04:47:40,DEL,LKO,2026-09-15,T+1,3905.0,4233.8,2950.0,143.52,43.52,,,
2476,2026-09-14 04:47:54,BOM,JAI,2026-09-15,T+1,6976.0,9139.14,3650.0,250.39,150.39,,,
2477,2026-09-14 04:48:09,BOM,AMD,2026-09-21,T+7,4218.0,6769.27,2450.0,276.3,176.3,,,
2478,2026-09-14 04:48:23,MAA,BLR,2026-09-29,T+15,4293.0,4768.69,2250.0,211.94,111.94,,,
2479,2026-09-14 04:48:37,DEL,BBI,2026-09-29,T+15,9145.0,10357.87,4150.0,249.59,149.59,,,
2480,2026-09-14 04:48:52,DEL,ATQ,2026-09-29,T+15,3695.0,3825.1,2650.0,144.34,44.34,,,
2481,2026-09-14 04:49:06,DEL,IDR,2026-09-21,T+7,6109.0,6312.3,3050.0,206.96,106.96,,,
2482,2026-09-14 04:49:20,BOM,COK,2026-09-29,T+15,7144.0,7567.84,4250.0,178.07,78.07,,,
2483,2026-09-14 04:49:40,DEL,BOM,2026-09-21,T+7,6314.0,6549.56,4850.0,135.04,35.04,,,
2484,2026-09-14 04:49:55,BLR,DEL,2026-09-29,T+15,8257.0,8628.89,5200.0,165.94,65.94,,,
2485,2026-09-14 04:50:10,BLR,BOM,2026-09-21,T+7,4637.0,6712.61,3950.0,169.94,69.94,,,
2486,2026-09-14 04:50:25,DEL,CCU,2026-09-15,T+1,7271.0,8765.83,4750.0,184.54,84.54,,,
2487,2026-09-14 04:50:40,DEL,HYD,2026-09-15,T+1,8304.0,10185.12,4600.0,221.42,121.42,,,
2488,2026-09-14 04:50:54,DEL,PNQ,2026-09-21,T+7,6929.0,7252.14,4900.0,148.0,48.0,,,
2489,2026-09-14 04:51:09,BOM,GOI,2026-09-15,T+1,5014.0,8012.39,3100.0,258.46,158.46,,,
2490,2026-09-14 04:51:23,BOM,MAA,2026-09-15,T+1,6546.0,7392.67,4200.0,176.02,76.02,,,
2491,2026-09-14 04:51:38,AMD,DEL,2026-09-29,T+15,5985.0,6190.76,3400.0,182.08,82.08,,,
2492,2026-09-14 04:51:53,BLR,HYD,2026-09-15,T+1,6569.0,11959.94,2950.0,405.42,305.42,,,
2493,2026-09-14 04:52:07,DEL,SXR,2026-09-29,T+15,6735.0,8626.44,4100.0,210.4,110.4,,,
2494,2026-09-14 04:52:37,DEL,GAU,2026-09-29,T+15,8019.0,11296.28,4750.0,237.82,137.82,,,
2495,2026-09-14 04:53:09,CCU,GAU,2026-09-15,T+1,4700.0,7875.75,2650.0,297.2,197.2,,,
2496,2026-09-14 04:53:45,DEL,IXZ,2026-09-15,T+1,5768.0,19510.05,6400.0,304.84,204.84,,,
2497,2026-09-14 04:54:10,DEL,IXL,2026-09-29,T+15,7738.0,7782.8,4750.0,163.85,63.85,,,
2498,2026-09-14 04:54:24,DEL,COK,2026-09-15,T+1,10715.0,11038.64,5450.0,202.54,102.54,,,
2499,2026-09-14 04:54:41,DEL,PAT,2026-09-29,T+15,6217.0,6508.78,3650.0,178.32,78.32,,,
2500,2026-09-14 04:54:58,DEL,LKO,2026-09-29,T+15,3905.0,4060.68,2950.0,137.65,37.65,,,
2501,2026-09-14 04:55:12,BOM,JAI,2026-09-29,T+15,6976.0,7941.99,3650.0,217.59,117.59,,,
2502,2026-09-14 04:55:27,BOM,AMD,2026-09-15,T+1,4584.0,8302.97,2450.0,338.9,238.9,,,
2503,2026-09-14 04:55:41,MAA,BLR,2026-09-15,T+1,4293.0,5355.75,2250.0,238.03,138.03,,,
2504,2026-09-14 04:55:56,DEL,BBI,2026-09-29,T+15,9145.0,10357.87,4150.0,249.59,149.59,,,
2505,2026-09-14 04:56:10,DEL,ATQ,2026-09-29,T+15,3695.0,3825.1,2650.0,144.34,44.34,,,
2506,2026-09-14 04:56:25,DEL,IDR,2026-09-15,T+1,6109.0,6189.08,3050.0,202.92,102.92,,,
2507,2026-09-14 04:56:39,BOM,COK,2026-09-29,T+15,7144.0,7567.84,4250.0,178.07,78.07,,,
2508,2026-09-14 04:56:57,DEL,BOM,2026-09-29,T+15,6314.0,7226.46,4850.0,149.0,49.0,,,
2509,2026-09-14 04:57:15,BLR,DEL,2026-09-29,T+15,8257.0,8628.89,5200.0,165.94,65.94,,,
2510,2026-09-14 04:57:31,BLR,BOM,2026-09-21,T+7,4637.0,6712.61,3950.0,169.94,69.94,,,
2511,2026-09-14 04:57:47,DEL,CCU,2026-09-15,T+1,7271.0,8765.83,4750.0,184.54,84.54,,,
2512,2026-09-14 04:58:02,DEL,HYD,2026-09-29,T+15,7884.0,8875.27,4600.0,192.94,92.94,,,
2513,2026-09-14 04:58:16,DEL,PNQ,2026-09-29,T+15,6929.0,7547.25,4900.0,154.03,54.03,,,
2514,2026-09-14 04:58:30,BOM,GOI,2026-09-15,T+1,5014.0,8026.95,3100.0,258.93,158.93,,,
2515,2026-09-14 04:58:44,BOM,MAA,2026-09-15,T+1,6546.0,7392.67,4200.0,176.02,76.02,,,
2516,2026-09-14 04:58:59,AMD,DEL,2026-09-21,T+7,5929.0,6232.73,3400.0,183.32,83.32,,,
2517,2026-09-14 04:59:13,BLR,HYD,2026-09-15,T+1,6569.0,12028.83,2950.0,407.76,307.76,,,
2518,2026-09-14 04:59:32,DEL,SXR,2026-09-15,T+1,6623.0,10669.75,4100.0,260.24,160.24,,,
2519,2026-09-14 05:00:27,DEL,GAU,2026-09-29,T+15,8019.0,11296.28,4750.0,237.82,137.82,,,
2520,2026-09-14 05:01:54,CCU,GAU,2026-09-15,T+1,4700.0,7875.75,2650.0,297.2,197.2,,,
2521,2026-09-14 05:02:36,DEL,IXZ,2026-09-29,T+15,5768.0,19510.05,6400.0,304.84,204.84,,,
2522,2026-09-14 05:03:02,DEL,IXL,2026-09-29,T+15,7738.0,7782.8,4750.0,163.85,63.85,,,
2523,2026-09-14 05:03:16,DEL,COK,2026-09-29,T+15,10715.0,12718.46,5450.0,233.37,133.37,,,
2524,2026-09-14 05:03:31,DEL,PAT,2026-09-29,T+15,6217.0,6508.78,3650.0,178.32,78.32,,,
2525,2026-09-14 05:03:45,DEL,LKO,2026-09-21,T+7,3905.0,4102.34,2950.0,139.06,39.06,,,
2526,2026-09-14 05:04:00,BOM,JAI,2026-09-15,T+1,6976.0,9139.14,3650.0,250.39,150.39,,,
2527,2026-09-14 05:04:14,BOM,AMD,2026-09-21,T+7,4218.0,6769.27,2450.0,276.3,176.3,,,
2528,2026-09-14 05:04:28,MAA,BLR,2026-09-29,T+15,4293.0,4768.69,2250.0,211.94,111.94,,,
2529,2026-09-14 05:04:43,DEL,BBI,2026-09-15,T+1,9775.0,11199.4,4150.0,269.87,169.87,,,
2530,2026-09-14 05:04:58,DEL,ATQ,2026-09-29,T+15,3695.0,3825.1,2650.0,144.34,44.34,,,
2531,2026-09-14 05:05:14,DEL,IDR,2026-09-29,T+15,6109.0,6243.76,3050.0,204.71,104.71,,,
2532,2026-09-14 05:05:58,BOM,COK,2026-09-29,T+15,7144.0,7567.84,4250.0,178.07,78.07,,,
2533,2026-09-14 05:06:22,DEL,BOM,2026-09-15,T+1,6314.0,7099.98,4850.0,146.39,46.39,,,
2534,2026-09-14 05:06:37,BLR,DEL,2026-09-21,T+7,8257.0,8478.59,5200.0,163.05,63.05,,,
2535,2026-09-14 05:06:52,BLR,BOM,2026-09-15,T+1,5004.0,7383.57,3950.0,186.93,86.93,,,
2536,2026-09-14 05:07:06,DEL,CCU,2026-09-21,T+7,7271.0,8714.49,4750.0,183.46,83.46,,,
2537,2026-09-14 05:07:22,DEL,HYD,2026-09-29,T+15,7884.0,8875.27,4600.0,192.94,92.94,,,
2538,2026-09-14 05:07:36,DEL,PNQ,2026-09-21,T+7,6929.0,7252.14,4900.0,148.0,48.0,,,
2539,2026-09-14 05:07:51,BOM,GOI,2026-09-15,T+1,5014.0,8026.95,3100.0,258.93,158.93,,,
2540,2026-09-14 05:08:06,BOM,MAA,2026-09-15,T+1,6546.0,7421.35,4200.0,176.7,76.7,,,
2541,2026-09-14 05:08:20,AMD,DEL,2026-09-15,T+1,5929.0,8666.01,3400.0,254.88,154.88,,,
2542,2026-09-14 05:08:35,BLR,HYD,2026-09-29,T+15,4288.0,5791.6,2950.0,196.33,96.33,,,
2543,2026-09-14 05:08:49,DEL,SXR,2026-09-21,T+7,6846.0,8109.49,4100.0,197.79,97.79,,,
2544,2026-09-14 05:09:21,DEL,GAU,2026-09-15,T+1,8019.0,11296.28,4750.0,237.82,137.82,,,
2545,2026-09-14 05:09:52,CCU,GAU,2026-09-29,T+15,4700.0,7875.75,2650.0,297.2,197.2,,,
2546,2026-09-14 05:10:23,DEL,IXZ,2026-09-21,T+7,5768.0,19510.05,6400.0,304.84,204.84,,,
2547,2026-09-14 05:10:38,DEL,IXL,2026-09-21,T+7,7738.0,7758.8,4750.0,163.34,63.34,,,
2548,2026-09-14 05:10:52,DEL,COK,2026-09-15,T+1,10715.0,11038.64,5450.0,202.54,102.54,,,
2549,2026-09-14 05:11:06,DEL,PAT,2026-09-29,T+15,6217.0,6508.78,3650.0,178.32,78.32,,,
2550,2026-09-14 05:11:21,DEL,LKO,2026-09-29,T+15,3905.0,4060.68,2950.0,137.65,37.65,,,
2551,2026-09-14 05:11:35,BOM,JAI,2026-09-29,T+15,6976.0,7941.99,3650.0,217.59,117.59,,,
2552,2026-09-14 05:11:49,BOM,AMD,2026-09-29,T+15,4164.0,5605.38,2450.0,228.79,128.79,,,
2553,2026-09-14 05:12:04,MAA,BLR,2026-09-29,T+15,4293.0,4768.69,2250.0,211.94,111.94,,,
2554,2026-09-14 05:12:18,DEL,BBI,2026-09-15,T+1,9775.0,11199.4,4150.0,269.87,169.87,,,
2555,2026-09-14 05:12:33,DEL,ATQ,2026-09-15,T+1,3532.0,3965.94,2650.0,149.66,49.66,,,
2556,2026-09-14 05:12:47,DEL,IDR,2026-09-15,T+1,6109.0,6188.76,3050.0,202.91,102.91,,,
2557,2026-09-14 05:13:01,BOM,COK,2026-09-21,T+7,7144.0,7161.88,4250.0,168.51,68.51,,,
2558,2026-09-14 05:13:16,DEL,BOM,2026-09-15,T+1,6314.0,7189.18,4850.0,148.23,48.23,,,
2559,2026-09-14 05:13:31,BLR,DEL,2026-09-29,T+15,8257.0,8628.89,5200.0,165.94,65.94,,,
2560,2026-09-14 05:13:46,BLR,BOM,2026-09-15,T+1,5004.0,7383.57,3950.0,186.93,86.93,,,
2561,2026-09-14 05:14:00,DEL,CCU,2026-09-15,T+1,7271.0,8765.83,4750.0,184.54,84.54,,,
2562,2026-09-14 05:14:14,DEL,HYD,2026-09-15,T+1,8304.0,9356.74,4600.0,203.41,103.41,,,
2563,2026-09-14 05:14:30,DEL,PNQ,2026-09-15,T+1,6929.0,7831.33,4900.0,159.82,59.82,,,
2564,2026-09-14 05:14:45,BOM,GOI,2026-09-21,T+7,3964.0,5397.81,3100.0,174.12,74.12,,,
2565,2026-09-14 05:15:00,BOM,MAA,2026-09-29,T+15,6546.0,7625.48,4200.0,181.56,81.56,,,
2566,2026-09-14 05:15:14,AMD,DEL,2026-09-15,T+1,5929.0,8666.01,3400.0,254.88,154.88,,,
2567,2026-09-14 05:15:29,BLR,HYD,2026-09-21,T+7,4987.0,7156.73,2950.0,242.6,142.6,,,
2568,2026-09-14 05:15:43,DEL,SXR,2026-09-29,T+15,6735.0,8626.44,4100.0,210.4,110.4,,,
2569,2026-09-14 05:16:41,DEL,GAU,2026-09-15,T+1,8019.0,11296.28,4750.0,237.82,137.82,,,
2570,2026-09-14 05:17:48,CCU,GAU,2026-09-21,T+7,4700.0,7875.75,2650.0,297.2,197.2,,,
2571,2026-09-14 05:18:19,DEL,IXZ,2026-09-21,T+7,5768.0,19510.05,6400.0,304.84,204.84,,,
2572,2026-09-14 05:18:33,DEL,IXL,2026-09-29,T+15,7738.0,7782.8,4750.0,163.85,63.85,,,
2573,2026-09-14 05:18:48,DEL,COK,2026-09-29,T+15,10715.0,12718.46,5450.0,233.37,133.37,,,
2574,2026-09-14 05:19:03,DEL,PAT,2026-09-21,T+7,6249.0,6478.63,3650.0,177.5,77.5,,,
2575,2026-09-14 05:19:17,DEL,LKO,2026-09-15,T+1,3905.0,4236.12,2950.0,143.6,43.6,,,
2576,2026-09-14 05:19:31,BOM,JAI,2026-09-29,T+15,6976.0,7941.99,3650.0,217.59,117.59,,,
2577,2026-09-14 05:19:45,BOM,AMD,2026-09-15,T+1,4584.0,8022.73,2450.0,327.46,227.46,,,
2578,2026-09-14 05:19:59,MAA,BLR,2026-09-15,T+1,4293.0,5355.75,2250.0,238.03,138.03,,,
2579,2026-09-14 05:20:14,DEL,BBI,2026-09-29,T+15,9145.0,10357.87,4150.0,249.59,149.59,,,
2580,2026-09-14 05:20:28,DEL,ATQ,2026-09-15,T+1,3695.0,4011.53,2650.0,151.38,51.38,,,
2581,2026-09-14 05:20:43,DEL,IDR,2026-09-15,T+1,6109.0,6189.08,3050.0,202.92,102.92,,,
2582,2026-09-14 05:20:57,BOM,COK,2026-09-15,T+1,7144.0,7438.71,4250.0,175.03,75.03,,,
2583,2026-09-14 05:21:12,DEL,BOM,2026-09-29,T+15,6314.0,7226.46,4850.0,149.0,49.0,,,
2584,2026-09-14 05:21:26,BLR,DEL,2026-09-29,T+15,8257.0,8628.89,5200.0,165.94,65.94,,,
2585,2026-09-14 05:21:41,BLR,BOM,2026-09-29,T+15,4164.0,6345.29,3950.0,160.64,60.64,,,
2586,2026-09-14 05:21:56,DEL,CCU,2026-09-29,T+15,7271.0,8656.91,4750.0,182.25,82.25,,,
2587,2026-09-14 05:22:11,DEL,HYD,2026-09-21,T+7,8094.0,9505.17,4600.0,206.63,106.63,,,
2588,2026-09-14 05:22:25,DEL,PNQ,2026-09-29,T+15,6929.0,7548.92,4900.0,154.06,54.06,,,
2589,2026-09-14 05:22:39,BOM,GOI,2026-09-29,T+15,4384.0,5669.12,3100.0,182.87,82.87,,,
2590,2026-09-14 05:22:54,BOM,MAA,2026-09-29,T+15,6546.0,7592.57,4200.0,180.78,80.78,,,
2591,2026-09-14 05:23:08,AMD,DEL,2026-09-21,T+7,5929.0,6232.73,3400.0,183.32,83.32,,,
2592,2026-09-14 05:23:22,BLR,HYD,2026-09-15,T+1,6569.0,12120.03,2950.0,410.85,310.85,,,
2593,2026-09-14 05:23:37,DEL,SXR,2026-09-21,T+7,6846.0,8109.49,4100.0,197.79,97.79,,,
2594,2026-09-14 05:24:05,DEL,GAU,2026-09-21,T+7,8019.0,11296.28,4750.0,237.82,137.82,,,
2595,2026-09-14 05:24:34,CCU,GAU,2026-09-15,T+1,4700.0,7875.75,2650.0,297.2,197.2,,,
2596,2026-09-14 05:25:04,DEL,IXZ,2026-09-15,T+1,5768.0,19510.05,6400.0,304.84,204.84,,,
2597,2026-09-14 05:25:18,DEL,IXL,2026-09-21,T+7,7738.0,7758.8,4750.0,163.34,63.34,,,
2598,2026-09-14 05:25:32,DEL,COK,2026-09-15,T+1,10715.0,11038.64,5450.0,202.54,102.54,,,
2599,2026-09-14 05:25:46,DEL,PAT,2026-09-15,T+1,6217.0,6383.47,3650.0,174.89,74.89,,,
2600,2026-09-14 05:26:00,DEL,LKO,2026-09-15,T+1,3905.0,4233.8,2950.0,143.52,43.52,,,
2601,2026-09-14 05:26:14,BOM,JAI,2026-09-29,T+15,6976.0,7941.99,3650.0,217.59,117.59,,,
2602,2026-09-14 05:26:29,BOM,AMD,2026-09-21,T+7,4218.0,6769.27,2450.0,276.3,176.3,,,
2603,2026-09-14 05:26:43,MAA,BLR,2026-09-21,T+7,4293.0,4784.76,2250.0,212.66,112.66,,,
2604,2026-09-14 05:26:57,DEL,BBI,2026-09-15,T+1,9775.0,11199.4,4150.0,269.87,169.87,,,
2605,2026-09-14 05:27:11,DEL,ATQ,2026-09-29,T+15,3695.0,3825.1,2650.0,144.34,44.34,,,
2606,2026-09-14 05:27:25,DEL,IDR,2026-09-21,T+7,6109.0,6333.76,3050.0,207.66,107.66,,,
2607,2026-09-14 05:27:38,BOM,COK,2026-09-21,T+7,7144.0,7161.88,4250.0,168.51,68.51,,,
2608,2026-09-14 05:27:53,DEL,BOM,2026-09-15,T+1,6314.0,7189.18,4850.0,148.23,48.23,,,
2609,2026-09-14 05:28:10,BLR,DEL,2026-09-29,T+15,8257.0,8628.89,5200.0,165.94,65.94,,,
2610,2026-09-14 05:28:24,BLR,BOM,2026-09-15,T+1,5004.0,7352.67,3950.0,186.14,86.14,,,
2611,2026-09-14 05:28:27,DEL,BOM,2026-09-20,T+6,6314.0,7748.28,4850.0,159.76,59.76,147.28,3.64,55.0
2612,2026-09-14 05:28:53,DEL,CCU,2026-09-15,T+1,7271.0,8765.83,4750.0,184.54,84.54,,,
2613,2026-09-14 05:29:15,DEL,HYD,2026-09-29,T+15,7884.0,8875.27,4600.0,192.94,92.94,,,
2614,2026-09-14 05:29:31,DEL,PNQ,2026-09-29,T+15,6929.0,7512.61,4900.0,153.32,53.32,,,
2615,2026-09-14 05:29:45,BOM,GOI,2026-09-21,T+7,3799.0,5390.82,3100.0,173.9,73.9,,,
2616,2026-09-14 05:30:00,BOM,MAA,2026-09-21,T+7,6546.0,7834.37,4200.0,186.53,86.53,,,
2617,2026-09-14 05:30:14,AMD,DEL,2026-09-29,T+15,5985.0,6190.76,3400.0,182.08,82.08,,,
2618,2026-09-14 05:30:27,DEL,BOM,2026-09-15,T+1,6314.0,7177.07,4850.0,147.98,47.98,144.66,3.44,56.0
2619,2026-09-14 05:30:54,BLR,HYD,2026-09-21,T+7,4973.0,7569.18,2950.0,256.58,156.58,,,
2620,2026-09-14 05:30:56,DEL,BOM,2026-09-15,T+1,6314.0,7189.18,4850.0,148.23,48.23,141.78,3.22,56.0
2621,2026-09-14 05:31:20,DEL,SXR,2026-09-29,T+15,6846.0,8722.21,4100.0,212.74,112.74,,,
2622,2026-09-14 05:31:48,DEL,BOM,2026-09-15,T+1,6314.0,7189.18,4850.0,148.23,48.23,143.77,3.37,56.0
2623,2026-09-14 05:31:52,DEL,GAU,2026-09-21,T+7,8019.0,11296.28,4750.0,237.82,137.82,,,
2624,2026-09-14 05:32:25,CCU,GAU,2026-09-29,T+15,4700.0,7875.75,2650.0,297.2,197.2,,,
2625,2026-09-14 05:32:58,DEL,IXZ,2026-09-21,T+7,5768.0,19510.05,6400.0,304.84,204.84,,,
2626,2026-09-14 05:33:12,DEL,IXL,2026-09-15,T+1,7738.0,7898.35,4750.0,166.28,66.28,,,
2627,2026-09-14 05:33:25,DEL,COK,2026-09-15,T+1,10543.0,10974.26,5450.0,201.36,101.36,,,
2628,2026-09-14 05:33:40,DEL,PAT,2026-09-15,T+1,6217.0,6383.47,3650.0,174.89,74.89,,,
2629,2026-09-14 05:33:56,DEL,LKO,2026-09-15,T+1,3905.0,4233.8,2950.0,143.52,43.52,,,
2630,2026-09-14 05:34:11,BOM,JAI,2026-09-21,T+7,6976.0,8296.05,3650.0,227.29,127.29,,,
2631,2026-09-14 05:34:26,BOM,AMD,2026-09-21,T+7,4218.0,6769.27,2450.0,276.3,176.3,,,
2632,2026-09-14 05:34:42,MAA,BLR,2026-09-21,T+7,4293.0,4784.76,2250.0,212.66,112.66,,,
2633,2026-09-14 05:34:56,DEL,BBI,2026-09-29,T+15,9145.0,10357.87,4150.0,249.59,149.59,,,
2634,2026-09-14 05:35:11,DEL,ATQ,2026-09-21,T+7,3696.0,4020.21,2650.0,151.71,51.71,,,
2635,2026-09-14 05:35:23,DEL,BOM,2026-09-15,T+1,6314.0,7210.03,4850.0,148.66,48.66,145.07,3.47,56.0
2636,2026-09-14 05:35:47,DEL,IDR,2026-09-21,T+7,6109.0,6348.76,3050.0,208.16,108.16,,,
2637,2026-09-14 05:36:02,BOM,COK,2026-09-29,T+15,7144.0,7567.84,4250.0,178.07,78.07,,,
2638,2026-09-14 05:36:17,DEL,BOM,2026-09-21,T+7,6314.0,6549.56,4850.0,135.04,35.04,,,
2639,2026-09-14 05:36:32,BLR,DEL,2026-09-29,T+15,8257.0,8628.89,5200.0,165.94,65.94,,,
2640,2026-09-14 05:36:47,BLR,BOM,2026-09-21,T+7,4637.0,6770.49,3950.0,171.4,71.4,,,
2641,2026-09-14 05:37:02,DEL,CCU,2026-09-15,T+1,7271.0,8765.83,4750.0,184.54,84.54,,,
2642,2026-09-14 05:37:17,DEL,HYD,2026-09-29,T+15,7884.0,8875.27,4600.0,192.94,92.94,,,
2643,2026-09-14 05:37:32,DEL,PNQ,2026-09-15,T+1,6929.0,7826.52,4900.0,159.72,59.72,,,
2644,2026-09-14 05:37:47,BOM,GOI,2026-09-21,T+7,3964.0,5416.63,3100.0,174.73,74.73,,,
2645,2026-09-14 05:38:02,BOM,MAA,2026-09-29,T+15,6546.0,6855.86,4200.0,163.23,63.23,,,
2646,2026-09-14 05:38:16,AMD,DEL,2026-09-15,T+1,5929.0,8666.01,3400.0,254.88,154.88,,,
2647,2026-09-14 05:38:31,BLR,HYD,2026-09-29,T+15,4288.0,5791.6,2950.0,196.33,96.33,,,
2648,2026-09-14 05:38:45,DEL,SXR,2026-09-29,T+15,6846.0,8722.21,4100.0,212.74,112.74,,,
2649,2026-09-14 05:39:13,DEL,GAU,2026-09-21,T+7,8019.0,11296.28,4750.0,237.82,137.82,,,
2650,2026-09-14 05:39:45,CCU,GAU,2026-09-15,T+1,4700.0,7875.75,2650.0,297.2,197.2,,,
2651,2026-09-14 05:40:15,DEL,IXZ,2026-09-29,T+15,5768.0,19510.05,6400.0,304.84,204.84,,,
2652,2026-09-14 05:40:29,DEL,IXL,2026-09-15,T+1,7738.0,7921.61,4750.0,166.77,66.77,,,
2653,2026-09-14 05:40:43,DEL,COK,2026-09-15,T+1,10543.0,11010.12,5450.0,202.02,102.02,,,
2654,2026-09-14 05:40:57,DEL,PAT,2026-09-15,T+1,6217.0,6383.47,3650.0,174.89,74.89,,,
2655,2026-09-14 05:41:12,DEL,LKO,2026-09-15,T+1,3905.0,4216.05,2950.0,142.92,42.92,,,
2656,2026-09-14 05:41:26,BOM,JAI,2026-09-21,T+7,6976.0,8296.05,3650.0,227.29,127.29,,,
2657,2026-09-14 05:41:41,BOM,AMD,2026-09-21,T+7,4218.0,6769.27,2450.0,276.3,176.3,,,
2658,2026-09-14 05:41:56,MAA,BLR,2026-09-15,T+1,4293.0,5443.5,2250.0,241.93,141.93,,,
2659,2026-09-14 05:42:10,DEL,BBI,2026-09-29,T+15,9145.0,10357.87,4150.0,249.59,149.59,,,
2660,2026-09-14 05:42:17,DEL,BOM,2026-09-20,T+6,6314.0,7748.28,4850.0,159.76,59.76,143.52,3.35,55.0
2661,2026-09-14 05:42:42,DEL,ATQ,2026-09-15,T+1,3532.0,3965.94,2650.0,149.66,49.66,,,
2662,2026-09-14 05:42:56,DEL,BOM,2026-09-20,T+6,6314.0,7748.28,4850.0,159.76,59.76,143.23,3.33,55.0
2663,2026-09-14 05:43:19,DEL,IDR,2026-09-29,T+15,6109.0,6243.76,3050.0,204.71,104.71,,,
2664,2026-09-14 05:43:33,BOM,COK,2026-09-29,T+15,7144.0,7567.84,4250.0,178.07,78.07,,,
2665,2026-09-14 05:43:49,DEL,BOM,2026-09-21,T+7,6314.0,6562.59,4850.0,135.31,35.31,,,
2666,2026-09-14 05:44:04,BLR,DEL,2026-09-21,T+7,8257.0,8477.26,5200.0,163.02,63.02,,,
2667,2026-09-14 05:44:07,DEL,BOM,2026-09-15,T+1,6314.0,7065.75,4850.0,145.69,45.69,141.71,3.21,56.0
2668,2026-09-14 05:44:11,DEL,BOM,2026-09-15,T+1,6314.0,7154.23,4850.0,147.51,47.51,141.71,3.21,56.0
2669,2026-09-14 05:44:35,BLR,BOM,2026-09-15,T+1,5004.0,7871.06,3950.0,199.27,99.27,,,
2670,2026-09-14 05:44:57,DEL,CCU,2026-09-21,T+7,7271.0,8725.86,4750.0,183.7,83.7,,,
2671,2026-09-14 05:45:12,DEL,HYD,2026-09-21,T+7,8094.0,9505.17,4600.0,206.63,106.63,,,
2672,2026-09-14 05:45:27,DEL,PNQ,2026-09-21,T+7,6929.0,7252.14,4900.0,148.0,48.0,,,
2673,2026-09-14 05:45:42,BOM,GOI,2026-09-29,T+15,4384.0,5641.46,3100.0,181.98,81.98,,,
2674,2026-09-14 05:45:56,BOM,MAA,2026-09-29,T+15,6546.0,6855.86,4200.0,163.23,63.23,,,
2675,2026-09-14 05:46:11,AMD,DEL,2026-09-29,T+15,5985.0,6190.76,3400.0,182.08,82.08,,,
2676,2026-09-14 05:46:26,BLR,HYD,2026-09-15,T+1,6569.0,10444.32,2950.0,354.04,254.04,,,
2677,2026-09-14 05:46:40,DEL,SXR,2026-09-21,T+7,6846.0,8109.49,4100.0,197.79,97.79,,,
2678,2026-09-14 05:47:10,DEL,GAU,2026-09-15,T+1,8019.0,11296.28,4750.0,237.82,137.82,,,
2679,2026-09-14 05:47:39,CCU,GAU,2026-09-21,T+7,4700.0,7875.75,2650.0,297.2,197.2,,,
2680,2026-09-14 05:48:29,DEL,IXZ,2026-09-29,T+15,5768.0,19510.05,6400.0,304.84,204.84,,,
2681,2026-09-14 05:48:43,DEL,IXL,2026-09-29,T+15,7738.0,7754.24,4750.0,163.25,63.25,,,
2682,2026-09-14 05:48:57,DEL,COK,2026-09-29,T+15,10715.0,12718.46,5450.0,233.37,133.37,,,
2683,2026-09-14 05:49:12,DEL,PAT,2026-09-21,T+7,6249.0,6442.92,3650.0,176.52,76.52,,,
2684,2026-09-14 05:49:26,DEL,LKO,2026-09-15,T+1,3905.0,4224.91,2950.0,143.22,43.22,,,
2685,2026-09-14 05:49:41,BOM,JAI,2026-09-21,T+7,6976.0,8336.97,3650.0,228.41,128.41,,,
2686,2026-09-14 05:49:56,BOM,AMD,2026-09-15,T+1,4584.0,7693.76,2450.0,314.03,214.03,,,
2687,2026-09-14 05:50:11,MAA,BLR,2026-09-29,T+15,4293.0,4768.69,2250.0,211.94,111.94,,,
2688,2026-09-14 05:50:26,DEL,BBI,2026-09-29,T+15,9145.0,10357.87,4150.0,249.59,149.59,,,
2689,2026-09-14 05:50:41,DEL,ATQ,2026-09-21,T+7,3696.0,4020.21,2650.0,151.71,51.71,,,
2690,2026-09-14 05:50:55,DEL,IDR,2026-09-21,T+7,6109.0,6316.67,3050.0,207.1,107.1,,,
2691,2026-09-14 05:51:09,BOM,COK,2026-09-15,T+1,7144.0,7438.71,4250.0,175.03,75.03,,,
2692,2026-09-14 05:51:40,DEL,BOM,2026-09-15,T+1,6314.0,7114.03,4850.0,146.68,46.68,,,
2693,2026-09-14 05:51:55,BLR,DEL,2026-09-15,T+1,8257.0,10210.17,5200.0,196.35,96.35,,,
2694,2026-09-14 05:52:10,BLR,BOM,2026-09-15,T+1,5004.0,7844.13,3950.0,198.59,98.59,,,
2695,2026-09-14 06:01:31,DEL,BOM,2026-09-21,T+7,6314.0,6558.5,4850.0,135.23,35.23,,,
2696,2026-09-14 06:01:45,BLR,DEL,2026-09-15,T+1,8257.0,10317.81,5200.0,198.42,98.42,,,
2697,2026-09-14 06:01:59,BLR,BOM,2026-09-29,T+15,4164.0,6345.29,3950.0,160.64,60.64,,,
2698,2026-09-14 06:02:14,DEL,BOM,2026-09-14,T+0,6425.0,7207.57,4850.0,148.61,48.61,125.53,1.97,18.0
2699,2026-09-14 06:02:39,DEL,CCU,2026-09-29,T+15,7271.0,8712.65,4750.0,183.42,83.42,,,
2700,2026-09-14 06:02:45,DEL,BOM,2026-09-20,T+6,6314.0,7761.4,4850.0,160.03,60.03,127.26,2.1,55.0
2701,2026-09-14 06:03:08,DEL,HYD,2026-09-21,T+7,8094.0,9505.17,4600.0,206.63,106.63,,,
2702,2026-09-14 06:03:23,DEL,PNQ,2026-09-21,T+7,6929.0,7191.87,4900.0,146.77,46.77,,,
2703,2026-09-14 06:03:37,BOM,GOI,2026-09-21,T+7,3964.0,5445.79,3100.0,175.67,75.67,,,
2704,2026-09-14 06:03:51,BOM,MAA,2026-09-15,T+1,6546.0,7459.82,4200.0,177.61,77.61,,,
2705,2026-09-14 06:04:12,AMD,DEL,2026-09-15,T+1,5929.0,8686.49,3400.0,255.49,155.48,,,
2706,2026-09-14 06:04:26,BLR,HYD,2026-09-29,T+15,4288.0,5169.06,2950.0,175.22,75.22,,,
2707,2026-09-14 06:04:45,DEL,SXR,2026-09-21,T+7,6623.0,8084.2,4100.0,197.18,97.18,,,
2708,2026-09-14 06:06:08,DEL,GAU,2026-09-15,T+1,8019.0,11296.28,4750.0,237.82,137.82,,,
2709,2026-09-14 06:06:42,CCU,GAU,2026-09-29,T+15,4700.0,7875.75,2650.0,297.2,197.2,,,
2710,2026-09-14 06:07:13,DEL,IXZ,2026-09-21,T+7,5768.0,19510.05,6400.0,304.84,204.84,,,
2711,2026-09-14 06:07:25,DEL,BOM,2026-09-15,T+1,6314.0,7101.35,4850.0,146.42,46.42,135.48,2.73,56.0
2712,2026-09-14 06:07:43,DEL,BOM,2026-09-15,T+1,6314.0,7101.35,4850.0,146.42,46.42,135.48,2.73,56.0
2713,2026-09-14 06:08:08,DEL,IXL,2026-09-21,T+7,7738.0,7758.8,4750.0,163.34,63.34,,,
2714,2026-09-14 06:08:39,DEL,COK,2026-09-15,T+1,10715.0,11110.36,5450.0,203.86,103.86,,,
2715,2026-09-14 06:08:54,DEL,PAT,2026-09-15,T+1,6217.0,6406.03,3650.0,175.51,75.51,,,
2716,2026-09-14 06:09:08,DEL,LKO,2026-09-15,T+1,3905.0,4282.7,2950.0,145.18,45.18,,,
2717,2026-09-14 06:09:23,BOM,JAI,2026-09-15,T+1,6976.0,8669.27,3650.0,237.51,137.51,,,
2718,2026-09-14 06:09:39,BOM,AMD,2026-09-29,T+15,4164.0,5605.38,2450.0,228.79,128.79,,,
2719,2026-09-14 06:09:54,MAA,BLR,2026-09-21,T+7,4293.0,4816.91,2250.0,214.08,114.08,,,
2720,2026-09-14 06:10:08,DEL,BBI,2026-09-29,T+15,9145.0,10357.87,4150.0,249.59,149.59,,,
2721,2026-09-14 06:10:23,DEL,ATQ,2026-09-21,T+7,3696.0,4020.21,2650.0,151.71,51.71,,,
2722,2026-09-14 06:10:37,DEL,IDR,2026-09-29,T+15,6109.0,6243.76,3050.0,204.71,104.71,,,
2723,2026-09-14 06:10:52,BOM,COK,2026-09-15,T+1,7144.0,7508.29,4250.0,176.67,76.67,,,
2724,2026-09-14 06:11:07,DEL,BOM,2026-09-15,T+1,6314.0,6991.72,4850.0,144.16,44.16,,,
2725,2026-09-14 06:11:25,BLR,DEL,2026-09-29,T+15,8257.0,8628.89,5200.0,165.94,65.94,,,
2726,2026-09-14 06:11:41,BLR,BOM,2026-09-15,T+1,5004.0,7279.93,3950.0,184.3,84.3,,,
2727,2026-09-14 06:11:56,DEL,CCU,2026-09-15,T+1,7271.0,8846.17,4750.0,186.24,86.24,,,
2728,2026-09-14 06:12:11,DEL,HYD,2026-09-21,T+7,8094.0,9505.17,4600.0,206.63,106.63,,,
2729,2026-09-14 06:12:27,DEL,PNQ,2026-09-21,T+7,6929.0,7190.25,4900.0,146.74,46.74,,,
2730,2026-09-14 06:12:42,BOM,GOI,2026-09-15,T+1,5014.0,7939.46,3100.0,256.11,156.11,,,
2731,2026-09-14 06:12:57,BOM,MAA,2026-09-15,T+1,6546.0,7459.82,4200.0,177.61,77.61,,,
2732,2026-09-14 06:13:12,AMD,DEL,2026-09-21,T+7,5929.0,6246.99,3400.0,183.74,83.73,,,
2733,2026-09-14 06:13:27,BLR,HYD,2026-09-29,T+15,4288.0,5169.06,2950.0,175.22,75.22,,,
2734,2026-09-14 06:13:46,DEL,SXR,2026-09-15,T+1,6623.0,9952.68,4100.0,242.75,142.75,,,
2735,2026-09-14 06:14:47,DEL,GAU,2026-09-21,T+7,8019.0,11296.28,4750.0,237.82,137.82,,,
2736,2026-09-14 06:15:23,CCU,GAU,2026-09-15,T+1,4700.0,7875.75,2650.0,297.2,197.2,,,
2737,2026-09-14 06:15:58,DEL,IXZ,2026-09-29,T+15,5768.0,19510.05,6400.0,304.84,204.84,,,
2738,2026-09-14 06:16:12,DEL,IXL,2026-09-29,T+15,7738.0,7754.24,4750.0,163.25,63.25,,,
2739,2026-09-14 06:16:26,DEL,COK,2026-09-15,T+1,10715.0,11110.36,5450.0,203.86,103.86,,,
2740,2026-09-14 06:16:41,DEL,PAT,2026-09-21,T+7,6249.0,6442.92,3650.0,176.52,76.52,,,
2741,2026-09-14 06:16:56,DEL,LKO,2026-09-15,T+1,3905.0,4216.05,2950.0,142.92,42.92,,,
2742,2026-09-14 06:17:10,BOM,JAI,2026-09-21,T+7,6976.0,8296.05,3650.0,227.29,127.29,,,
2743,2026-09-14 06:17:24,BOM,AMD,2026-09-21,T+7,4218.0,6769.27,2450.0,276.3,176.3,,,
2744,2026-09-14 06:17:39,MAA,BLR,2026-09-21,T+7,4293.0,4816.91,2250.0,214.08,114.08,,,
2745,2026-09-14 06:17:52,DEL,BBI,2026-09-21,T+7,9144.0,10350.11,4150.0,249.4,149.4,,,
2746,2026-09-14 06:18:14,DEL,ATQ,2026-09-15,T+1,3532.0,3965.94,2650.0,149.66,49.66,,,
2747,2026-09-14 06:18:41,DEL,IDR,2026-09-29,T+15,6109.0,6243.76,3050.0,204.71,104.71,,,
2748,2026-09-14 06:18:58,BOM,COK,2026-09-21,T+7,7144.0,7161.88,4250.0,168.51,68.51,,,
2749,2026-09-14 06:19:13,DEL,BOM,2026-09-29,T+15,6314.0,7226.46,4850.0,149.0,49.0,,,
2750,2026-09-14 06:19:46,BLR,DEL,2026-09-29,T+15,8257.0,8628.89,5200.0,165.94,65.94,,,
2751,2026-09-14 06:20:01,BLR,BOM,2026-09-15,T+1,5004.0,7347.73,3950.0,186.02,86.02,,,
2752,2026-09-14 06:20:16,DEL,CCU,2026-09-29,T+15,7271.0,8712.65,4750.0,183.42,83.42,,,
2753,2026-09-14 06:20:31,DEL,HYD,2026-09-29,T+15,7884.0,8875.27,4600.0,192.94,92.94,,,
2754,2026-09-14 06:20:52,DEL,PNQ,2026-09-29,T+15,6929.0,7510.94,4900.0,153.28,53.28,,,
2755,2026-09-14 06:21:18,BOM,GOI,2026-09-21,T+7,3789.0,5418.76,3100.0,174.8,74.8,,,
2756,2026-09-14 06:21:33,BOM,MAA,2026-09-21,T+7,6546.0,7853.53,4200.0,186.99,86.99,,,
2757,2026-09-14 06:21:48,AMD,DEL,2026-09-21,T+7,5929.0,6246.99,3400.0,183.74,83.73,,,
2758,2026-09-14 06:22:03,BLR,HYD,2026-09-29,T+15,4288.0,5169.06,2950.0,175.22,75.22,,,
2759,2026-09-14 06:22:18,DEL,SXR,2026-09-21,T+7,6623.0,7958.65,4100.0,194.11,94.11,,,
2760,2026-09-14 06:22:54,DEL,GAU,2026-09-29,T+15,8019.0,11296.28,4750.0,237.82,137.82,,,
2761,2026-09-14 06:23:33,CCU,GAU,2026-09-15,T+1,4700.0,7875.75,2650.0,297.2,197.2,,,
2762,2026-09-14 06:24:08,DEL,IXZ,2026-09-29,T+15,5768.0,19510.05,6400.0,304.84,204.84,,,
2763,2026-09-14 06:24:25,DEL,IXL,2026-09-29,T+15,7738.0,7754.24,4750.0,163.25,63.25,,,
2764,2026-09-14 06:24:39,DEL,COK,2026-09-29,T+15,10715.0,12718.46,5450.0,233.37,133.37,,,
2765,2026-09-14 06:24:56,DEL,PAT,2026-09-29,T+15,6217.0,6473.07,3650.0,177.34,77.34,,,
2766,2026-09-14 06:25:11,DEL,LKO,2026-09-15,T+1,3905.0,4282.7,2950.0,145.18,45.18,,,
2767,2026-09-14 06:25:25,BOM,JAI,2026-09-21,T+7,6976.0,8296.05,3650.0,227.29,127.29,,,
2768,2026-09-14 06:25:40,BOM,AMD,2026-09-15,T+1,4164.0,6570.33,2450.0,268.18,168.18,,,
2769,2026-09-14 06:25:54,MAA,BLR,2026-09-15,T+1,4293.0,5338.52,2250.0,237.27,137.27,,,
2770,2026-09-14 06:26:09,DEL,BBI,2026-09-15,T+1,9775.0,11372.49,4150.0,274.04,174.04,,,
2771,2026-09-14 06:26:24,DEL,ATQ,2026-09-21,T+7,3696.0,4020.21,2650.0,151.71,51.71,,,
2772,2026-09-14 06:26:39,DEL,IDR,2026-09-29,T+15,6109.0,6243.76,3050.0,204.71,104.71,,,
2773,2026-09-14 06:26:53,BOM,COK,2026-09-15,T+1,7144.0,7508.29,4250.0,176.67,76.67,,,
2774,2026-09-14 06:27:09,DEL,BOM,2026-09-21,T+7,6314.0,6562.59,4850.0,135.31,35.31,,,
2775,2026-09-14 06:27:24,BLR,DEL,2026-09-29,T+15,8257.0,8636.26,5200.0,166.08,66.08,,,
2776,2026-09-14 06:27:39,BLR,BOM,2026-09-21,T+7,4637.0,6763.21,3950.0,171.22,71.22,,,
2777,2026-09-14 06:27:54,DEL,CCU,2026-09-21,T+7,7271.0,8725.86,4750.0,183.7,83.7,,,
2778,2026-09-14 06:28:09,DEL,HYD,2026-09-29,T+15,7884.0,8875.27,4600.0,192.94,92.94,,,
2779,2026-09-14 06:28:24,DEL,PNQ,2026-09-29,T+15,6929.0,7512.61,4900.0,153.32,53.32,,,
2780,2026-09-14 06:28:38,BOM,GOI,2026-09-21,T+7,3964.0,5445.79,3100.0,175.67,75.67,,,
2781,2026-09-14 06:28:53,BOM,MAA,2026-09-29,T+15,6546.0,6855.86,4200.0,163.23,63.23,,,
2782,2026-09-14 06:29:08,AMD,DEL,2026-09-29,T+15,5985.0,6190.76,3400.0,182.08,82.08,,,
2783,2026-09-14 06:29:23,BLR,HYD,2026-09-15,T+1,6569.0,10444.32,2950.0,354.04,254.04,,,
2784,2026-09-14 06:29:37,DEL,SXR,2026-09-21,T+7,6623.0,7958.65,4100.0,194.11,94.11,,,
2785,2026-09-14 06:30:07,DEL,GAU,2026-09-29,T+15,8019.0,11296.28,4750.0,237.82,137.82,,,
2786,2026-09-14 06:30:41,CCU,GAU,2026-09-29,T+15,4700.0,7875.75,2650.0,297.2,197.2,,,
2787,2026-09-14 06:31:19,DEL,IXZ,2026-09-15,T+1,5768.0,19510.05,6400.0,304.84,204.84,,,
2788,2026-09-14 06:31:33,DEL,IXL,2026-09-29,T+15,7738.0,7754.24,4750.0,163.25,63.25,,,
2789,2026-09-14 06:31:48,DEL,COK,2026-09-29,T+15,10715.0,12718.46,5450.0,233.37,133.37,,,
2790,2026-09-14 06:32:02,DEL,PAT,2026-09-29,T+15,6217.0,6467.64,3650.0,177.2,77.2,,,
2791,2026-09-14 06:32:16,DEL,LKO,2026-09-15,T+1,3905.0,4246.81,2950.0,143.96,43.96,,,
2792,2026-09-14 06:32:31,BOM,JAI,2026-09-21,T+7,6976.0,8296.05,3650.0,227.29,127.29,,,
2793,2026-09-14 06:32:46,BOM,AMD,2026-09-29,T+15,4164.0,5605.38,2450.0,228.79,128.79,,,
2794,2026-09-14 06:33:00,MAA,BLR,2026-09-29,T+15,4293.0,4795.48,2250.0,213.13,113.13,,,
2795,2026-09-14 06:33:14,DEL,BBI,2026-09-15,T+1,9775.0,11372.49,4150.0,274.04,174.04,,,
2796,2026-09-14 06:33:28,DEL,ATQ,2026-09-21,T+7,3696.0,4020.21,2650.0,151.71,51.71,,,
2797,2026-09-14 06:33:56,DEL,IDR,2026-09-15,T+1,6109.0,6243.76,3050.0,204.71,104.71,,,
2798,2026-09-14 06:35:20,BOM,COK,2026-09-15,T+1,7144.0,7508.29,4250.0,176.67,76.67,,,
2799,2026-09-14 06:37:33,DEL,BOM,2026-09-15,T+1,6314.0,6558.68,4850.0,135.23,35.23,,,
2800,2026-09-14 06:38:06,BLR,DEL,2026-09-15,T+1,8257.0,10297.52,5200.0,198.03,98.03,,,
2801,2026-09-14 06:38:51,BLR,BOM,2026-09-21,T+7,4637.0,6763.21,3950.0,171.22,71.22,,,
2802,2026-09-14 06:40:58,DEL,CCU,2026-09-15,T+1,7271.0,8688.65,4750.0,182.92,82.92,,,
2803,2026-09-14 06:41:15,DEL,HYD,2026-09-29,T+15,7884.0,8875.27,4600.0,192.94,92.94,,,
2804,2026-09-14 06:43:04,DEL,PNQ,2026-09-15,T+1,6929.0,7512.61,4900.0,153.32,53.32,,,
2805,2026-09-14 06:43:58,BOM,GOI,2026-09-15,T+1,5014.0,7968.35,3100.0,257.04,157.04,,,
2806,2026-09-14 06:45:32,BOM,MAA,2026-09-15,T+1,6546.0,6982.2,4200.0,166.24,66.24,,,
2807,2026-09-14 06:45:48,AMD,DEL,2026-09-21,T+7,5929.0,6246.99,3400.0,183.74,83.73,,,
2808,2026-09-14 06:46:16,BLR,HYD,2026-09-15,T+1,6569.0,10556.68,2950.0,357.85,257.85,,,
2809,2026-09-14 06:47:11,DEL,SXR,2026-09-15,T+1,6623.0,10030.28,4100.0,244.64,144.64,,,
2810,2026-09-14 06:47:54,DEL,GAU,2026-09-15,T+1,8019.0,11296.28,4750.0,237.82,137.82,,,
2811,2026-09-14 06:49:11,CCU,GAU,2026-09-15,T+1,4700.0,7875.75,2650.0,297.2,197.2,,,
2812,2026-09-14 06:50:57,DEL,IXZ,2026-09-29,T+15,5768.0,19510.05,6400.0,304.84,204.84,,,
2813,2026-09-14 06:51:15,DEL,IXL,2026-09-21,T+7,7738.0,7758.8,4750.0,163.34,63.34,,,
2814,2026-09-14 06:51:54,DEL,COK,2026-09-21,T+7,10716.0,11522.62,5450.0,211.42,111.42,,,
2815,2026-09-14 06:53:08,DEL,PAT,2026-09-29,T+15,6217.0,6467.64,3650.0,177.2,77.2,,,
2816,2026-09-14 06:53:23,DEL,LKO,2026-09-15,T+1,3905.0,4233.8,2950.0,143.52,43.52,,,
2817,2026-09-14 06:53:58,BOM,JAI,2026-09-21,T+7,6976.0,8296.05,3650.0,227.29,127.29,,,
2818,2026-09-14 06:54:21,BOM,AMD,2026-09-29,T+15,4164.0,5605.38,2450.0,228.79,128.79,,,
2819,2026-09-14 06:54:36,MAA,BLR,2026-09-21,T+7,4293.0,4424.33,2250.0,196.64,96.64,,,
2820,2026-09-14 06:54:51,DEL,BBI,2026-09-29,T+15,9145.0,10357.87,4150.0,249.59,149.59,,,
2821,2026-09-14 06:55:06,DEL,ATQ,2026-09-15,T+1,3532.0,3965.94,2650.0,149.66,49.66,,,
2822,2026-09-14 06:55:20,DEL,IDR,2026-09-15,T+1,6109.0,6243.76,3050.0,204.71,104.71,,,
2823,2026-09-14 06:55:34,BOM,COK,2026-09-15,T+1,7144.0,7508.29,4250.0,176.67,76.67,,,
2824,2026-09-14 06:55:49,DEL,BOM,2026-09-29,T+15,6314.0,7226.46,4850.0,149.0,49.0,,,
2825,2026-09-14 06:56:04,BLR,DEL,2026-09-21,T+7,8257.0,8466.39,5200.0,162.82,62.82,,,
2826,2026-09-14 06:56:19,BLR,BOM,2026-09-15,T+1,5300.0,7307.49,3950.0,185.0,85.0,,,
2827,2026-09-14 06:56:33,DEL,CCU,2026-09-15,T+1,7271.0,8846.17,4750.0,186.24,86.24,,,
2828,2026-09-14 06:56:48,DEL,HYD,2026-09-21,T+7,8094.0,9505.17,4600.0,206.63,106.63,,,
2829,2026-09-14 06:57:03,DEL,PNQ,2026-09-21,T+7,6929.0,7195.91,4900.0,146.86,46.86,,,
2830,2026-09-14 06:57:17,BOM,GOI,2026-09-21,T+7,3964.0,5562.31,3100.0,179.43,79.43,,,
2831,2026-09-14 06:57:31,BOM,MAA,2026-09-15,T+1,6546.0,7409.9,4200.0,176.43,76.43,,,
2832,2026-09-14 06:57:46,AMD,DEL,2026-09-21,T+7,5929.0,6246.99,3400.0,183.74,83.73,,,
2833,2026-09-14 06:58:01,BLR,HYD,2026-09-21,T+7,5221.0,7441.21,2950.0,252.24,152.24,,,
2834,2026-09-14 06:58:16,DEL,SXR,2026-09-15,T+1,6623.0,10049.78,4100.0,245.12,145.12,,,
2835,2026-09-14 06:58:46,DEL,GAU,2026-09-15,T+1,8019.0,11296.28,4750.0,237.82,137.82,,,
2836,2026-09-14 06:59:14,CCU,GAU,2026-09-21,T+7,4700.0,7875.75,2650.0,297.2,197.2,,,
2837,2026-09-14 06:59:43,DEL,IXZ,2026-09-29,T+15,5768.0,19510.05,6400.0,304.84,204.84,,,
2838,2026-09-14 06:59:58,DEL,IXL,2026-09-15,T+1,7738.0,7921.61,4750.0,166.77,66.77,,,
2839,2026-09-14 07:00:12,DEL,COK,2026-09-29,T+15,10715.0,12718.46,5450.0,233.37,133.37,,,
2840,2026-09-14 07:00:27,DEL,PAT,2026-09-15,T+1,6217.0,6406.03,3650.0,175.51,75.51,,,
2841,2026-09-14 07:00:41,DEL,LKO,2026-09-21,T+7,3905.0,4102.34,2950.0,139.06,39.06,,,
2842,2026-09-14 07:00:55,BOM,JAI,2026-09-21,T+7,6976.0,8296.05,3650.0,227.29,127.29,,,
2843,2026-09-14 07:01:10,BOM,AMD,2026-09-21,T+7,4218.0,6795.24,2450.0,277.36,177.36,,,
2844,2026-09-14 07:01:25,MAA,BLR,2026-09-15,T+1,4293.0,5244.78,2250.0,233.1,133.1,,,
2845,2026-09-14 07:01:39,DEL,BBI,2026-09-21,T+7,9143.0,10349.99,4150.0,249.4,149.4,,,
2846,2026-09-14 07:01:54,DEL,ATQ,2026-09-15,T+1,3695.0,4011.53,2650.0,151.38,51.38,,,
2847,2026-09-14 07:02:08,DEL,IDR,2026-09-29,T+15,6109.0,6189.08,3050.0,202.92,102.92,,,
2848,2026-09-14 07:02:22,BOM,COK,2026-09-15,T+1,7144.0,7508.29,4250.0,176.67,76.67,,,
2849,2026-09-14 07:02:37,DEL,BOM,2026-09-21,T+7,6314.0,6583.25,4850.0,135.74,35.74,,,
2850,2026-09-14 07:02:52,BLR,DEL,2026-09-29,T+15,8257.0,8643.63,5200.0,166.22,66.22,,,
2851,2026-09-14 07:03:06,BLR,BOM,2026-09-29,T+15,4164.0,6345.29,3950.0,160.64,60.64,,,
2852,2026-09-14 07:03:20,DEL,CCU,2026-09-15,T+1,7271.0,8863.49,4750.0,186.6,86.6,,,
2853,2026-09-14 07:03:35,DEL,HYD,2026-09-29,T+15,7884.0,8875.27,4600.0,192.94,92.94,,,
2854,2026-09-14 07:03:50,DEL,PNQ,2026-09-15,T+1,6929.0,7850.21,4900.0,160.21,60.21,,,
2855,2026-09-14 07:04:04,BOM,GOI,2026-09-29,T+15,4069.0,5564.57,3100.0,179.5,79.5,,,
2856,2026-09-14 07:04:18,BOM,MAA,2026-09-21,T+7,6546.0,7595.91,4200.0,180.85,80.86,,,
2857,2026-09-14 07:04:32,AMD,DEL,2026-09-21,T+7,5929.0,6246.99,3400.0,183.74,83.73,,,
2858,2026-09-14 07:04:47,BLR,HYD,2026-09-21,T+7,5221.0,7441.21,2950.0,252.24,152.24,,,
2859,2026-09-14 07:05:01,DEL,SXR,2026-09-21,T+7,6623.0,8098.2,4100.0,197.52,97.52,,,
2860,2026-09-14 07:05:30,DEL,GAU,2026-09-21,T+7,8019.0,11296.28,4750.0,237.82,137.82,,,
2861,2026-09-14 07:06:01,CCU,GAU,2026-09-29,T+15,4700.0,7875.75,2650.0,297.2,197.2,,,
2862,2026-09-14 07:06:31,DEL,IXZ,2026-09-15,T+1,5768.0,19510.05,6400.0,304.84,204.84,,,
2863,2026-09-14 07:06:45,DEL,IXL,2026-09-15,T+1,7738.0,7921.61,4750.0,166.77,66.77,,,
2864,2026-09-14 07:06:59,DEL,COK,2026-09-21,T+7,10716.0,11522.62,5450.0,211.42,111.42,,,
2865,2026-09-14 07:07:13,DEL,PAT,2026-09-21,T+7,6249.0,6466.18,3650.0,177.16,77.16,,,
2866,2026-09-14 07:07:28,DEL,LKO,2026-09-29,T+15,3905.0,4060.68,2950.0,137.65,37.65,,,
2867,2026-09-14 07:07:42,BOM,JAI,2026-09-29,T+15,6976.0,7941.99,3650.0,217.59,117.59,,,
2868,2026-09-14 07:07:56,BOM,AMD,2026-09-15,T+1,4164.0,6639.58,2450.0,271.0,171.0,,,
2869,2026-09-14 07:08:10,MAA,BLR,2026-09-29,T+15,4293.0,4795.48,2250.0,213.13,113.13,,,
2870,2026-09-14 07:08:25,DEL,BBI,2026-09-15,T+1,9775.0,11314.16,4150.0,272.63,172.63,,,
2871,2026-09-14 07:08:39,DEL,ATQ,2026-09-15,T+1,3695.0,4011.53,2650.0,151.38,51.38,,,
2872,2026-09-14 07:08:53,DEL,IDR,2026-09-21,T+7,6109.0,6316.67,3050.0,207.1,107.1,,,
2873,2026-09-14 07:09:07,BOM,COK,2026-09-21,T+7,7144.0,7161.88,4250.0,168.51,68.51,,,
2874,2026-09-14 07:09:23,DEL,BOM,2026-09-15,T+1,6314.0,7021.49,4850.0,144.77,44.77,,,
2875,2026-09-14 07:09:37,BLR,DEL,2026-09-21,T+7,8257.0,8474.19,5200.0,162.97,62.97,,,
2876,2026-09-14 07:09:52,BLR,BOM,2026-09-29,T+15,4164.0,6345.29,3950.0,160.64,60.64,,,
2877,2026-09-14 07:10:06,DEL,CCU,2026-09-15,T+1,7271.0,8863.49,4750.0,186.6,86.6,,,
2878,2026-09-14 07:10:20,DEL,HYD,2026-09-29,T+15,7884.0,8875.27,4600.0,192.94,92.94,,,
2879,2026-09-14 07:10:35,DEL,PNQ,2026-09-15,T+1,6929.0,7865.22,4900.0,160.51,60.51,,,
2880,2026-09-14 07:10:49,BOM,GOI,2026-09-21,T+7,3964.0,5562.31,3100.0,179.43,79.43,,,
2881,2026-09-14 07:11:03,BOM,MAA,2026-09-21,T+7,6546.0,7595.91,4200.0,180.85,80.86,,,
2882,2026-09-14 07:11:18,AMD,DEL,2026-09-15,T+1,5929.0,8697.12,3400.0,255.8,155.8,,,
2883,2026-09-14 07:11:33,BLR,HYD,2026-09-29,T+15,4288.0,5923.01,2950.0,200.78,100.78,,,
2884,2026-09-14 07:11:47,DEL,SXR,2026-09-29,T+15,6846.0,8696.11,4100.0,212.1,112.1,,,
2885,2026-09-14 07:12:13,DEL,GAU,2026-09-21,T+7,8019.0,11296.28,4750.0,237.82,137.82,,,
2886,2026-09-14 07:12:42,CCU,GAU,2026-09-15,T+1,4700.0,7875.75,2650.0,297.2,197.2,,,
2887,2026-09-14 07:13:11,DEL,IXZ,2026-09-21,T+7,5768.0,19510.05,6400.0,304.84,204.84,,,
2888,2026-09-14 07:13:26,DEL,IXL,2026-09-15,T+1,7738.0,7921.61,4750.0,166.77,66.77,,,
2889,2026-09-14 07:13:41,DEL,COK,2026-09-15,T+1,10715.0,11110.36,5450.0,203.86,103.86,,,
2890,2026-09-14 07:13:55,DEL,PAT,2026-09-29,T+15,6217.0,6464.29,3650.0,177.1,77.1,,,
2891,2026-09-14 07:14:09,DEL,LKO,2026-09-29,T+15,3905.0,4060.68,2950.0,137.65,37.65,,,
2892,2026-09-14 07:14:24,BOM,JAI,2026-09-15,T+1,6976.0,8675.32,3650.0,237.68,137.68,,,
2893,2026-09-14 07:14:38,BOM,AMD,2026-09-29,T+15,4164.0,5605.38,2450.0,228.79,128.79,,,
2894,2026-09-14 07:14:52,MAA,BLR,2026-09-21,T+7,4293.0,4424.33,2250.0,196.64,96.64,,,
2895,2026-09-14 07:15:06,DEL,BBI,2026-09-21,T+7,9143.0,10349.99,4150.0,249.4,149.4,,,
2896,2026-09-14 07:15:21,DEL,ATQ,2026-09-15,T+1,3532.0,3965.94,2650.0,149.66,49.66,,,
2897,2026-09-14 07:15:35,DEL,IDR,2026-09-29,T+15,6109.0,6189.08,3050.0,202.92,102.92,,,
2898,2026-09-14 07:15:49,BOM,COK,2026-09-21,T+7,7144.0,7161.88,4250.0,168.51,68.51,,,
2899,2026-09-14 07:16:04,DEL,BOM,2026-09-21,T+7,6314.0,6559.67,4850.0,135.25,35.25,,,
2900,2026-09-14 07:16:19,BLR,DEL,2026-09-15,T+1,8257.0,9998.18,5200.0,192.27,92.27,,,
2901,2026-09-14 07:16:34,BLR,BOM,2026-09-15,T+1,5004.0,7278.64,3950.0,184.27,84.27,,,
2902,2026-09-14 07:16:48,DEL,CCU,2026-09-29,T+15,7271.0,8656.91,4750.0,182.25,82.25,,,
2903,2026-09-14 07:17:02,DEL,HYD,2026-09-21,T+7,8094.0,9505.17,4600.0,206.63,106.63,,,
2904,2026-09-14 07:17:17,DEL,PNQ,2026-09-21,T+7,6929.0,7196.88,4900.0,146.88,46.88,,,
2905,2026-09-14 07:17:31,BOM,GOI,2026-09-21,T+7,3964.0,5562.31,3100.0,179.43,79.43,,,
2906,2026-09-14 07:17:46,BOM,MAA,2026-09-15,T+1,6546.0,7409.9,4200.0,176.43,76.43,,,
2907,2026-09-14 07:18:00,AMD,DEL,2026-09-15,T+1,5929.0,8682.53,3400.0,255.37,155.37,,,
2908,2026-09-14 07:18:15,BLR,HYD,2026-09-21,T+7,5221.0,7441.21,2950.0,252.24,152.24,,,
2909,2026-09-14 07:18:29,DEL,SXR,2026-09-15,T+1,6623.0,10255.41,4100.0,250.13,150.13,,,
2910,2026-09-14 07:18:59,DEL,GAU,2026-09-21,T+7,8019.0,11296.28,4750.0,237.82,137.82,,,
2911,2026-09-14 07:19:24,CCU,GAU,2026-09-21,T+7,4700.0,7875.75,2650.0,297.2,197.2,,,
2912,2026-09-14 07:19:54,DEL,IXZ,2026-09-29,T+15,5768.0,19510.05,6400.0,304.84,204.84,,,
2913,2026-09-14 07:20:08,DEL,IXL,2026-09-15,T+1,7738.0,7921.61,4750.0,166.77,66.77,,,
2914,2026-09-14 07:20:23,DEL,COK,2026-09-21,T+7,10716.0,11522.62,5450.0,211.42,111.42,,,
2915,2026-09-14 07:20:37,DEL,PAT,2026-09-21,T+7,6249.0,6466.18,3650.0,177.16,77.16,,,
2916,2026-09-14 07:20:51,DEL,LKO,2026-09-21,T+7,3905.0,4102.34,2950.0,139.06,39.06,,,
2917,2026-09-14 07:21:05,BOM,JAI,2026-09-29,T+15,6976.0,7941.99,3650.0,217.59,117.59,,,
2918,2026-09-14 07:21:20,BOM,AMD,2026-09-21,T+7,4218.0,6743.3,2450.0,275.24,175.24,,,
2919,2026-09-14 07:21:34,MAA,BLR,2026-09-21,T+7,4293.0,4424.33,2250.0,196.64,96.64,,,
2920,2026-09-14 07:21:49,DEL,BBI,2026-09-29,T+15,9145.0,10357.87,4150.0,249.59,149.59,,,
2921,2026-09-14 07:22:03,DEL,ATQ,2026-09-21,T+7,3696.0,4020.21,2650.0,151.71,51.71,,,
2922,2026-09-14 07:22:17,DEL,IDR,2026-09-21,T+7,6109.0,6316.67,3050.0,207.1,107.1,,,
2923,2026-09-14 07:22:32,BOM,COK,2026-09-29,T+15,7144.0,7567.84,4250.0,178.07,78.07,,,
2924,2026-09-14 07:22:49,DEL,BOM,2026-09-29,T+15,6314.0,7226.46,4850.0,149.0,49.0,,,
2925,2026-09-14 07:23:04,BLR,DEL,2026-09-21,T+7,8257.0,8475.52,5200.0,162.99,62.99,,,
2926,2026-09-14 07:23:19,BLR,BOM,2026-09-15,T+1,5004.0,7290.32,3950.0,184.57,84.57,,,
2927,2026-09-14 07:23:33,DEL,CCU,2026-09-15,T+1,7271.0,8863.49,4750.0,186.6,86.6,,,
2928,2026-09-14 07:23:48,DEL,HYD,2026-09-15,T+1,8304.0,11926.56,4600.0,259.27,159.27,,,
2929,2026-09-14 07:24:02,DEL,PNQ,2026-09-29,T+15,6929.0,7449.44,4900.0,152.03,52.03,,,
2930,2026-09-14 07:24:16,BOM,GOI,2026-09-21,T+7,3964.0,5562.31,3100.0,179.43,79.43,,,
2931,2026-09-14 07:24:31,BOM,MAA,2026-09-29,T+15,6546.0,7592.57,4200.0,180.78,80.78,,,
2932,2026-09-14 07:24:46,AMD,DEL,2026-09-15,T+1,6039.0,8697.82,3400.0,255.82,155.82,,,
2933,2026-09-14 07:25:01,BLR,HYD,2026-09-21,T+7,5221.0,7718.21,2950.0,261.63,161.63,,,
2934,2026-09-14 07:25:15,DEL,SXR,2026-09-29,T+15,6846.0,8696.11,4100.0,212.1,112.1,,,
2935,2026-09-14 07:25:42,DEL,GAU,2026-09-29,T+15,8019.0,11296.28,4750.0,237.82,137.82,,,
2936,2026-09-14 07:26:08,CCU,GAU,2026-09-29,T+15,4700.0,7875.75,2650.0,297.2,197.2,,,
2937,2026-09-14 07:26:37,DEL,IXZ,2026-09-29,T+15,5768.0,19510.05,6400.0,304.84,204.84,,,
2938,2026-09-14 07:26:51,DEL,IXL,2026-09-29,T+15,7738.0,7754.24,4750.0,163.25,63.25,,,
2939,2026-09-14 07:27:06,DEL,COK,2026-09-21,T+7,10716.0,10924.43,5450.0,200.45,100.45,,,
2940,2026-09-14 07:27:20,DEL,PAT,2026-09-21,T+7,6249.0,6466.18,3650.0,177.16,77.16,,,
2941,2026-09-14 07:27:35,DEL,LKO,2026-09-21,T+7,3905.0,4102.34,2950.0,139.06,39.06,,,
2942,2026-09-14 07:27:49,BOM,JAI,2026-09-29,T+15,6976.0,7941.99,3650.0,217.59,117.59,,,
2943,2026-09-14 07:28:03,BOM,AMD,2026-09-29,T+15,4164.0,5605.38,2450.0,228.79,128.79,,,
2944,2026-09-14 07:28:17,MAA,BLR,2026-09-29,T+15,4293.0,4795.48,2250.0,213.13,113.13,,,
2945,2026-09-14 07:28:31,DEL,BBI,2026-09-29,T+15,9145.0,10357.87,4150.0,249.59,149.59,,,
2946,2026-09-14 07:28:46,DEL,ATQ,2026-09-29,T+15,3695.0,3837.26,2650.0,144.8,44.8,,,
2947,2026-09-14 07:29:00,DEL,IDR,2026-09-21,T+7,6109.0,6316.67,3050.0,207.1,107.1,,,
2948,2026-09-14 07:29:14,BOM,COK,2026-09-15,T+1,7144.0,7438.71,4250.0,175.03,75.03,,,
2949,2026-09-14 07:29:29,DEL,BOM,2026-09-15,T+1,6314.0,7026.4,4850.0,144.87,44.87,,,
2950,2026-09-14 07:29:44,BLR,DEL,2026-09-21,T+7,8257.0,8475.52,5200.0,162.99,62.99,,,
2951,2026-09-14 07:29:58,BLR,BOM,2026-09-15,T+1,5004.0,7964.88,3950.0,201.64,101.64,,,
2952,2026-09-14 07:30:12,DEL,CCU,2026-09-15,T+1,7271.0,8863.49,4750.0,186.6,86.6,,,
2953,2026-09-14 07:30:26,DEL,HYD,2026-09-21,T+7,8094.0,9505.17,4600.0,206.63,106.63,,,
2954,2026-09-14 07:30:41,DEL,PNQ,2026-09-21,T+7,6929.0,7196.88,4900.0,146.88,46.88,,,
2955,2026-09-14 07:30:55,BOM,GOI,2026-09-15,T+1,5014.0,8076.57,3100.0,260.53,160.53,,,
2956,2026-09-14 07:31:10,BOM,MAA,2026-09-15,T+1,6546.0,7381.58,4200.0,175.75,75.75,,,
2957,2026-09-14 07:31:24,AMD,DEL,2026-09-21,T+7,5929.0,6246.99,3400.0,183.74,83.73,,,
2958,2026-09-14 07:31:38,BLR,HYD,2026-09-21,T+7,5221.0,7507.75,2950.0,254.5,154.5,,,
2959,2026-09-14 07:31:52,DEL,SXR,2026-09-15,T+1,6623.0,10039.34,4100.0,244.86,144.86,,,
2960,2026-09-14 07:32:19,DEL,GAU,2026-09-21,T+7,8019.0,11296.28,4750.0,237.82,137.82,,,
2961,2026-09-14 07:32:47,CCU,GAU,2026-09-29,T+15,4700.0,7875.75,2650.0,297.2,197.2,,,
2962,2026-09-14 07:33:16,DEL,IXZ,2026-09-15,T+1,5768.0,19510.05,6400.0,304.84,204.84,,,
2963,2026-09-14 07:33:30,DEL,IXL,2026-09-15,T+1,7738.0,7921.61,4750.0,166.77,66.77,,,
2964,2026-09-14 07:33:43,DEL,COK,2026-09-21,T+7,10716.0,10924.43,5450.0,200.45,100.45,,,
2965,2026-09-14 07:33:57,DEL,PAT,2026-09-21,T+7,6249.0,6466.18,3650.0,177.16,77.16,,,
2966,2026-09-14 07:34:11,DEL,LKO,2026-09-29,T+15,3905.0,4060.68,2950.0,137.65,37.65,,,
2967,2026-09-14 07:34:25,BOM,JAI,2026-09-29,T+15,6976.0,7941.99,3650.0,217.59,117.59,,,
2968,2026-09-14 07:34:40,BOM,AMD,2026-09-15,T+1,4164.0,6693.44,2450.0,273.2,173.2,,,
2969,2026-09-14 07:34:54,MAA,BLR,2026-09-21,T+7,4293.0,4424.33,2250.0,196.64,96.64,,,
2970,2026-09-14 07:35:08,DEL,BBI,2026-09-21,T+7,9144.0,10270.73,4150.0,247.49,147.49,,,
2971,2026-09-14 07:35:22,DEL,ATQ,2026-09-29,T+15,3695.0,3837.26,2650.0,144.8,44.8,,,
2972,2026-09-14 07:35:36,DEL,IDR,2026-09-21,T+7,6109.0,6316.67,3050.0,207.1,107.1,,,
2973,2026-09-14 07:35:50,BOM,COK,2026-09-21,T+7,7144.0,7161.88,4250.0,168.51,68.51,,,
2974,2026-09-14 07:36:05,DEL,BOM,2026-09-29,T+15,6314.0,7226.46,4850.0,149.0,49.0,,,
2975,2026-09-14 07:36:20,BLR,DEL,2026-09-15,T+1,8257.0,10126.87,5200.0,194.75,94.75,,,
2976,2026-09-14 07:36:34,BLR,BOM,2026-09-15,T+1,5004.0,7276.95,3950.0,184.23,84.23,,,
2977,2026-09-14 07:36:49,DEL,CCU,2026-09-21,T+7,7271.0,8751.76,4750.0,184.25,84.25,,,
2978,2026-09-14 07:37:03,DEL,HYD,2026-09-29,T+15,7884.0,8875.27,4600.0,192.94,92.94,,,
2979,2026-09-14 07:37:17,DEL,PNQ,2026-09-15,T+1,6929.0,7880.3,4900.0,160.82,60.82,,,
2980,2026-09-14 07:37:32,BOM,GOI,2026-09-29,T+15,4069.0,5536.91,3100.0,178.61,78.61,,,
2981,2026-09-14 07:37:46,BOM,MAA,2026-09-29,T+15,6546.0,6855.86,4200.0,163.23,63.23,,,
2982,2026-09-14 07:38:01,AMD,DEL,2026-09-21,T+7,5929.0,6246.99,3400.0,183.74,83.73,,,
2983,2026-09-14 07:38:15,BLR,HYD,2026-09-21,T+7,5221.0,7900.49,2950.0,267.81,167.81,,,
2984,2026-09-14 07:38:29,DEL,SXR,2026-09-29,T+15,6846.0,8696.11,4100.0,212.1,112.1,,,
2985,2026-09-14 07:38:55,DEL,GAU,2026-09-29,T+15,8019.0,11296.28,4750.0,237.82,137.82,,,
2986,2026-09-14 07:39:25,CCU,GAU,2026-09-21,T+7,4700.0,7875.75,2650.0,297.2,197.2,,,
2987,2026-09-14 07:39:54,DEL,IXZ,2026-09-29,T+15,5768.0,19510.05,6400.0,304.84,204.84,,,
2988,2026-09-14 07:40:08,DEL,IXL,2026-09-15,T+1,7738.0,7921.61,4750.0,166.77,66.77,,,
2989,2026-09-14 07:40:23,DEL,COK,2026-09-21,T+7,10716.0,11522.62,5450.0,211.42,111.42,,,
2990,2026-09-14 07:40:37,DEL,PAT,2026-09-29,T+15,6217.0,6464.29,3650.0,177.1,77.1,,,
2991,2026-09-14 07:40:51,DEL,LKO,2026-09-15,T+1,3905.0,4298.74,2950.0,145.72,45.72,,,
2992,2026-09-14 07:41:05,BOM,JAI,2026-09-21,T+7,6976.0,8296.05,3650.0,227.29,127.29,,,
2993,2026-09-14 07:41:20,BOM,AMD,2026-09-29,T+15,4164.0,5605.38,2450.0,228.79,128.79,,,
2994,2026-09-14 07:41:34,MAA,BLR,2026-09-21,T+7,4293.0,4424.33,2250.0,196.64,96.64,,,
2995,2026-09-14 07:41:48,DEL,BBI,2026-09-15,T+1,9775.0,11314.16,4150.0,272.63,172.63,,,
2996,2026-09-14 07:42:02,DEL,ATQ,2026-09-21,T+7,3696.0,4020.21,2650.0,151.71,51.71,,,
2997,2026-09-14 07:42:16,DEL,IDR,2026-09-29,T+15,6109.0,6189.08,3050.0,202.92,102.92,,,
2998,2026-09-14 07:42:30,BOM,COK,2026-09-29,T+15,7144.0,7567.84,4250.0,178.07,78.07,,,
2999,2026-09-14 07:42:45,DEL,BOM,2026-09-15,T+1,6314.0,6980.99,4850.0,143.94,43.94,,,
3000,2026-09-14 07:43:00,BLR,DEL,2026-09-21,T+7,8257.0,8475.52,5200.0,162.99,62.99,,,
3001,2026-09-14 07:43:15,BLR,BOM,2026-09-15,T+1,5004.0,7254.6,3950.0,183.66,83.66,,,
3002,2026-09-14 07:43:29,DEL,CCU,2026-09-29,T+15,7271.0,8656.91,4750.0,182.25,82.25,,,
3003,2026-09-14 07:43:43,DEL,HYD,2026-09-29,T+15,7884.0,8875.27,4600.0,192.94,92.94,,,
3004,2026-09-14 07:43:58,DEL,PNQ,2026-09-29,T+15,6929.0,7451.11,4900.0,152.06,52.06,,,
3005,2026-09-14 07:44:12,BOM,GOI,2026-09-15,T+1,5014.0,8110.6,3100.0,261.63,161.63,,,
3006,2026-09-14 07:44:26,BOM,MAA,2026-09-29,T+15,6546.0,7592.57,4200.0,180.78,80.78,,,
3007,2026-09-14 07:44:41,AMD,DEL,2026-09-29,T+15,5985.0,6190.76,3400.0,182.08,82.08,,,
3008,2026-09-14 07:44:55,BLR,HYD,2026-09-29,T+15,4288.0,5923.01,2950.0,200.78,100.78,,,
3009,2026-09-14 07:45:09,DEL,SXR,2026-09-21,T+7,6623.0,8098.2,4100.0,197.52,97.52,,,
3010,2026-09-14 07:45:37,DEL,GAU,2026-09-29,T+15,8019.0,11296.28,4750.0,237.82,137.82,,,
3011,2026-09-14 07:46:03,CCU,GAU,2026-09-29,T+15,4700.0,7875.75,2650.0,297.2,197.2,,,
3012,2026-09-14 07:46:33,DEL,IXZ,2026-09-21,T+7,5768.0,19510.05,6400.0,304.84,204.84,,,
3013,2026-09-14 07:46:47,DEL,IXL,2026-09-21,T+7,7738.0,7758.8,4750.0,163.34,63.34,,,
3014,2026-09-14 07:47:01,DEL,COK,2026-09-15,T+1,10715.0,11110.36,5450.0,203.86,103.86,,,
3015,2026-09-14 07:47:15,DEL,PAT,2026-09-29,T+15,6217.0,6464.29,3650.0,177.1,77.1,,,
3016,2026-09-14 07:47:29,DEL,LKO,2026-09-29,T+15,3905.0,4060.68,2950.0,137.65,37.65,,,
3017,2026-09-14 07:47:44,BOM,JAI,2026-09-15,T+1,6976.0,8918.36,3650.0,244.34,144.34,,,
3018,2026-09-14 07:47:58,BOM,AMD,2026-09-29,T+15,4164.0,5605.38,2450.0,228.79,128.79,,,
3019,2026-09-14 07:48:12,MAA,BLR,2026-09-15,T+1,4293.0,5343.81,2250.0,237.5,137.5,,,
3020,2026-09-14 07:48:26,DEL,BBI,2026-09-15,T+1,9775.0,11503.72,4150.0,277.2,177.2,,,
3021,2026-09-14 07:48:40,DEL,ATQ,2026-09-15,T+1,3695.0,4269.84,2650.0,161.13,61.13,,,
3022,2026-09-14 07:48:54,DEL,IDR,2026-09-29,T+15,6109.0,6189.08,3050.0,202.92,102.92,,,
3023,2026-09-14 07:49:08,BOM,COK,2026-09-15,T+1,7144.0,7438.71,4250.0,175.03,75.03,,,
3024,2026-09-14 07:49:23,DEL,BOM,2026-09-15,T+1,6230.0,6980.82,4850.0,143.93,43.93,,,
3025,2026-09-14 07:49:37,BLR,DEL,2026-09-21,T+7,8257.0,8475.52,5200.0,162.99,62.99,,,
3026,2026-09-14 07:49:52,BLR,BOM,2026-09-15,T+1,5004.0,7254.6,3950.0,183.66,83.66,,,
3027,2026-09-14 07:50:06,DEL,CCU,2026-09-29,T+15,7271.0,8656.91,4750.0,182.25,82.25,,,
3028,2026-09-14 07:50:21,DEL,HYD,2026-09-15,T+1,8304.0,12117.32,4600.0,263.42,163.42,,,
3029,2026-09-14 07:50:35,DEL,PNQ,2026-09-21,T+7,6929.0,7195.26,4900.0,146.84,46.84,,,
3030,2026-09-14 07:50:50,BOM,GOI,2026-09-15,T+1,5014.0,8110.6,3100.0,261.63,161.63,,,
3031,2026-09-14 07:51:04,BOM,MAA,2026-09-15,T+1,6546.0,7381.58,4200.0,175.75,75.75,,,
3032,2026-09-14 07:51:19,AMD,DEL,2026-09-15,T+1,5929.0,8719.34,3400.0,256.45,156.45,,,
3033,2026-09-14 07:51:33,BLR,HYD,2026-09-29,T+15,4288.0,5923.01,2950.0,200.78,100.78,,,
3034,2026-09-14 07:51:47,DEL,SXR,2026-09-21,T+7,6623.0,8300.6,4100.0,202.45,102.45,,,
3035,2026-09-14 07:52:17,DEL,GAU,2026-09-15,T+1,8019.0,11296.28,4750.0,237.82,137.82,,,
3036,2026-09-14 07:52:44,CCU,GAU,2026-09-29,T+15,4700.0,7875.75,2650.0,297.2,197.2,,,
3037,2026-09-14 07:53:13,DEL,IXZ,2026-09-15,T+1,5768.0,19510.05,6400.0,304.84,204.84,,,
3038,2026-09-14 07:53:27,DEL,IXL,2026-09-15,T+1,7738.0,7921.61,4750.0,166.77,66.77,,,
3039,2026-09-14 07:53:42,DEL,COK,2026-09-21,T+7,10716.0,11522.62,5450.0,211.42,111.42,,,
3040,2026-09-14 07:53:56,DEL,PAT,2026-09-21,T+7,6249.0,6466.18,3650.0,177.16,77.16,,,
3041,2026-09-14 07:54:10,DEL,LKO,2026-09-15,T+1,3905.0,4257.08,2950.0,144.31,44.31,,,
3042,2026-09-14 07:54:24,BOM,JAI,2026-09-21,T+7,6976.0,8296.05,3650.0,227.29,127.29,,,
3043,2026-09-14 07:54:39,BOM,AMD,2026-09-15,T+1,4164.0,6670.36,2450.0,272.26,172.26,,,
3044,2026-09-14 07:54:53,MAA,BLR,2026-09-21,T+7,4293.0,4424.33,2250.0,196.64,96.64,,,
3045,2026-09-14 07:55:07,DEL,BBI,2026-09-21,T+7,9144.0,10270.73,4150.0,247.49,147.49,,,
3046,2026-09-14 07:55:21,DEL,ATQ,2026-09-21,T+7,3696.0,4020.21,2650.0,151.71,51.71,,,
3047,2026-09-14 07:55:36,DEL,IDR,2026-09-15,T+1,6109.0,6254.62,3050.0,205.07,105.07,,,
3048,2026-09-14 07:55:50,BOM,COK,2026-09-15,T+1,7144.0,7438.71,4250.0,175.03,75.03,,,
3049,2026-09-14 07:56:05,DEL,BOM,2026-09-21,T+7,6314.0,6569.11,4850.0,135.45,35.45,,,
3050,2026-09-14 07:56:20,BLR,DEL,2026-09-21,T+7,8257.0,8475.52,5200.0,162.99,62.99,,,
3051,2026-09-14 07:56:34,BLR,BOM,2026-09-15,T+1,5529.0,7321.63,3950.0,185.36,85.36,,,
3052,2026-09-14 07:56:49,DEL,CCU,2026-09-15,T+1,7271.0,8863.49,4750.0,186.6,86.6,,,
3053,2026-09-14 07:57:04,DEL,HYD,2026-09-29,T+15,7884.0,8875.27,4600.0,192.94,92.94,,,
3054,2026-09-14 07:57:18,DEL,PNQ,2026-09-29,T+15,6929.0,7427.24,4900.0,151.58,51.58,,,
3055,2026-09-14 07:57:32,BOM,GOI,2026-09-15,T+1,5014.0,8151.61,3100.0,262.96,162.96,,,
3056,2026-09-14 07:57:47,BOM,MAA,2026-09-29,T+15,6546.0,7592.57,4200.0,180.78,80.78,,,
3057,2026-09-14 07:58:02,AMD,DEL,2026-09-21,T+7,5929.0,6269.81,3400.0,184.41,84.41,,,
3058,2026-09-14 07:58:16,BLR,HYD,2026-09-15,T+1,6569.0,10606.55,2950.0,359.54,259.54,,,
3059,2026-09-14 07:58:30,DEL,SXR,2026-09-15,T+1,6623.0,10039.34,4100.0,244.86,144.86,,,
3060,2026-09-14 07:58:57,DEL,GAU,2026-09-21,T+7,8019.0,11296.28,4750.0,237.82,137.82,,,
3061,2026-09-14 07:59:22,CCU,GAU,2026-09-15,T+1,4700.0,7875.75,2650.0,297.2,197.2,,,
3062,2026-09-14 07:59:52,DEL,IXZ,2026-09-29,T+15,5768.0,19510.05,6400.0,304.84,204.84,,,
3063,2026-09-14 08:00:06,DEL,IXL,2026-09-15,T+1,7738.0,7921.61,4750.0,166.77,66.77,,,
3064,2026-09-14 08:00:20,DEL,COK,2026-09-21,T+7,10716.0,11522.62,5450.0,211.42,111.42,,,
3065,2026-09-14 08:00:34,DEL,PAT,2026-09-29,T+15,6217.0,6464.29,3650.0,177.1,77.1,,,
3066,2026-09-14 08:00:47,DEL,LKO,2026-09-21,T+7,3905.0,4102.34,2950.0,139.06,39.06,,,
3067,2026-09-14 08:01:02,BOM,JAI,2026-09-29,T+15,6976.0,7941.99,3650.0,217.59,117.59,,,
3068,2026-09-14 08:01:21,BOM,AMD,2026-09-29,T+15,4164.0,5643.85,2450.0,230.36,130.36,,,
3069,2026-09-14 08:01:35,MAA,BLR,2026-09-15,T+1,4293.0,5385.56,2250.0,239.36,139.36,,,
3070,2026-09-14 08:01:49,DEL,BBI,2026-09-21,T+7,9144.0,10270.73,4150.0,247.49,147.49,,,
3071,2026-09-14 08:02:03,DEL,ATQ,2026-09-21,T+7,3696.0,4020.21,2650.0,151.71,51.71,,,
3072,2026-09-14 08:02:18,DEL,IDR,2026-09-15,T+1,6109.0,6254.62,3050.0,205.07,105.07,,,
3073,2026-09-14 08:02:32,BOM,COK,2026-09-21,T+7,7144.0,7161.88,4250.0,168.51,68.51,,,
3074,2026-09-14 08:02:47,DEL,BOM,2026-09-21,T+7,6314.0,6562.01,4850.0,135.3,35.3,,,
3075,2026-09-14 08:03:02,BLR,DEL,2026-09-29,T+15,8257.0,8651.0,5200.0,166.37,66.37,,,
3076,2026-09-14 08:03:19,BLR,BOM,2026-09-29,T+15,4164.0,6345.29,3950.0,160.64,60.64,,,
3077,2026-09-14 08:03:34,DEL,CCU,2026-09-15,T+1,7271.0,8863.49,4750.0,186.6,86.6,,,
3078,2026-09-14 08:03:48,DEL,HYD,2026-09-21,T+7,8094.0,9010.54,4600.0,195.88,95.88,,,
3079,2026-09-14 08:04:03,DEL,PNQ,2026-09-15,T+1,6929.0,7812.27,4900.0,159.43,59.43,,,
3080,2026-09-14 08:04:17,BOM,GOI,2026-09-29,T+15,4069.0,5515.26,3100.0,177.91,77.91,,,
3081,2026-09-14 08:04:32,BOM,MAA,2026-09-21,T+7,6546.0,7595.91,4200.0,180.85,80.86,,,
3082,2026-09-14 08:04:46,AMD,DEL,2026-09-29,T+15,5985.0,6190.76,3400.0,182.08,82.08,,,
3083,2026-09-14 08:05:01,BLR,HYD,2026-09-29,T+15,4288.0,5923.01,2950.0,200.78,100.78,,,
3084,2026-09-14 08:05:15,DEL,SXR,2026-09-29,T+15,6846.0,8696.11,4100.0,212.1,112.1,,,
3085,2026-09-14 08:05:43,DEL,GAU,2026-09-21,T+7,8019.0,11296.28,4750.0,237.82,137.82,,,
3086,2026-09-14 08:06:09,CCU,GAU,2026-09-21,T+7,4700.0,7875.75,2650.0,297.2,197.2,,,
3087,2026-09-14 08:06:40,DEL,IXZ,2026-09-21,T+7,5768.0,19510.05,6400.0,304.84,204.84,,,
3088,2026-09-14 08:06:54,DEL,IXL,2026-09-21,T+7,7738.0,7758.8,4750.0,163.34,63.34,,,
3089,2026-09-14 08:07:08,DEL,COK,2026-09-15,T+1,10715.0,11110.36,5450.0,203.86,103.86,,,
3090,2026-09-14 08:07:21,DEL,PAT,2026-09-29,T+15,6217.0,6464.29,3650.0,177.1,77.1,,,
3091,2026-09-14 08:07:36,DEL,LKO,2026-09-29,T+15,3905.0,4060.68,2950.0,137.65,37.65,,,
3092,2026-09-14 08:07:50,BOM,JAI,2026-09-29,T+15,6976.0,7941.99,3650.0,217.59,117.59,,,
3093,2026-09-14 08:08:04,BOM,AMD,2026-09-15,T+1,4164.0,6265.46,2450.0,255.73,155.73,,,
3094,2026-09-14 08:08:18,MAA,BLR,2026-09-21,T+7,4293.0,4424.33,2250.0,196.64,96.64,,,
3095,2026-09-14 08:08:33,DEL,BBI,2026-09-15,T+1,9775.0,11430.81,4150.0,275.44,175.44,,,
3096,2026-09-14 08:08:48,DEL,ATQ,2026-09-15,T+1,3695.0,4192.52,2650.0,158.21,58.21,,,
3097,2026-09-14 08:09:02,DEL,IDR,2026-09-29,T+15,6109.0,6189.08,3050.0,202.92,102.92,,,
3098,2026-09-14 08:09:16,BOM,COK,2026-09-15,T+1,7144.0,7338.54,4250.0,172.67,72.67,,,
3099,2026-09-14 08:09:31,DEL,BOM,2026-09-15,T+1,6314.0,7011.68,4850.0,144.57,44.57,,,
3100,2026-09-14 08:09:46,BLR,DEL,2026-09-29,T+15,8257.0,8651.0,5200.0,166.37,66.37,,,
3101,2026-09-14 08:10:00,DEL,BOM,2026-09-15,T+1,6314.0,7010.39,4850.0,144.54,44.54,142.86,3.3,56.0
3102,2026-09-14 08:10:24,BLR,BOM,2026-09-29,T+15,4164.0,6345.29,3950.0,160.64,60.64,,,
3103,2026-09-14 08:10:39,DEL,CCU,2026-09-29,T+15,7271.0,8656.91,4750.0,182.25,82.25,,,
3104,2026-09-14 08:10:53,DEL,HYD,2026-09-21,T+7,8094.0,9010.54,4600.0,195.88,95.88,,,
3105,2026-09-14 08:11:08,DEL,PNQ,2026-09-21,T+7,6929.0,7196.88,4900.0,146.88,46.88,,,
3106,2026-09-14 08:11:22,BOM,GOI,2026-09-29,T+15,4069.0,5515.26,3100.0,177.91,77.91,,,
3107,2026-09-14 08:11:37,BOM,MAA,2026-09-15,T+1,6546.0,7304.82,4200.0,173.92,73.92,,,
3108,2026-09-14 08:11:51,AMD,DEL,2026-09-29,T+15,5985.0,6190.76,3400.0,182.08,82.08,,,
3109,2026-09-14 08:12:06,BLR,HYD,2026-09-21,T+7,5221.0,7349.45,2950.0,249.13,149.13,,,
3110,2026-09-14 08:12:20,DEL,SXR,2026-09-15,T+1,6623.0,10463.5,4100.0,255.21,155.21,,,
3111,2026-09-14 08:12:51,DEL,GAU,2026-09-29,T+15,8019.0,11296.28,4750.0,237.82,137.82,,,
3112,2026-09-14 08:13:19,CCU,GAU,2026-09-29,T+15,4700.0,7875.75,2650.0,297.2,197.2,,,
3113,2026-09-14 08:13:49,DEL,IXZ,2026-09-29,T+15,5768.0,19510.05,6400.0,304.84,204.84,,,
3114,2026-09-14 08:14:04,DEL,IXL,2026-09-15,T+1,7738.0,7944.86,4750.0,167.26,67.26,,,
3115,2026-09-14 08:14:19,DEL,COK,2026-09-15,T+1,10715.0,11110.36,5450.0,203.86,103.86,,,
3116,2026-09-14 08:14:33,DEL,PAT,2026-09-21,T+7,6249.0,6466.18,3650.0,177.16,77.16,,,
3117,2026-09-14 08:14:47,DEL,LKO,2026-09-15,T+1,3905.0,4214.83,2950.0,142.88,42.88,,,
3118,2026-09-14 08:15:02,BOM,JAI,2026-09-21,T+7,6976.0,8336.97,3650.0,228.41,128.41,,,
3119,2026-09-14 08:15:16,BOM,AMD,2026-09-21,T+7,4218.0,6672.47,2450.0,272.35,172.35,,,
3120,2026-09-14 08:15:31,MAA,BLR,2026-09-29,T+15,4293.0,4795.48,2250.0,213.13,113.13,,,
3121,2026-09-14 08:15:46,DEL,BBI,2026-09-29,T+15,9145.0,10357.87,4150.0,249.59,149.59,,,
3122,2026-09-14 08:16:00,DEL,ATQ,2026-09-15,T+1,3532.0,4116.76,2650.0,155.35,55.35,,,
3123,2026-09-14 08:16:14,DEL,IDR,2026-09-21,T+7,6109.0,6316.67,3050.0,207.1,107.1,,,
3124,2026-09-14 08:16:29,BOM,COK,2026-09-21,T+7,7144.0,7161.88,4250.0,168.51,68.51,,,
3125,2026-09-14 08:16:44,DEL,BOM,2026-09-21,T+7,6314.0,6562.01,4850.0,135.3,35.3,,,
3126,2026-09-14 08:16:59,BLR,DEL,2026-09-15,T+1,8257.0,10381.88,5200.0,199.65,99.65,,,
3127,2026-09-14 08:17:13,BLR,BOM,2026-09-29,T+15,4164.0,6345.29,3950.0,160.64,60.64,,,
3128,2026-09-14 08:17:28,DEL,CCU,2026-09-15,T+1,7271.0,8863.49,4750.0,186.6,86.6,,,
3129,2026-09-14 08:17:42,DEL,HYD,2026-09-21,T+7,8094.0,9018.24,4600.0,196.05,96.05,,,
3130,2026-09-14 08:17:57,DEL,PNQ,2026-09-29,T+15,6929.0,7428.91,4900.0,151.61,51.61,,,
3131,2026-09-14 08:18:12,BOM,GOI,2026-09-15,T+1,5014.0,8148.96,3100.0,262.87,162.87,,,
3132,2026-09-14 08:18:26,BOM,MAA,2026-09-15,T+1,6546.0,7304.82,4200.0,173.92,73.92,,,
3133,2026-09-14 08:18:41,AMD,DEL,2026-09-29,T+15,5985.0,6190.76,3400.0,182.08,82.08,,,
3134,2026-09-14 08:18:55,BLR,HYD,2026-09-15,T+1,6569.0,10304.51,2950.0,349.31,249.31,,,
3135,2026-09-14 08:19:09,DEL,SXR,2026-09-21,T+7,6623.0,8098.2,4100.0,197.52,97.52,,,
3136,2026-09-14 08:19:40,DEL,GAU,2026-09-21,T+7,8019.0,11296.28,4750.0,237.82,137.82,,,
3137,2026-09-14 08:20:08,CCU,GAU,2026-09-21,T+7,4700.0,7875.75,2650.0,297.2,197.2,,,
3138,2026-09-14 08:20:39,DEL,IXZ,2026-09-15,T+1,5768.0,19510.05,6400.0,304.84,204.84,,,
3139,2026-09-14 08:20:53,DEL,IXL,2026-09-29,T+15,7738.0,7754.24,4750.0,163.25,63.25,,,
3140,2026-09-14 08:21:07,DEL,COK,2026-09-21,T+7,10716.0,10897.12,5450.0,199.95,99.95,,,
3141,2026-09-14 08:21:21,DEL,PAT,2026-09-21,T+7,6249.0,6466.18,3650.0,177.16,77.16,,,
3142,2026-09-14 08:21:36,DEL,LKO,2026-09-21,T+7,3905.0,4102.34,2950.0,139.06,39.06,,,
3143,2026-09-14 08:21:50,BOM,JAI,2026-09-21,T+7,6976.0,8296.05,3650.0,227.29,127.29,,,
3144,2026-09-14 08:22:04,BOM,AMD,2026-09-29,T+15,4164.0,5643.85,2450.0,230.36,130.36,,,
3145,2026-09-14 08:22:19,MAA,BLR,2026-09-15,T+1,4293.0,5425.29,2250.0,241.12,141.12,,,
3146,2026-09-14 08:22:33,DEL,BBI,2026-09-29,T+15,9145.0,10138.5,4150.0,244.3,144.3,,,
3147,2026-09-14 08:22:48,DEL,ATQ,2026-09-15,T+1,3695.0,4192.52,2650.0,158.21,58.21,,,
3148,2026-09-14 08:23:02,DEL,IDR,2026-09-29,T+15,6109.0,6189.08,3050.0,202.92,102.92,,,
3149,2026-09-14 08:23:20,BOM,COK,2026-09-29,T+15,7144.0,7567.84,4250.0,178.07,78.07,,,
3150,2026-09-14 08:23:38,DEL,BOM,2026-09-15,T+1,6314.0,7063.27,4850.0,145.63,45.63,,,
3151,2026-09-14 08:24:01,BLR,DEL,2026-09-15,T+1,8257.0,10406.54,5200.0,200.13,100.13,,,
3152,2026-09-14 08:24:16,BLR,BOM,2026-09-29,T+15,4164.0,6345.29,3950.0,160.64,60.64,,,
3153,2026-09-14 08:24:31,DEL,CCU,2026-09-29,T+15,7271.0,8656.91,4750.0,182.25,82.25,,,
3154,2026-09-14 08:24:46,DEL,HYD,2026-09-15,T+1,8304.0,9892.38,4600.0,215.05,115.05,,,
3155,2026-09-14 08:25:01,DEL,PNQ,2026-09-21,T+7,6929.0,7196.88,4900.0,146.88,46.88,,,
3156,2026-09-14 08:25:18,BOM,GOI,2026-09-29,T+15,4069.0,5470.01,3100.0,176.45,76.45,,,
3157,2026-09-14 08:25:33,BOM,MAA,2026-09-21,T+7,6546.0,7595.91,4200.0,180.85,80.86,,,
3158,2026-09-14 08:25:47,BOM,JAI,2026-09-15,T+1,6976.0,8918.36,3650.0,244.34,144.34,145.88,3.53,8.0
3159,2026-09-14 08:26:12,AMD,DEL,2026-09-29,T+15,5985.0,6190.76,3400.0,182.08,82.08,,,
3160,2026-09-14 08:26:26,BLR,HYD,2026-09-15,T+1,6569.0,10354.09,2950.0,350.99,250.99,,,
3161,2026-09-14 08:26:41,DEL,SXR,2026-09-21,T+7,6623.0,8265.3,4100.0,201.59,101.59,,,
3162,2026-09-14 08:27:13,DEL,GAU,2026-09-29,T+15,8019.0,11296.28,4750.0,237.82,137.82,,,
3163,2026-09-14 08:27:45,CCU,GAU,2026-09-15,T+1,4700.0,7875.75,2650.0,297.2,197.2,,,
3164,2026-09-14 08:28:17,DEL,IXZ,2026-09-21,T+7,5768.0,19510.05,6400.0,304.84,204.84,,,
3165,2026-09-14 08:28:31,DEL,IXL,2026-09-21,T+7,7738.0,7758.8,4750.0,163.34,63.34,,,
3166,2026-09-14 08:28:45,DEL,COK,2026-09-29,T+15,10715.0,12718.46,5450.0,233.37,133.37,,,
3167,2026-09-14 08:29:04,DEL,BOM,2026-09-21,T+7,6314.0,6566.1,4850.0,135.38,35.38,,,
3168,2026-09-14 08:30:14,BLR,DEL,2026-09-29,T+15,8257.0,10219.35,5200.0,196.53,96.53,,,
3169,2026-09-14 08:31:24,BLR,BOM,2026-09-21,T+7,4164.0,6345.29,3950.0,160.64,60.64,,,
3170,2026-09-14 08:31:51,DEL,CCU,2026-09-29,T+15,7271.0,8656.91,4750.0,182.25,82.25,,,
3171,2026-09-14 08:32:06,DEL,HYD,2026-09-29,T+15,7884.0,8875.27,4600.0,192.94,92.94,,,
3172,2026-09-14 08:32:20,DEL,PNQ,2026-09-21,T+7,6929.0,7196.88,4900.0,146.88,46.88,,,
3173,2026-09-14 08:33:22,BOM,GOI,2026-09-15,T+1,4069.0,5657.72,3100.0,182.51,82.51,,,
3174,2026-09-14 08:33:36,BOM,MAA,2026-09-21,T+7,6546.0,7595.91,4200.0,180.85,80.86,,,
3175,2026-09-14 08:34:03,DEL,BOM,2026-09-20,T+6,6314.0,7797.5,4850.0,160.77,60.77,130.9,2.38,55.0
3176,2026-09-14 08:34:44,AMD,DEL,2026-09-21,T+7,5985.0,6201.36,3400.0,182.39,82.39,,,
3177,2026-09-14 08:35:11,BLR,HYD,2026-09-15,T+1,6569.0,10354.09,2950.0,350.99,250.99,,,
3178,2026-09-14 08:35:26,DEL,SXR,2026-09-15,T+1,6623.0,10040.24,4100.0,244.88,144.88,,,
3179,2026-09-14 08:35:30,DEL,BOM,2026-09-20,T+6,6314.0,7797.5,4850.0,160.77,60.77,137.26,2.87,55.0
3180,2026-09-14 08:36:49,DEL,GAU,2026-09-29,T+15,8019.0,11296.28,4750.0,237.82,137.82,,,
3181,2026-09-14 08:37:57,CCU,GAU,2026-09-21,T+7,4700.0,7875.75,2650.0,297.2,197.2,,,
3182,2026-09-14 08:38:54,DEL,IXZ,2026-09-21,T+7,5768.0,19510.05,6400.0,304.84,204.84,,,
3183,2026-09-14 08:39:57,DEL,IXL,2026-09-15,T+1,7738.0,7758.8,4750.0,163.34,63.34,,,
3184,2026-09-14 08:40:11,DEL,COK,2026-09-15,T+1,10715.0,11110.36,5450.0,203.86,103.86,,,
3185,2026-09-14 08:41:19,DEL,PAT,2026-09-15,T+1,6217.0,6444.68,3650.0,176.57,76.57,,,
3186,2026-09-14 08:41:46,DEL,LKO,2026-09-29,T+15,3905.0,4060.68,2950.0,137.65,37.65,,,
3187,2026-09-14 08:42:00,BOM,JAI,2026-09-21,T+7,6976.0,8296.05,3650.0,227.29,127.29,,,
3188,2026-09-14 08:42:15,BOM,AMD,2026-09-15,T+1,4164.0,6273.16,2450.0,256.05,156.05,,,
3189,2026-09-14 08:43:23,MAA,BLR,2026-09-15,T+1,4293.0,5425.29,2250.0,241.12,141.12,,,
3190,2026-09-14 08:43:37,DEL,BBI,2026-09-21,T+7,9144.0,10387.7,4150.0,250.31,150.31,,,
3191,2026-09-14 08:43:44,DEL,BOM,2026-09-15,T+1,6314.0,7063.61,4850.0,145.64,45.64,145.89,3.53,56.0
3192,2026-09-14 08:44:09,DEL,ATQ,2026-09-15,T+1,3532.0,4116.76,2650.0,155.35,55.35,,,
3193,2026-09-14 08:44:23,DEL,IDR,2026-09-21,T+7,6109.0,6316.67,3050.0,207.1,107.1,,,
3194,2026-09-14 08:44:30,DEL,BOM,2026-09-15,T+1,6314.0,7336.33,4850.0,151.26,51.26,145.95,3.54,60.0
3195,2026-09-14 08:44:37,BOM,COK,2026-09-15,T+1,7144.0,7438.71,4250.0,175.03,75.03,,,
3196,2026-09-14 08:45:04,DEL,BOM,2026-09-21,T+7,6314.0,6566.1,4850.0,135.38,35.38,,,
3197,2026-09-14 08:45:19,BLR,DEL,2026-09-15,T+1,8257.0,10574.66,5200.0,203.36,103.36,,,
3198,2026-09-14 08:45:34,BLR,BOM,2026-09-15,T+1,6054.0,8100.23,3950.0,205.07,105.07,,,
3199,2026-09-14 08:46:43,DEL,CCU,2026-09-21,T+7,7271.0,8712.65,4750.0,183.42,83.42,,,
3200,2026-09-14 08:47:50,DEL,HYD,2026-09-21,T+7,7884.0,8803.89,4600.0,191.39,91.39,,,
3201,2026-09-14 08:48:17,DEL,PNQ,2026-09-21,T+7,6929.0,7196.88,4900.0,146.88,46.88,,,
3202,2026-09-14 08:48:32,BOM,GOI,2026-09-15,T+1,5014.0,8148.96,3100.0,262.87,162.87,,,
3203,2026-09-14 08:48:47,BOM,MAA,2026-09-21,T+7,6546.0,7595.91,4200.0,180.85,80.86,,,
3204,2026-09-14 08:49:55,AMD,DEL,2026-09-15,T+1,5985.0,6201.36,3400.0,182.39,82.39,,,
3205,2026-09-14 08:51:04,BLR,HYD,2026-09-21,T+7,5358.0,9102.75,2950.0,308.57,208.57,,,
3206,2026-09-14 08:51:31,DEL,SXR,2026-09-15,T+1,6623.0,10063.27,4100.0,245.45,145.45,,,
3207,2026-09-14 08:52:17,DEL,GAU,2026-09-29,T+15,8019.0,11296.28,4750.0,237.82,137.82,,,
3208,2026-09-14 08:52:48,DEL,BOM,2026-09-15,T+1,6314.0,7088.89,4850.0,146.16,46.16,143.05,3.31,56.0
3209,2026-09-14 08:53:15,CCU,GAU,2026-09-29,T+15,4700.0,7875.75,2650.0,297.2,197.2,,,
3210,2026-09-14 08:54:23,DEL,IXZ,2026-09-29,T+15,5768.0,19510.05,6400.0,304.84,204.84,,,
3211,2026-09-14 08:54:49,DEL,IXL,2026-09-21,T+7,7738.0,7758.8,4750.0,163.34,63.34,,,
3212,2026-09-14 08:55:04,DEL,COK,2026-09-15,T+1,10715.0,11110.36,5450.0,203.86,103.86,,,
3213,2026-09-14 08:55:18,DEL,PAT,2026-09-21,T+7,6249.0,6466.18,3650.0,177.16,77.16,,,
3214,2026-09-14 08:55:33,DEL,LKO,2026-09-29,T+15,3905.0,4060.68,2950.0,137.65,37.65,,,
3215,2026-09-14 08:56:25,DEL,BOM,2026-09-17,T+3,6314.0,6695.71,4850.0,138.06,38.06,144.63,3.44,57.0
3216,2026-09-14 08:56:41,BOM,JAI,2026-09-29,T+15,6976.0,8336.97,3650.0,228.41,128.41,,,
3217,2026-09-14 08:57:49,BOM,AMD,2026-09-15,T+1,4164.0,6273.16,2450.0,256.05,156.05,,,
3218,2026-09-14 08:58:07,AMD,GOI,2026-10-20,T+36,4987.0,5558.12,4500.0,123.51,23.51,145.2,3.48,8.0
3219,2026-09-14 08:58:20,MAA,BLR,2026-09-15,T+1,4293.0,6006.07,2250.0,266.94,166.94,,,
3220,2026-09-14 08:58:35,DEL,BBI,2026-09-29,T+15,9145.0,10438.09,4150.0,251.52,151.52,,,
3221,2026-09-14 08:58:50,DEL,ATQ,2026-09-29,T+15,3695.0,3837.26,2650.0,144.8,44.8,,,
3222,2026-09-14 08:59:59,DEL,IDR,2026-09-21,T+7,6109.0,6327.53,3050.0,207.46,107.46,,,
3223,2026-09-14 09:01:06,BOM,COK,2026-09-15,T+1,7144.0,7338.54,4250.0,172.67,72.67,,,
3224,2026-09-14 09:01:34,DEL,BOM,2026-09-29,T+15,6314.0,7226.46,4850.0,149.0,49.0,,,
3225,2026-09-14 09:01:51,BLR,DEL,2026-09-29,T+15,8257.0,8658.37,5200.0,166.51,66.51,,,
3226,2026-09-14 09:02:06,BLR,BOM,2026-09-15,T+1,5529.0,8083.33,3950.0,204.64,104.64,,,
3227,2026-09-14 09:02:47,DEL,BOM,2026-09-15,T+1,6314.0,6995.52,4850.0,144.24,44.24,150.55,3.89,55.0
3228,2026-09-14 09:03:09,DEL,CCU,2026-09-15,T+1,7271.0,8712.65,4750.0,183.42,83.42,,,
3229,2026-09-14 09:03:24,DEL,HYD,2026-09-15,T+1,8304.0,12101.94,4600.0,263.09,163.09,,,
3230,2026-09-14 09:04:39,DEL,PNQ,2026-09-21,T+7,6929.0,7196.88,4900.0,146.88,46.88,,,
3231,2026-09-14 09:05:08,BOM,GOI,2026-09-29,T+15,4069.0,5470.01,3100.0,176.45,76.45,,,
3232,2026-09-14 09:05:29,BOM,MAA,2026-09-29,T+15,6546.0,7625.48,4200.0,181.56,81.56,,,
3233,2026-09-14 09:06:39,AMD,DEL,2026-09-21,T+7,5985.0,6201.36,3400.0,182.39,82.39,,,
3234,2026-09-14 09:07:50,BLR,HYD,2026-09-15,T+1,5358.0,9102.75,2950.0,308.57,208.57,,,
3235,2026-09-14 09:08:23,DEL,SXR,2026-09-29,T+15,6846.0,8696.11,4100.0,212.1,112.1,,,
3236,2026-09-14 09:09:44,DEL,GAU,2026-09-21,T+7,8019.0,11296.28,4750.0,237.82,137.82,,,
3237,2026-09-14 09:10:55,CCU,GAU,2026-09-15,T+1,4700.0,7875.75,2650.0,297.2,197.2,,,
3238,2026-09-14 09:11:51,DEL,IXZ,2026-09-29,T+15,5768.0,19510.05,6400.0,304.84,204.84,,,
3239,2026-09-14 09:12:33,DEL,IXL,2026-09-29,T+15,7738.0,7758.8,4750.0,163.34,63.34,,,
3240,2026-09-14 09:13:10,DEL,COK,2026-09-21,T+7,10715.0,11616.94,5450.0,213.15,113.15,,,
3241,2026-09-14 09:13:34,DEL,PAT,2026-09-29,T+15,6217.0,6444.68,3650.0,176.57,76.57,,,
3242,2026-09-14 09:13:58,DEL,LKO,2026-09-29,T+15,3905.0,4056.12,2950.0,137.5,37.5,,,
3243,2026-09-14 09:14:25,BOM,JAI,2026-09-21,T+7,6976.0,8336.97,3650.0,228.41,128.41,,,
3244,2026-09-14 09:15:33,BOM,AMD,2026-09-21,T+7,4164.0,6273.16,2450.0,256.05,156.05,,,
3245,2026-09-14 09:15:59,MAA,BLR,2026-09-15,T+1,4293.0,6006.07,2250.0,266.94,166.94,,,
3246,2026-09-14 09:16:14,DEL,BBI,2026-09-29,T+15,9145.0,10438.09,4150.0,251.52,151.52,,,
3247,2026-09-14 09:17:22,DEL,ATQ,2026-09-15,T+1,3532.0,3820.72,2650.0,144.18,44.18,,,
3248,2026-09-14 09:17:38,DEL,IDR,2026-09-21,T+7,6109.0,6353.12,3050.0,208.3,108.3,,,
3249,2026-09-14 09:18:45,BOM,COK,2026-09-29,T+15,7144.0,7338.54,4250.0,172.67,72.67,,,
3250,2026-09-14 09:19:12,DEL,BOM,2026-09-29,T+15,6314.0,7226.46,4850.0,149.0,49.0,,,
3251,2026-09-14 09:19:28,BLR,DEL,2026-09-29,T+15,8257.0,8658.37,5200.0,166.51,66.51,,,
3252,2026-09-14 09:20:36,BLR,BOM,2026-09-21,T+7,5529.0,8083.33,3950.0,204.64,104.64,,,
3253,2026-09-14 09:20:51,DEL,CCU,2026-09-15,T+1,7271.0,8871.61,4750.0,186.77,86.77,,,
3254,2026-09-14 09:21:58,DEL,HYD,2026-09-21,T+7,7884.0,11297.61,4600.0,245.6,145.6,,,
3255,2026-09-14 09:22:25,DEL,PNQ,2026-09-21,T+7,6929.0,7185.56,4900.0,146.64,46.64,,,
3256,2026-09-14 09:22:41,BOM,GOI,2026-09-29,T+15,4069.0,5470.01,3100.0,176.45,76.45,,,
3257,2026-09-14 09:23:47,BOM,MAA,2026-09-29,T+15,6546.0,7349.6,4200.0,174.99,74.99,,,
3258,2026-09-14 09:24:02,AMD,DEL,2026-09-21,T+7,5929.0,6269.81,3400.0,184.41,84.41,,,
3259,2026-09-14 09:24:17,BLR,HYD,2026-09-15,T+1,6569.0,10089.89,2950.0,342.03,242.03,,,
3260,2026-09-14 09:25:28,DEL,SXR,2026-09-15,T+1,6846.0,8500.43,4100.0,207.33,107.33,,,
3261,2026-09-14 09:26:22,DEL,GAU,2026-09-21,T+7,8019.0,11296.28,4750.0,237.82,137.82,,,
3262,2026-09-14 09:27:32,CCU,GAU,2026-09-29,T+15,4700.0,7875.75,2650.0,297.2,197.2,,,
3263,2026-09-14 09:28:36,DEL,BOM,2026-09-20,T+6,6314.0,7873.85,4850.0,162.35,62.35,153.3,4.1,55.0
3264,2026-09-14 09:28:40,DEL,IXZ,2026-09-15,T+1,5768.0,19510.05,6400.0,304.84,204.84,,,
3265,2026-09-14 09:29:12,DEL,IXL,2026-09-29,T+15,7738.0,7754.24,4750.0,163.25,63.25,,,
3266,2026-09-14 09:29:27,DEL,COK,2026-09-29,T+15,10715.0,12718.46,5450.0,233.37,133.37,,,
3267,2026-09-14 09:29:47,DEL,PAT,2026-09-29,T+15,6217.0,6464.29,3650.0,177.1,77.1,,,
3268,2026-09-14 09:30:59,DEL,BOM,2026-09-15,T+1,6314.0,6931.95,4850.0,142.93,42.93,,,
3269,2026-09-14 09:32:01,BLR,DEL,2026-09-29,T+15,8257.0,8672.42,5200.0,166.78,66.78,,,
3270,2026-09-14 09:32:11,DEL,BOM,2026-09-20,T+6,6314.0,7232.99,4850.0,149.13,49.13,124.96,1.92,60.0
3271,2026-09-14 09:32:27,DEL,BOM,2026-09-20,T+6,6314.0,7873.85,4850.0,162.35,62.35,124.96,1.92,55.0
3272,2026-09-14 09:32:41,BLR,BOM,2026-09-29,T+15,4164.0,6345.29,3950.0,160.64,60.64,,,
3273,2026-09-14 09:32:55,DEL,CCU,2026-09-29,T+15,7271.0,8656.91,4750.0,182.25,82.25,,,
3274,2026-09-14 09:33:10,DEL,HYD,2026-09-21,T+7,8094.0,9030.17,4600.0,196.31,96.31,,,
3275,2026-09-14 09:33:24,DEL,PNQ,2026-09-21,T+7,6929.0,7192.5,4900.0,146.79,46.79,,,
3276,2026-09-14 09:33:38,BOM,GOI,2026-09-29,T+15,4069.0,5470.01,3100.0,176.45,76.45,,,
3277,2026-09-14 09:33:53,BOM,MAA,2026-09-21,T+7,6546.0,7517.97,4200.0,179.0,79.0,,,
3278,2026-09-14 09:34:08,AMD,DEL,2026-09-29,T+15,5985.0,6190.76,3400.0,182.08,82.08,,,
3279,2026-09-14 09:34:22,BLR,HYD,2026-09-21,T+7,4987.0,7143.37,2950.0,242.15,142.15,,,
3280,2026-09-14 09:35:24,DEL,SXR,2026-09-29,T+15,6846.0,8500.43,4100.0,207.33,107.33,,,
3281,2026-09-14 09:36:26,DEL,GAU,2026-09-21,T+7,8019.0,11296.28,4750.0,237.82,137.82,,,
3282,2026-09-14 09:37:23,CCU,GAU,2026-09-29,T+15,4700.0,7875.75,2650.0,297.2,197.2,,,
3283,2026-09-14 09:38:03,DEL,IXZ,2026-09-21,T+7,5768.0,19510.05,6400.0,304.84,204.84,,,
3284,2026-09-14 09:39:05,DEL,IXL,2026-09-21,T+7,7738.0,7754.24,4750.0,163.25,63.25,,,
3285,2026-09-14 09:40:13,DEL,COK,2026-09-15,T+1,10715.0,12643.16,5450.0,231.98,131.98,,,
3286,2026-09-14 09:40:39,DEL,PAT,2026-09-15,T+1,6217.0,7021.76,3650.0,192.38,92.38,,,
3287,2026-09-14 09:40:53,DEL,LKO,2026-09-15,T+1,3905.0,4206.42,2950.0,142.59,42.59,,,
3288,2026-09-14 09:41:07,BOM,JAI,2026-09-15,T+1,6976.0,8707.41,3650.0,238.56,138.56,,,
3289,2026-09-14 09:41:22,BOM,AMD,2026-09-29,T+15,4164.0,5643.85,2450.0,230.36,130.36,,,
3290,2026-09-14 09:42:30,MAA,BLR,2026-09-21,T+7,4293.0,6006.07,2250.0,266.94,166.94,,,
3291,2026-09-14 09:43:38,DEL,BBI,2026-09-29,T+15,9145.0,10039.5,4150.0,241.92,141.92,,,
3292,2026-09-14 09:44:05,DEL,ATQ,2026-09-15,T+1,3532.0,4059.82,2650.0,153.2,53.2,,,
3293,2026-09-14 09:44:19,DEL,IDR,2026-09-29,T+15,6109.0,6189.08,3050.0,202.92,102.92,,,
3294,2026-09-14 09:44:34,BOM,COK,2026-09-15,T+1,7144.0,7374.66,4250.0,173.52,73.52,,,
3295,2026-09-14 09:44:49,DEL,BOM,2026-09-21,T+7,6314.0,6566.69,4850.0,135.4,35.4,,,
3296,2026-09-14 09:45:57,BLR,DEL,2026-09-21,T+7,8257.0,8672.42,5200.0,166.78,66.78,,,
3297,2026-09-14 09:47:05,BLR,BOM,2026-09-29,T+15,4164.0,6345.29,3950.0,160.64,60.64,,,
3298,2026-09-14 09:47:32,DEL,CCU,2026-09-29,T+15,7271.0,8656.91,4750.0,182.25,82.25,,,
3299,2026-09-14 09:47:47,DEL,HYD,2026-09-21,T+7,8094.0,9030.17,4600.0,196.31,96.31,,,
3300,2026-09-14 09:48:01,DEL,PNQ,2026-09-15,T+1,6927.0,7918.04,4900.0,161.59,61.59,,,
3301,2026-09-14 09:49:10,BOM,GOI,2026-09-21,T+7,4069.0,5657.72,3100.0,182.51,82.51,,,
3302,2026-09-14 09:50:18,BOM,MAA,2026-09-15,T+1,6546.0,7838.01,4200.0,186.62,86.62,,,
3303,2026-09-14 09:50:45,AMD,DEL,2026-09-21,T+7,5929.0,6269.81,3400.0,184.41,84.41,,,
3304,2026-09-14 09:51:00,BLR,HYD,2026-09-29,T+15,4288.0,5923.01,2950.0,200.78,100.78,,,
3305,2026-09-14 09:51:14,DEL,SXR,2026-09-21,T+7,6623.0,8014.11,4100.0,195.47,95.47,,,
3306,2026-09-14 09:52:22,DEL,GAU,2026-09-29,T+15,8019.0,11296.28,4750.0,237.82,137.82,,,
3307,2026-09-14 09:53:30,CCU,GAU,2026-09-15,T+1,4700.0,7875.75,2650.0,297.2,197.2,,,
3308,2026-09-14 09:54:29,DEL,IXZ,2026-09-21,T+7,5768.0,19510.05,6400.0,304.84,204.84,,,
3309,2026-09-14 09:54:40,DEL,BOM,2026-09-20,T+6,6314.0,7698.82,4850.0,158.74,58.74,141.33,3.18,54.0
3310,2026-09-14 09:56:04,DEL,IXL,2026-09-21,T+7,7738.0,7754.24,4750.0,163.25,63.25,,,
3311,2026-09-14 09:57:15,DEL,BOM,2026-09-21,T+7,6314.0,6564.82,4850.0,135.36,35.36,,,
3312,2026-09-14 09:57:29,BLR,DEL,2026-09-21,T+7,8257.0,8467.72,5200.0,162.84,62.84,,,
3313,2026-09-14 09:57:40,DEL,BOM,2026-09-20,T+6,6314.0,7656.73,4850.0,157.87,57.87,124.05,1.85,54.0
3314,2026-09-14 09:58:05,BLR,BOM,2026-09-29,T+15,4164.0,6345.29,3950.0,160.64,60.64,,,
3315,2026-09-14 09:58:20,DEL,CCU,2026-09-15,T+1,7271.0,8880.26,4750.0,186.95,86.95,,,
3316,2026-09-14 09:58:34,DEL,HYD,2026-09-21,T+7,8094.0,9030.17,4600.0,196.31,96.31,,,
3317,2026-09-14 09:58:49,DEL,PNQ,2026-09-15,T+1,6929.0,7938.23,4900.0,162.0,62.0,,,
3318,2026-09-14 09:59:03,BOM,GOI,2026-09-15,T+1,5276.0,8185.34,3100.0,264.04,164.04,,,
3319,2026-09-14 09:59:18,BOM,MAA,2026-09-15,T+1,6546.0,7304.82,4200.0,173.92,73.92,,,
3320,2026-09-14 09:59:32,AMD,DEL,2026-09-15,T+1,5929.0,8760.01,3400.0,257.65,157.65,,,
3321,2026-09-14 09:59:46,BLR,HYD,2026-09-15,T+1,6569.0,10556.77,2950.0,357.86,257.86,,,
3322,2026-09-14 10:00:01,DEL,BOM,2026-09-20,T+6,6314.0,7656.73,4850.0,157.87,57.87,132.2,2.48,54.0
3323,2026-09-14 10:00:26,DEL,SXR,2026-09-15,T+1,6893.0,10621.59,4100.0,259.06,159.06,,,
3324,2026-09-14 10:01:10,DEL,GAU,2026-09-21,T+7,8019.0,11296.28,4750.0,237.82,137.82,,,
3325,2026-09-14 10:01:56,CCU,GAU,2026-09-15,T+1,4700.0,7875.75,2650.0,297.2,197.2,,,
3326,2026-09-14 10:02:41,DEL,IXZ,2026-09-21,T+7,5768.0,19510.05,6400.0,304.84,204.84,,,
3327,2026-09-14 10:02:56,DEL,IXL,2026-09-29,T+15,7738.0,7754.24,4750.0,163.25,63.25,,,
3328,2026-09-14 10:03:11,DEL,COK,2026-09-29,T+15,10715.0,12718.46,5450.0,233.37,133.37,,,
3329,2026-09-14 10:03:25,DEL,PAT,2026-09-21,T+7,6249.0,6466.18,3650.0,177.16,77.16,,,
3330,2026-09-14 10:03:39,DEL,LKO,2026-09-21,T+7,3905.0,4123.17,2950.0,139.77,39.77,,,
3331,2026-09-14 10:03:53,BOM,JAI,2026-09-21,T+7,6976.0,8213.72,3650.0,225.03,125.03,,,
3332,2026-09-14 10:04:08,BOM,AMD,2026-09-29,T+15,4164.0,5643.85,2450.0,230.36,130.36,,,
3333,2026-09-14 10:04:23,MAA,BLR,2026-09-21,T+7,4293.0,4424.33,2250.0,196.64,96.64,,,
3334,2026-09-14 10:04:38,DEL,BBI,2026-09-15,T+1,9563.0,10755.36,4150.0,259.17,159.17,,,
3335,2026-09-14 10:04:52,DEL,ATQ,2026-09-29,T+15,3695.0,3837.26,2650.0,144.8,44.8,,,
3336,2026-09-14 10:05:06,DEL,IDR,2026-09-21,T+7,6109.0,6353.12,3050.0,208.3,108.3,,,
3337,2026-09-14 10:05:21,BOM,COK,2026-09-21,T+7,7144.0,7161.88,4250.0,168.51,68.51,,,
3338,2026-09-14 10:05:36,DEL,BOM,2026-09-29,T+15,6314.0,7237.34,4850.0,149.22,49.22,,,
3339,2026-09-14 10:05:51,BLR,DEL,2026-09-29,T+15,8257.0,8661.77,5200.0,166.57,66.57,,,
3340,2026-09-14 10:06:05,BLR,BOM,2026-09-29,T+15,4164.0,6345.29,3950.0,160.64,60.64,,,
3341,2026-09-14 10:06:20,DEL,CCU,2026-09-15,T+1,7271.0,8879.61,4750.0,186.94,86.94,,,
3342,2026-09-14 10:06:34,DEL,HYD,2026-09-21,T+7,8094.0,9030.17,4600.0,196.31,96.31,,,
3343,2026-09-14 10:06:49,DEL,PNQ,2026-09-29,T+15,6929.0,7490.41,4900.0,152.87,52.87,,,
3344,2026-09-14 10:07:03,BOM,GOI,2026-09-15,T+1,5014.0,8134.39,3100.0,262.4,162.4,,,
3345,2026-09-14 10:07:17,BOM,MAA,2026-09-21,T+7,6546.0,7517.97,4200.0,179.0,79.0,,,
3346,2026-09-14 10:07:31,AMD,DEL,2026-09-21,T+7,5929.0,6269.81,3400.0,184.41,84.41,,,
3347,2026-09-14 10:07:46,BLR,HYD,2026-09-21,T+7,4987.0,7143.37,2950.0,242.15,142.15,,,
3348,2026-09-14 10:07:59,DEL,SXR,2026-09-21,T+7,6623.0,8217.25,4100.0,200.42,100.42,,,
3349,2026-09-14 10:08:44,DEL,GAU,2026-09-15,T+1,8019.0,11296.28,4750.0,237.82,137.82,,,
3350,2026-09-14 10:09:23,CCU,GAU,2026-09-21,T+7,4700.0,7875.75,2650.0,297.2,197.2,,,
3351,2026-09-14 10:10:09,DEL,IXZ,2026-09-21,T+7,5768.0,19510.05,6400.0,304.84,204.84,,,
3352,2026-09-14 10:10:23,DEL,IXL,2026-09-21,T+7,7738.0,7758.8,4750.0,163.34,63.34,,,
3353,2026-09-14 10:10:36,DEL,COK,2026-09-15,T+1,10715.0,11017.65,5450.0,202.16,102.16,,,
3354,2026-09-14 10:10:51,DEL,PAT,2026-09-15,T+1,6217.0,6646.71,3650.0,182.1,82.1,,,
3355,2026-09-14 10:11:04,DEL,LKO,2026-09-15,T+1,3905.0,4245.82,2950.0,143.93,43.93,,,
3356,2026-09-14 10:11:18,BOM,JAI,2026-09-29,T+15,6976.0,7914.18,3650.0,216.83,116.83,,,
3357,2026-09-14 10:11:32,BOM,AMD,2026-09-29,T+15,4164.0,5643.85,2450.0,230.36,130.36,,,
3358,2026-09-14 10:11:47,MAA,BLR,2026-09-29,T+15,4293.0,4795.48,2250.0,213.13,113.13,,,
3359,2026-09-14 10:12:01,DEL,BBI,2026-09-15,T+1,9775.0,11119.17,4150.0,267.93,167.93,,,
3360,2026-09-14 10:12:15,DEL,ATQ,2026-09-15,T+1,3695.0,4064.16,2650.0,153.36,53.36,,,
3361,2026-09-14 10:12:29,DEL,IDR,2026-09-21,T+7,6109.0,6353.12,3050.0,208.3,108.3,,,
3362,2026-09-14 10:12:46,BOM,COK,2026-09-15,T+1,7144.0,7374.66,4250.0,173.52,73.52,,,
3363,2026-09-14 10:13:01,DEL,BOM,2026-09-15,T+1,6230.0,6944.42,4850.0,143.18,43.18,,,
3364,2026-09-14 10:13:16,BLR,DEL,2026-09-29,T+15,8257.0,8660.45,5200.0,166.55,66.55,,,
3365,2026-09-14 10:13:31,BLR,BOM,2026-09-29,T+15,4164.0,6345.29,3950.0,160.64,60.64,,,
3366,2026-09-14 10:13:46,DEL,CCU,2026-09-29,T+15,7271.0,8664.59,4750.0,182.41,82.41,,,
3367,2026-09-14 10:14:00,DEL,HYD,2026-09-15,T+1,8304.0,10097.51,4600.0,219.51,119.51,,,
3368,2026-09-14 10:14:14,DEL,PNQ,2026-09-15,T+1,6929.0,7954.58,4900.0,162.34,62.34,,,
3369,2026-09-14 10:14:29,BOM,GOI,2026-09-21,T+7,3789.0,5513.48,3100.0,177.85,77.85,,,
3370,2026-09-14 10:14:44,BOM,MAA,2026-09-15,T+1,6546.0,7304.82,4200.0,173.92,73.92,,,
3371,2026-09-14 10:14:58,AMD,DEL,2026-09-21,T+7,5929.0,6269.81,3400.0,184.41,84.41,,,
3372,2026-09-14 10:15:12,BLR,HYD,2026-09-29,T+15,4288.0,5923.01,2950.0,200.78,100.78,,,
3373,2026-09-14 10:15:26,DEL,SXR,2026-09-29,T+15,6735.0,8702.37,4100.0,212.25,112.25,,,
3374,2026-09-14 10:16:12,DEL,GAU,2026-09-15,T+1,8019.0,11296.28,4750.0,237.82,137.82,,,
3375,2026-09-14 10:16:57,CCU,GAU,2026-09-29,T+15,4700.0,7875.75,2650.0,297.2,197.2,,,
3376,2026-09-14 10:17:11,DEL,IXZ,2026-09-15,T+1,15596.0,22833.63,6400.0,356.78,256.78,,,
3377,2026-09-14 10:17:26,DEL,IXL,2026-09-21,T+7,7738.0,7758.8,4750.0,163.34,63.34,,,
3378,2026-09-14 10:17:40,DEL,COK,2026-09-15,T+1,10715.0,11038.64,5450.0,202.54,102.54,,,
3379,2026-09-14 10:17:54,DEL,PAT,2026-09-21,T+7,6249.0,6466.18,3650.0,177.16,77.16,,,
3380,2026-09-14 10:18:08,DEL,LKO,2026-09-15,T+1,3905.0,4215.29,2950.0,142.89,42.89,,,
3381,2026-09-14 10:18:22,BOM,JAI,2026-09-15,T+1,6976.0,8918.36,3650.0,244.34,144.34,,,
3382,2026-09-14 10:18:37,BOM,AMD,2026-09-15,T+1,4164.0,6816.84,2450.0,278.24,178.24,,,
3383,2026-09-14 10:18:51,MAA,BLR,2026-09-21,T+7,4293.0,4424.33,2250.0,196.64,96.64,,,
3384,2026-09-14 10:19:05,DEL,BBI,2026-09-29,T+15,9145.0,10438.09,4150.0,251.52,151.52,,,
3385,2026-09-14 10:19:20,DEL,ATQ,2026-09-29,T+15,3695.0,3837.26,2650.0,144.8,44.8,,,
3386,2026-09-14 10:19:34,DEL,IDR,2026-09-15,T+1,6109.0,6316.67,3050.0,207.1,107.1,,,
3387,2026-09-14 10:19:48,BOM,COK,2026-09-29,T+15,7144.0,7567.84,4250.0,178.07,78.07,,,
3388,2026-09-14 10:20:03,DEL,BOM,2026-09-15,T+1,6314.0,6920.54,4850.0,142.69,42.69,,,
3389,2026-09-14 10:20:18,BLR,DEL,2026-09-29,T+15,8257.0,8645.71,5200.0,166.26,66.26,,,
3390,2026-09-14 10:20:33,BLR,BOM,2026-09-21,T+7,4637.0,6721.65,3950.0,170.17,70.17,,,
3391,2026-09-14 10:20:47,DEL,CCU,2026-09-29,T+15,7271.0,8664.59,4750.0,182.41,82.41,,,
3392,2026-09-14 10:21:01,DEL,HYD,2026-09-21,T+7,8094.0,9030.17,4600.0,196.31,96.31,,,
3393,2026-09-14 10:21:16,DEL,PNQ,2026-09-29,T+15,6929.0,7490.41,4900.0,152.87,52.87,,,
3394,2026-09-14 10:21:30,BOM,GOI,2026-09-15,T+1,5014.0,8126.19,3100.0,262.14,162.14,,,
3395,2026-09-14 10:21:44,BOM,MAA,2026-09-21,T+7,6546.0,7517.97,4200.0,179.0,79.0,,,
3396,2026-09-14 10:21:59,AMD,DEL,2026-09-15,T+1,5929.0,8500.31,3400.0,250.01,150.01,,,
3397,2026-09-14 10:22:13,BLR,HYD,2026-09-29,T+15,4288.0,5923.01,2950.0,200.78,100.78,,,
3398,2026-09-14 10:22:28,DEL,SXR,2026-09-29,T+15,6735.0,8702.37,4100.0,212.25,112.25,,,
3399,2026-09-14 10:23:12,DEL,GAU,2026-09-21,T+7,8019.0,11296.28,4750.0,237.82,137.82,,,
3400,2026-09-14 10:23:57,CCU,GAU,2026-09-29,T+15,4700.0,7875.75,2650.0,297.2,197.2,,,
3401,2026-09-14 10:24:36,DEL,IXZ,2026-09-15,T+1,5768.0,19831.85,6400.0,309.87,209.87,,,
3402,2026-09-14 10:24:50,DEL,IXL,2026-09-15,T+1,7738.0,7805.32,4750.0,164.32,64.32,,,
3403,2026-09-14 10:25:05,DEL,COK,2026-09-21,T+7,10715.0,11418.78,5450.0,209.52,109.52,,,
3404,2026-09-14 10:25:19,DEL,PAT,2026-09-15,T+1,6217.0,6753.95,3650.0,185.04,85.04,,,
3405,2026-09-14 10:25:33,DEL,LKO,2026-09-29,T+15,3905.0,4060.68,2950.0,137.65,37.65,,,
3406,2026-09-14 10:25:48,BOM,JAI,2026-09-29,T+15,6976.0,7914.18,3650.0,216.83,116.83,,,
3407,2026-09-14 10:26:02,BOM,AMD,2026-09-29,T+15,4164.0,5643.85,2450.0,230.36,130.36,,,
3408,2026-09-14 10:26:16,MAA,BLR,2026-09-15,T+1,4293.0,5552.94,2250.0,246.8,146.8,,,
3409,2026-09-14 10:26:30,DEL,BBI,2026-09-15,T+1,9523.0,10971.65,4150.0,264.38,164.38,,,
3410,2026-09-14 10:26:45,DEL,ATQ,2026-09-21,T+7,3696.0,4020.21,2650.0,151.71,51.71,,,
3411,2026-09-14 10:26:59,DEL,IDR,2026-09-21,T+7,6109.0,6353.12,3050.0,208.3,108.3,,,
3412,2026-09-14 10:27:13,BOM,COK,2026-09-21,T+7,7144.0,7161.88,4250.0,168.51,68.51,,,
3413,2026-09-14 10:27:28,DEL,BOM,2026-09-15,T+1,6314.0,6910.31,4850.0,142.48,42.48,,,
3414,2026-09-14 10:27:43,BLR,DEL,2026-09-29,T+15,8257.0,8647.03,5200.0,166.29,66.29,,,
3415,2026-09-14 10:27:57,BLR,BOM,2026-09-29,T+15,4164.0,6345.29,3950.0,160.64,60.64,,,
3416,2026-09-14 10:28:12,DEL,CCU,2026-09-15,T+1,7271.0,8885.42,4750.0,187.06,87.06,,,
3417,2026-09-14 10:28:26,DEL,HYD,2026-09-15,T+1,8304.0,10097.51,4600.0,219.51,119.51,,,
3418,2026-09-14 10:28:41,DEL,PNQ,2026-09-29,T+15,6929.0,7488.74,4900.0,152.83,52.83,,,
3419,2026-09-14 10:28:55,BOM,GOI,2026-09-15,T+1,5014.0,7995.69,3100.0,257.93,157.93,,,
3420,2026-09-14 10:29:10,BOM,MAA,2026-09-29,T+15,6546.0,7625.48,4200.0,181.56,81.56,,,
3421,2026-09-14 10:29:24,AMD,DEL,2026-09-21,T+7,5929.0,6283.69,3400.0,184.81,84.81,,,
3422,2026-09-14 10:29:39,BLR,HYD,2026-09-29,T+15,4288.0,5923.01,2950.0,200.78,100.78,,,
3423,2026-09-14 10:30:02,DEL,BOM,2026-09-21,T+7,6314.0,6549.96,4850.0,135.05,35.05,,,
3424,2026-09-14 10:30:16,BLR,DEL,2026-09-29,T+15,8257.0,8647.03,5200.0,166.29,66.29,,,
3425,2026-09-14 10:30:31,DEL,BOM,2026-09-20,T+6,6314.0,7782.67,4850.0,160.47,60.47,125.9,1.99,55.0
3426,2026-09-14 10:30:54,BLR,BOM,2026-09-21,T+7,4637.0,6655.99,3950.0,168.51,68.51,,,
3427,2026-09-14 10:31:09,DEL,CCU,2026-09-15,T+1,7271.0,8885.42,4750.0,187.06,87.06,,,
3428,2026-09-14 10:31:26,DEL,HYD,2026-09-29,T+15,7884.0,8875.27,4600.0,192.94,92.94,,,
3429,2026-09-14 10:31:41,DEL,PNQ,2026-09-29,T+15,6929.0,7488.74,4900.0,152.83,52.83,,,
3430,2026-09-14 10:31:55,BOM,GOI,2026-09-29,T+15,4069.0,5470.01,3100.0,176.45,76.45,,,
3431,2026-09-14 10:32:10,BOM,MAA,2026-09-21,T+7,6546.0,7517.97,4200.0,179.0,79.0,,,
3432,2026-09-14 10:32:24,AMD,DEL,2026-09-21,T+7,5929.0,6283.69,3400.0,184.81,84.81,,,
3433,2026-09-14 10:32:38,BLR,HYD,2026-09-21,T+7,4987.0,7143.37,2950.0,242.15,142.15,,,
3434,2026-09-14 10:32:52,DEL,SXR,2026-09-15,T+1,7132.0,12348.64,4100.0,301.19,201.19,,,
3435,2026-09-14 10:33:18,DEL,GAU,2026-09-29,T+15,8019.0,11296.28,4750.0,237.82,137.82,,,
3436,2026-09-14 10:33:44,CCU,GAU,2026-09-15,T+1,4700.0,7875.75,2650.0,297.2,197.2,,,
3437,2026-09-14 10:34:09,DEL,IXZ,2026-09-15,T+1,5768.0,19831.85,6400.0,309.87,209.87,,,
3438,2026-09-14 10:34:23,DEL,IXL,2026-09-29,T+15,7738.0,7754.24,4750.0,163.25,63.25,,,
3439,2026-09-14 10:34:37,DEL,COK,2026-09-29,T+15,10715.0,12775.66,5450.0,234.42,134.42,,,
3440,2026-09-14 10:34:42,DEL,BOM,2026-09-20,T+6,6314.0,7782.94,4850.0,160.47,60.47,142.06,3.24,55.0
3441,2026-09-14 10:35:08,DEL,PAT,2026-09-15,T+1,6217.0,6753.95,3650.0,185.04,85.04,,,
3442,2026-09-14 10:35:22,DEL,LKO,2026-09-21,T+7,3905.0,4102.34,2950.0,139.06,39.06,,,
3443,2026-09-14 10:35:36,BOM,JAI,2026-09-21,T+7,6976.0,8213.72,3650.0,225.03,125.03,,,
3444,2026-09-14 10:35:50,BOM,AMD,2026-09-29,T+15,4164.0,5643.85,2450.0,230.36,130.36,,,
3445,2026-09-14 10:36:05,DEL,BOM,2026-09-29,T+15,6314.0,7237.93,4850.0,149.24,49.24,,,
3446,2026-09-14 10:36:19,BLR,DEL,2026-09-15,T+1,8257.0,10610.74,5200.0,204.05,104.05,,,
3447,2026-09-14 10:36:33,BLR,BOM,2026-09-21,T+7,4637.0,6721.65,3950.0,170.17,70.17,,,
3448,2026-09-14 10:36:48,DEL,CCU,2026-09-21,T+7,7271.0,8751.96,4750.0,184.25,84.25,,,
3449,2026-09-14 10:37:02,DEL,HYD,2026-09-15,T+1,8304.0,12476.96,4600.0,271.24,171.24,,,
3450,2026-09-14 10:37:17,DEL,PNQ,2026-09-29,T+15,6929.0,7490.41,4900.0,152.87,52.87,,,
3451,2026-09-14 10:37:31,BOM,GOI,2026-09-29,T+15,4069.0,5470.01,3100.0,176.45,76.45,,,
3452,2026-09-14 10:37:45,BOM,MAA,2026-09-21,T+7,6546.0,7517.97,4200.0,179.0,79.0,,,
3453,2026-09-14 10:37:59,AMD,DEL,2026-09-15,T+1,5929.0,7268.48,3400.0,213.78,113.78,,,
3454,2026-09-14 10:38:13,BLR,HYD,2026-09-21,T+7,4987.0,7143.37,2950.0,242.15,142.15,,,
3455,2026-09-14 10:38:27,DEL,SXR,2026-09-21,T+7,6623.0,8014.11,4100.0,195.47,95.47,,,
3456,2026-09-14 10:38:53,DEL,GAU,2026-09-29,T+15,8019.0,11296.28,4750.0,237.82,137.82,,,
3457,2026-09-14 10:39:25,CCU,GAU,2026-09-15,T+1,4700.0,7875.75,2650.0,297.2,197.2,,,
3458,2026-09-14 10:40:05,DEL,IXZ,2026-09-21,T+7,5768.0,19831.85,6400.0,309.87,209.87,,,
3459,2026-09-14 10:40:19,DEL,IXL,2026-09-15,T+1,7738.0,7828.57,4750.0,164.81,64.81,,,
3460,2026-09-14 10:40:34,DEL,COK,2026-09-29,T+15,10715.0,12718.46,5450.0,233.37,133.37,,,
3461,2026-09-14 10:40:48,DEL,PAT,2026-09-15,T+1,6217.0,6741.28,3650.0,184.69,84.69,,,
3462,2026-09-14 10:41:02,DEL,LKO,2026-09-15,T+1,3905.0,4212.97,2950.0,142.81,42.81,,,
3463,2026-09-14 10:41:10,DEL,BOM,2026-09-15,T+1,6314.0,6877.17,4850.0,141.8,41.8,141.49,3.19,55.0
3464,2026-09-14 10:41:13,DEL,BOM,2026-09-15,T+1,6314.0,6877.17,4850.0,141.8,41.8,141.49,3.19,55.0
3465,2026-09-14 10:41:37,BOM,JAI,2026-09-21,T+7,6976.0,8213.72,3650.0,225.03,125.03,,,
3466,2026-09-14 10:41:52,BOM,AMD,2026-09-21,T+7,4218.0,6719.14,2450.0,274.25,174.25,,,
3467,2026-09-14 10:41:57,AMD,DEL,2026-09-15,T+1,5929.0,7268.48,3400.0,213.78,113.78,145.54,3.51,18.0
3468,2026-09-14 10:42:22,MAA,BLR,2026-09-21,T+7,4293.0,4424.33,2250.0,196.64,96.64,,,
3469,2026-09-14 10:42:36,DEL,BBI,2026-09-29,T+15,9145.0,10438.09,4150.0,251.52,151.52,,,
3470,2026-09-14 10:42:51,DEL,ATQ,2026-09-15,T+1,3695.0,4011.53,2650.0,151.38,51.38,,,
3471,2026-09-14 10:43:06,DEL,IDR,2026-09-15,T+1,6109.0,6291.08,3050.0,206.26,106.26,,,
3472,2026-09-14 10:43:20,BOM,COK,2026-09-15,T+1,7144.0,7374.66,4250.0,173.52,73.52,,,
3473,2026-09-14 10:43:35,DEL,BOM,2026-09-29,T+15,6314.0,7237.93,4850.0,149.24,49.24,,,
3474,2026-09-14 10:43:50,BLR,DEL,2026-09-15,T+1,8257.0,10563.46,5200.0,203.14,103.14,,,
3475,2026-09-14 10:44:05,BLR,BOM,2026-09-29,T+15,4164.0,6345.29,3950.0,160.64,60.64,,,
3476,2026-09-14 10:44:20,DEL,CCU,2026-09-21,T+7,7271.0,8751.96,4750.0,184.25,84.25,,,
3477,2026-09-14 10:44:35,DEL,HYD,2026-09-15,T+1,8304.0,12476.96,4600.0,271.24,171.24,,,
3478,2026-09-14 10:44:49,DEL,PNQ,2026-09-21,T+7,6929.0,7187.33,4900.0,146.68,46.68,,,
3479,2026-09-14 10:45:03,BOM,GOI,2026-09-29,T+15,4069.0,5442.35,3100.0,175.56,75.56,,,
3480,2026-09-14 10:45:18,BOM,MAA,2026-09-21,T+7,6546.0,7517.97,4200.0,179.0,79.0,,,
3481,2026-09-14 10:45:33,AMD,DEL,2026-09-29,T+15,5985.0,6190.76,3400.0,182.08,82.08,,,
3482,2026-09-14 10:45:47,BLR,HYD,2026-09-15,T+1,6569.0,10717.56,2950.0,363.31,263.31,,,
3483,2026-09-14 10:46:01,DEL,SXR,2026-09-21,T+7,6623.0,8014.11,4100.0,195.47,95.47,,,
3484,2026-09-14 10:46:34,DEL,GAU,2026-09-21,T+7,8019.0,11296.28,4750.0,237.82,137.82,,,
3485,2026-09-14 10:47:13,CCU,GAU,2026-09-15,T+1,4700.0,7875.75,2650.0,297.2,197.2,,,
3486,2026-09-14 10:47:38,DEL,IXZ,2026-09-21,T+7,5768.0,19831.85,6400.0,309.87,209.87,,,
3487,2026-09-14 10:47:53,DEL,IXL,2026-09-21,T+7,7738.0,7758.8,4750.0,163.34,63.34,,,
3488,2026-09-14 10:48:07,DEL,COK,2026-09-15,T+1,10715.0,11017.65,5450.0,202.16,102.16,,,
3489,2026-09-14 10:48:21,DEL,PAT,2026-09-15,T+1,6217.0,6741.28,3650.0,184.69,84.69,,,
3490,2026-09-14 10:48:35,DEL,LKO,2026-09-21,T+7,3905.0,4102.34,2950.0,139.06,39.06,,,
3491,2026-09-14 10:48:53,BOM,JAI,2026-09-21,T+7,6895.0,7963.97,3650.0,218.19,118.19,,,
3492,2026-09-14 10:49:07,BOM,AMD,2026-09-21,T+7,4218.0,6675.86,2450.0,272.48,172.48,,,
3493,2026-09-14 10:49:22,MAA,BLR,2026-09-21,T+7,4293.0,4424.33,2250.0,196.64,96.64,,,
3494,2026-09-14 10:49:36,DEL,BBI,2026-09-15,T+1,9775.0,11177.5,4150.0,269.34,169.34,,,
3495,2026-09-14 10:49:51,DEL,ATQ,2026-09-21,T+7,3696.0,4020.21,2650.0,151.71,51.71,,,
3496,2026-09-14 10:50:05,DEL,IDR,2026-09-21,T+7,6109.0,6353.12,3050.0,208.3,108.3,,,
3497,2026-09-14 10:50:19,BOM,COK,2026-09-15,T+1,7144.0,7374.66,4250.0,173.52,73.52,,,
3498,2026-09-14 10:50:33,DEL,BOM,2026-09-21,T+7,6314.0,6547.32,4850.0,135.0,35.0,,,
3499,2026-09-14 10:50:49,BLR,DEL,2026-09-29,T+15,8257.0,8647.03,5200.0,166.29,66.29,,,
3500,2026-09-14 10:51:03,BLR,BOM,2026-09-29,T+15,4164.0,6345.29,3950.0,160.64,60.64,,,
3501,2026-09-14 10:51:17,DEL,CCU,2026-09-21,T+7,7271.0,8751.96,4750.0,184.25,84.25,,,
3502,2026-09-14 10:51:32,DEL,HYD,2026-09-15,T+1,8304.0,10110.84,4600.0,219.8,119.8,,,
3503,2026-09-14 10:51:46,DEL,PNQ,2026-09-21,T+7,6929.0,7187.33,4900.0,146.68,46.68,,,
3504,2026-09-14 10:52:00,BOM,GOI,2026-09-29,T+15,4069.0,5442.35,3100.0,175.56,75.56,,,
3505,2026-09-14 10:52:15,BOM,MAA,2026-09-29,T+15,6546.0,6855.86,4200.0,163.23,63.23,,,
3506,2026-09-14 10:52:29,AMD,DEL,2026-09-15,T+1,5929.0,7268.48,3400.0,213.78,113.78,,,
3507,2026-09-14 10:52:44,BLR,HYD,2026-09-15,T+1,6569.0,10717.56,2950.0,363.31,263.31,,,
3508,2026-09-14 10:52:58,DEL,SXR,2026-09-21,T+7,6623.0,8014.11,4100.0,195.47,95.47,,,
3509,2026-09-14 10:53:24,DEL,GAU,2026-09-21,T+7,8019.0,11296.28,4750.0,237.82,137.82,,,
3510,2026-09-14 10:53:49,CCU,GAU,2026-09-29,T+15,4700.0,7875.75,2650.0,297.2,197.2,,,
3511,2026-09-14 10:54:14,DEL,IXZ,2026-09-15,T+1,5768.0,19831.85,6400.0,309.87,209.87,,,
3512,2026-09-14 10:54:28,DEL,IXL,2026-09-29,T+15,7738.0,7754.24,4750.0,163.25,63.25,,,
3513,2026-09-14 10:54:43,DEL,COK,2026-09-15,T+1,10715.0,11031.61,5450.0,202.41,102.41,,,
3514,2026-09-14 10:54:57,DEL,PAT,2026-09-29,T+15,6217.0,6464.29,3650.0,177.1,77.1,,,
3515,2026-09-14 10:55:11,DEL,LKO,2026-09-29,T+15,3905.0,4060.68,2950.0,137.65,37.65,,,
3516,2026-09-14 10:55:25,BOM,JAI,2026-09-29,T+15,6976.0,7914.18,3650.0,216.83,116.83,,,
3517,2026-09-14 10:55:40,BOM,AMD,2026-09-21,T+7,4218.0,6675.86,2450.0,272.48,172.48,,,
3518,2026-09-14 10:55:54,MAA,BLR,2026-09-15,T+1,4293.0,5552.94,2250.0,246.8,146.8,,,
3519,2026-09-14 10:56:08,DEL,BBI,2026-09-21,T+7,9144.0,10380.13,4150.0,250.12,150.12,,,
3520,2026-09-14 10:56:22,DEL,ATQ,2026-09-15,T+1,3695.0,3980.1,2650.0,150.19,50.19,,,
3521,2026-09-14 10:56:36,DEL,IDR,2026-09-15,T+1,6109.0,6327.23,3050.0,207.45,107.45,,,
3522,2026-09-14 10:56:50,BOM,COK,2026-09-29,T+15,7144.0,7567.84,4250.0,178.07,78.07,,,
3523,2026-09-14 10:57:05,DEL,BOM,2026-09-15,T+1,6314.0,7362.18,4850.0,151.8,51.8,,,
3524,2026-09-14 10:57:19,BLR,DEL,2026-09-15,T+1,8257.0,10329.8,5200.0,198.65,98.65,,,
3525,2026-09-14 10:57:34,BLR,BOM,2026-09-15,T+1,5005.0,7928.17,3950.0,200.71,100.71,,,
3526,2026-09-14 10:57:48,DEL,CCU,2026-09-15,T+1,7271.0,8907.47,4750.0,187.53,87.53,,,
3527,2026-09-14 10:58:03,DEL,HYD,2026-09-15,T+1,8304.0,10122.26,4600.0,220.05,120.05,,,
3528,2026-09-14 10:58:17,DEL,PNQ,2026-09-21,T+7,6929.0,7187.33,4900.0,146.68,46.68,,,
3529,2026-09-14 10:58:31,BOM,GOI,2026-09-15,T+1,5014.0,8228.26,3100.0,265.43,165.43,,,
3530,2026-09-14 10:58:45,BOM,MAA,2026-09-21,T+7,6546.0,7491.07,4200.0,178.36,78.36,,,
3531,2026-09-14 10:59:00,AMD,DEL,2026-09-15,T+1,5929.0,7268.48,3400.0,213.78,113.78,,,
3532,2026-09-14 10:59:14,BLR,HYD,2026-09-21,T+7,4987.0,7143.37,2950.0,242.15,142.15,,,
3533,2026-09-14 10:59:28,DEL,SXR,2026-09-15,T+1,6893.0,12468.52,4100.0,304.11,204.11,,,
3534,2026-09-14 10:59:54,DEL,GAU,2026-09-21,T+7,8019.0,11296.28,4750.0,237.82,137.82,,,
3535,2026-09-14 11:00:20,CCU,GAU,2026-09-15,T+1,4700.0,7875.75,2650.0,297.2,197.2,,,
3536,2026-09-14 11:00:46,DEL,IXZ,2026-09-15,T+1,5768.0,19831.85,6400.0,309.87,209.87,,,
3537,2026-09-14 11:01:00,DEL,IXL,2026-09-21,T+7,7738.0,7758.8,4750.0,163.34,63.34,,,
3538,2026-09-14 11:01:14,DEL,COK,2026-09-29,T+15,10715.0,12718.46,5450.0,233.37,133.37,,,
3539,2026-09-14 11:01:29,DEL,PAT,2026-09-21,T+7,6249.0,6466.18,3650.0,177.16,77.16,,,
3540,2026-09-14 11:01:43,DEL,LKO,2026-09-29,T+15,3905.0,4060.68,2950.0,137.65,37.65,,,
3541,2026-09-14 11:01:57,BOM,JAI,2026-09-15,T+1,6976.0,8918.36,3650.0,244.34,144.34,,,
3542,2026-09-14 11:02:12,BOM,AMD,2026-09-15,T+1,4164.0,6728.9,2450.0,274.65,174.65,,,
3543,2026-09-14 11:02:26,MAA,BLR,2026-09-21,T+7,4293.0,4424.33,2250.0,196.64,96.64,,,
3544,2026-09-14 11:02:41,DEL,BBI,2026-09-21,T+7,9144.0,10270.73,4150.0,247.49,147.49,,,
3545,2026-09-14 11:02:55,DEL,ATQ,2026-09-29,T+15,3695.0,3837.26,2650.0,144.8,44.8,,,
3546,2026-09-14 11:03:09,DEL,IDR,2026-09-15,T+1,6109.0,6316.67,3050.0,207.1,107.1,,,
3547,2026-09-14 11:03:23,BOM,COK,2026-09-21,T+7,7144.0,7161.88,4250.0,168.51,68.51,,,
3548,2026-09-14 11:03:38,DEL,BOM,2026-09-29,T+15,6314.0,7237.93,4850.0,149.24,49.24,,,
3549,2026-09-14 11:03:44,DEL,BOM,2026-09-20,T+6,6314.0,7772.35,4850.0,160.25,60.25,146.99,3.62,55.0
3550,2026-09-14 11:04:25,DEL,BOM,2026-09-15,T+1,6314.0,6917.98,4850.0,142.64,42.64,,,
3551,2026-09-14 11:04:40,BLR,DEL,2026-09-15,T+1,8257.0,10463.58,5200.0,201.22,101.22,,,
3552,2026-09-14 11:04:54,BLR,BOM,2026-09-15,T+1,5005.0,7901.53,3950.0,200.04,100.04,,,
3553,2026-09-14 11:05:08,DEL,CCU,2026-09-15,T+1,7271.0,8907.47,4750.0,187.53,87.53,,,
3554,2026-09-14 11:05:20,DEL,BOM,2026-09-15,T+1,6314.0,6917.98,4850.0,142.64,42.64,123.9,1.84,55.0
3555,2026-09-14 11:05:45,DEL,HYD,2026-09-21,T+7,8094.0,9030.17,4600.0,196.31,96.31,,,
3556,2026-09-14 11:06:00,DEL,PNQ,2026-09-29,T+15,6929.0,7490.41,4900.0,152.87,52.87,,,
3557,2026-09-14 11:06:14,BOM,GOI,2026-09-15,T+1,4999.0,8122.92,3100.0,262.03,162.03,,,
3558,2026-09-14 11:06:29,BOM,MAA,2026-09-29,T+15,6546.0,7592.57,4200.0,180.78,80.78,,,
3559,2026-09-14 11:06:44,AMD,DEL,2026-09-15,T+1,5929.0,7268.48,3400.0,213.78,113.78,,,
3560,2026-09-14 11:06:58,BLR,HYD,2026-09-15,T+1,6569.0,9767.55,2950.0,331.1,231.1,,,
3561,2026-09-14 11:07:12,DEL,SXR,2026-09-15,T+1,6893.0,12371.69,4100.0,301.75,201.75,,,
3562,2026-09-14 11:07:47,DEL,GAU,2026-09-15,T+1,8019.0,11296.28,4750.0,237.82,137.82,,,
3563,2026-09-14 11:08:14,CCU,GAU,2026-09-15,T+1,4700.0,7875.75,2650.0,297.2,197.2,,,
3564,2026-09-14 11:08:41,DEL,IXZ,2026-09-21,T+7,5768.0,19831.85,6400.0,309.87,209.87,,,
3565,2026-09-14 11:08:55,DEL,IXL,2026-09-29,T+15,7738.0,7754.24,4750.0,163.25,63.25,,,
3566,2026-09-14 11:09:10,DEL,COK,2026-09-15,T+1,10715.0,11017.65,5450.0,202.16,102.16,,,
3567,2026-09-14 11:09:24,DEL,PAT,2026-09-29,T+15,6217.0,6464.29,3650.0,177.1,77.1,,,
3568,2026-09-14 11:09:39,DEL,LKO,2026-09-29,T+15,3905.0,4060.68,2950.0,137.65,37.65,,,
3569,2026-09-14 11:09:53,BOM,JAI,2026-09-21,T+7,6895.0,7963.97,3650.0,218.19,118.19,,,
3570,2026-09-14 11:10:07,BOM,AMD,2026-09-15,T+1,4164.0,6728.9,2450.0,274.65,174.65,,,
3571,2026-09-14 11:10:22,MAA,BLR,2026-09-15,T+1,4293.0,6363.6,2250.0,282.83,182.83,,,
3572,2026-09-14 11:10:27,DEL,BOM,2026-09-15,T+1,6314.0,6917.84,4850.0,142.64,42.64,144.77,3.45,55.0
3573,2026-09-14 11:10:51,DEL,BBI,2026-09-21,T+7,9144.0,10270.73,4150.0,247.49,147.49,,,
3574,2026-09-14 11:11:06,DEL,ATQ,2026-09-15,T+1,3532.0,3965.94,2650.0,149.66,49.66,,,
3575,2026-09-14 11:11:20,DEL,IDR,2026-09-21,T+7,6109.0,6353.12,3050.0,208.3,108.3,,,
3576,2026-09-14 11:11:35,BOM,COK,2026-09-15,T+1,7144.0,7314.76,4250.0,172.11,72.11,,,
3577,2026-09-14 11:11:50,DEL,BOM,2026-09-15,T+1,6314.0,6917.98,4850.0,142.64,42.64,,,
3578,2026-09-14 11:12:05,BLR,DEL,2026-09-21,T+7,8257.0,8456.77,5200.0,162.63,62.63,,,
3579,2026-09-14 11:12:20,BLR,BOM,2026-09-29,T+15,4164.0,6345.29,3950.0,160.64,60.64,,,
3580,2026-09-14 11:12:35,DEL,CCU,2026-09-29,T+15,7271.0,8664.59,4750.0,182.41,82.41,,,
3581,2026-09-14 11:12:49,DEL,HYD,2026-09-29,T+15,7884.0,8890.25,4600.0,193.27,93.27,,,
3582,2026-09-14 11:13:04,DEL,PNQ,2026-09-15,T+1,6929.0,7601.97,4900.0,155.14,55.14,,,
3583,2026-09-14 11:13:18,BOM,GOI,2026-09-29,T+15,4069.0,5470.01,3100.0,176.45,76.45,,,
3584,2026-09-14 11:13:33,BOM,MAA,2026-09-15,T+1,6546.0,7328.6,4200.0,174.49,74.49,,,
3585,2026-09-14 11:13:48,AMD,DEL,2026-09-15,T+1,5929.0,7268.48,3400.0,213.78,113.78,,,
3586,2026-09-14 11:14:02,BLR,HYD,2026-09-21,T+7,4987.0,7143.37,2950.0,242.15,142.15,,,
3587,2026-09-14 11:14:17,DEL,SXR,2026-09-15,T+1,7132.0,12445.37,4100.0,303.55,203.55,,,
3588,2026-09-14 11:14:44,DEL,GAU,2026-09-21,T+7,8019.0,11296.28,4750.0,237.82,137.82,,,
3589,2026-09-14 16:01:19,CCU,GAU,2026-09-21,T+7,4700.0,7875.75,2650.0,297.2,197.2,,,
3590,2026-09-14 16:01:52,DEL,IXZ,2026-09-29,T+15,5768.0,19831.85,6400.0,309.87,209.87,,,
3591,2026-09-14 16:02:06,DEL,IXL,2026-09-21,T+7,7738.0,7758.8,4750.0,163.34,63.34,,,
3592,2026-09-14 16:02:21,DEL,COK,2026-09-21,T+7,10715.0,11307.31,5450.0,207.47,107.47,,,
3593,2026-09-14 16:02:36,DEL,PAT,2026-09-29,T+15,6217.0,6464.29,3650.0,177.1,77.1,,,
3594,2026-09-14 16:02:50,DEL,LKO,2026-09-15,T+1,3800.0,4250.55,2950.0,144.09,44.09,,,
3595,2026-09-14 16:03:04,BOM,JAI,2026-09-21,T+7,6895.0,7950.77,3650.0,217.83,117.83,,,
3596,2026-09-14 16:03:19,BOM,AMD,2026-09-21,T+7,4218.0,6692.89,2450.0,273.18,173.18,,,
3597,2026-09-14 16:03:33,MAA,BLR,2026-09-15,T+1,4293.0,5748.99,2250.0,255.51,155.51,,,
3598,2026-09-14 16:03:48,DEL,BBI,2026-09-29,T+15,9145.0,10438.09,4150.0,251.52,151.52,,,
3599,2026-09-14 16:04:02,DEL,ATQ,2026-09-29,T+15,3695.0,3837.26,2650.0,144.8,44.8,,,
3600,2026-09-14 16:04:16,DEL,IDR,2026-09-15,T+1,6109.0,6482.05,3050.0,212.53,112.53,,,
3601,2026-09-14 16:04:30,BOM,COK,2026-09-29,T+15,7144.0,7567.84,4250.0,178.07,78.07,,,
3602,2026-09-14 16:04:45,DEL,BOM,2026-09-21,T+7,6314.0,6556.59,4850.0,135.19,35.19,,,
3603,2026-09-14 16:05:00,BLR,DEL,2026-09-21,T+7,8257.0,8475.93,5200.0,163.0,63.0,,,
3604,2026-09-14 16:05:14,BLR,BOM,2026-09-15,T+1,4688.0,7522.76,3950.0,190.45,90.45,,,
3605,2026-09-14 16:05:29,DEL,CCU,2026-09-15,T+1,7271.0,8837.3,4750.0,186.05,86.05,,,
3606,2026-09-14 16:05:43,DEL,HYD,2026-09-21,T+7,8094.0,9030.17,4600.0,196.31,96.31,,,
3607,2026-09-14 16:05:58,DEL,PNQ,2026-09-29,T+15,6929.0,7512.61,4900.0,153.32,53.32,,,
3608,2026-09-14 16:06:12,BOM,GOI,2026-09-15,T+1,5073.0,8304.75,3100.0,267.9,167.9,,,
3609,2026-09-14 16:06:27,BOM,MAA,2026-09-15,T+1,6546.0,7357.28,4200.0,175.17,75.17,,,
3610,2026-09-14 16:06:42,AMD,DEL,2026-09-21,T+7,5929.0,6206.94,3400.0,182.56,82.56,,,
3611,2026-09-14 16:06:56,BLR,HYD,2026-09-29,T+15,4288.0,5923.01,2950.0,200.78,100.78,,,
3612,2026-09-14 16:07:10,DEL,SXR,2026-09-29,T+15,6735.0,8702.37,4100.0,212.25,112.25,,,
3613,2026-09-14 16:07:40,DEL,GAU,2026-09-15,T+1,8019.0,11296.28,4750.0,237.82,137.82,,,
3614,2026-09-14 16:08:07,CCU,GAU,2026-09-21,T+7,4700.0,7875.75,2650.0,297.2,197.2,,,
3615,2026-09-14 16:08:33,DEL,IXZ,2026-09-29,T+15,5768.0,19831.85,6400.0,309.87,209.87,,,
3616,2026-09-14 16:08:47,DEL,IXL,2026-09-15,T+1,7738.0,7851.83,4750.0,165.3,65.3,,,
3617,2026-09-14 16:09:02,DEL,COK,2026-09-15,T+1,10715.0,11168.08,5450.0,204.92,104.92,,,
3618,2026-09-14 16:09:17,DEL,PAT,2026-09-15,T+1,6217.0,7433.41,3650.0,203.66,103.66,,,
3619,2026-09-14 16:09:31,DEL,LKO,2026-09-29,T+15,3800.0,4052.65,2950.0,137.38,37.38,,,
3620,2026-09-14 16:09:45,BOM,JAI,2026-09-15,T+1,6976.0,9264.82,3650.0,253.83,153.83,,,
3621,2026-09-14 16:10:00,BOM,AMD,2026-09-21,T+7,4218.0,6692.89,2450.0,273.18,173.18,,,
3622,2026-09-14 16:10:14,MAA,BLR,2026-09-15,T+1,4293.0,5748.99,2250.0,255.51,155.51,,,
3623,2026-09-14 16:10:28,DEL,BBI,2026-09-21,T+7,9144.0,10376.58,4150.0,250.04,150.04,,,
3624,2026-09-14 16:10:42,DEL,ATQ,2026-09-29,T+15,3695.0,3837.26,2650.0,144.8,44.8,,,
3625,2026-09-14 16:10:56,DEL,IDR,2026-09-15,T+1,6109.0,6480.72,3050.0,212.48,112.48,,,
3626,2026-09-14 16:11:11,BOM,COK,2026-09-15,T+1,7144.0,7161.88,4250.0,168.51,68.51,,,
3627,2026-09-14 16:11:25,DEL,BOM,2026-09-29,T+15,6314.0,7244.35,4850.0,149.37,49.37,,,
3628,2026-09-14 16:11:40,BLR,DEL,2026-09-29,T+15,8257.0,8657.37,5200.0,166.49,66.49,,,
3629,2026-09-14 16:11:55,BLR,BOM,2026-09-21,T+7,4637.0,6705.75,3950.0,169.77,69.77,,,
3630,2026-09-14 16:12:09,DEL,CCU,2026-09-21,T+7,7271.0,8742.01,4750.0,184.04,84.04,,,
3631,2026-09-14 16:12:24,DEL,HYD,2026-09-29,T+15,7884.0,8890.25,4600.0,193.27,93.27,,,
3632,2026-09-14 16:12:39,DEL,PNQ,2026-09-29,T+15,6929.0,7512.61,4900.0,153.32,53.32,,,
3633,2026-09-14 16:12:53,BOM,GOI,2026-09-15,T+1,5073.0,8314.07,3100.0,268.2,168.2,,,
3634,2026-09-14 16:13:08,BOM,MAA,2026-09-21,T+7,6546.0,7497.69,4200.0,178.52,78.52,,,
3635,2026-09-14 16:13:22,AMD,DEL,2026-09-15,T+1,5985.0,7485.6,3400.0,220.16,120.16,,,
3636,2026-09-14 16:13:37,BLR,HYD,2026-09-29,T+15,4288.0,5923.01,2950.0,200.78,100.78,,,
3637,2026-09-14 16:13:51,DEL,SXR,2026-09-21,T+7,6623.0,8258.82,4100.0,201.43,101.43,,,
3638,2026-09-14 16:14:18,DEL,GAU,2026-09-29,T+15,8019.0,11296.28,4750.0,237.82,137.82,,,
3639,2026-09-14 16:14:45,CCU,GAU,2026-09-15,T+1,4700.0,7875.75,2650.0,297.2,197.2,,,
3640,2026-09-14 16:15:13,DEL,IXZ,2026-09-21,T+7,5768.0,19831.85,6400.0,309.87,209.87,,,
3641,2026-09-14 16:15:27,DEL,IXL,2026-09-15,T+1,7738.0,7851.83,4750.0,165.3,65.3,,,
3642,2026-09-14 16:15:42,DEL,COK,2026-09-15,T+1,10715.0,11168.08,5450.0,204.92,104.92,,,
3643,2026-09-14 16:15:56,DEL,PAT,2026-09-29,T+15,6217.0,6464.29,3650.0,177.1,77.1,,,
3644,2026-09-14 16:16:10,DEL,LKO,2026-09-21,T+7,3800.0,4093.2,2950.0,138.75,38.75,,,
3645,2026-09-14 16:16:24,BOM,JAI,2026-09-21,T+7,6895.0,7963.97,3650.0,218.19,118.19,,,
3646,2026-09-14 16:16:38,BOM,AMD,2026-09-15,T+1,4164.0,6423.53,2450.0,262.18,162.18,,,
3647,2026-09-14 16:16:52,MAA,BLR,2026-09-15,T+1,4293.0,5775.55,2250.0,256.69,156.69,,,
3648,2026-09-14 16:17:07,DEL,BBI,2026-09-21,T+7,9144.0,10270.73,4150.0,247.49,147.49,,,
3649,2026-09-14 16:17:21,DEL,ATQ,2026-09-15,T+1,3695.0,4194.85,2650.0,158.3,58.3,,,
3650,2026-09-14 16:17:36,DEL,IDR,2026-09-29,T+15,6109.0,6189.08,3050.0,202.92,102.92,,,
3651,2026-09-14 16:17:50,BOM,COK,2026-09-15,T+1,7144.0,7173.6,4250.0,168.79,68.79,,,
3652,2026-09-14 16:18:05,DEL,BOM,2026-09-15,T+1,6314.0,7695.37,4850.0,158.67,58.67,,,
3653,2026-09-14 16:18:20,BLR,DEL,2026-09-21,T+7,8257.0,8475.93,5200.0,163.0,63.0,,,
3654,2026-09-14 16:18:34,BLR,BOM,2026-09-21,T+7,4637.0,6766.47,3950.0,171.3,71.3,,,
3655,2026-09-14 16:18:48,DEL,CCU,2026-09-29,T+15,7271.0,8728.97,4750.0,183.77,83.77,,,
3656,2026-09-14 16:19:03,DEL,HYD,2026-09-21,T+7,8094.0,9030.17,4600.0,196.31,96.31,,,
3657,2026-09-14 16:19:17,DEL,PNQ,2026-09-29,T+15,6929.0,7512.61,4900.0,153.32,53.32,,,
3658,2026-09-14 16:19:31,BOM,GOI,2026-09-29,T+15,4069.0,5364.11,3100.0,173.04,73.04,,,
3659,2026-09-14 16:19:46,BOM,MAA,2026-09-29,T+15,6546.0,6833.91,4200.0,162.71,62.71,,,
3660,2026-09-14 16:20:00,AMD,DEL,2026-09-15,T+1,5985.0,7485.6,3400.0,220.16,120.16,,,
3661,2026-09-14 16:20:14,BLR,HYD,2026-09-21,T+7,5358.0,6865.62,2950.0,232.73,132.73,,,
3662,2026-09-14 16:20:29,DEL,SXR,2026-09-29,T+15,6735.0,8702.37,4100.0,212.25,112.25,,,
3663,2026-09-14 16:20:56,DEL,GAU,2026-09-15,T+1,8019.0,11296.28,4750.0,237.82,137.82,,,
3664,2026-09-14 16:21:21,CCU,GAU,2026-09-15,T+1,4700.0,7875.75,2650.0,297.2,197.2,,,
3665,2026-09-14 16:21:46,DEL,IXZ,2026-09-15,T+1,5768.0,19831.85,6400.0,309.87,209.87,,,
3666,2026-09-14 16:22:00,DEL,IXL,2026-09-21,T+7,7738.0,7758.8,4750.0,163.34,63.34,,,
3667,2026-09-14 16:22:15,DEL,COK,2026-09-21,T+7,10715.0,10774.14,5450.0,197.69,97.69,,,
3668,2026-09-14 16:22:29,DEL,PAT,2026-09-29,T+15,6217.0,6464.29,3650.0,177.1,77.1,,,
3669,2026-09-14 16:22:43,DEL,LKO,2026-09-29,T+15,3800.0,4052.65,2950.0,137.38,37.38,,,
3670,2026-09-14 16:22:57,BOM,JAI,2026-09-29,T+15,6976.0,7914.18,3650.0,216.83,116.83,,,
3671,2026-09-14 16:23:12,BOM,AMD,2026-09-15,T+1,4164.0,6423.53,2450.0,262.18,162.18,,,
3672,2026-09-14 16:23:26,MAA,BLR,2026-09-29,T+15,4293.0,4795.48,2250.0,213.13,113.13,,,
3673,2026-09-14 16:23:41,DEL,BBI,2026-09-15,T+1,10195.0,11447.29,4150.0,275.84,175.84,,,
3674,2026-09-14 16:23:55,DEL,ATQ,2026-09-21,T+7,3696.0,4020.21,2650.0,151.71,51.71,,,
3675,2026-09-14 16:24:09,DEL,IDR,2026-09-15,T+1,6109.0,6480.72,3050.0,212.48,112.48,,,
3676,2026-09-14 16:24:23,BOM,COK,2026-09-21,T+7,7144.0,7161.88,4250.0,168.51,68.51,,,
3677,2026-09-14 16:24:38,DEL,BOM,2026-09-21,T+7,6314.0,6549.49,4850.0,135.04,35.04,,,
3678,2026-09-14 16:24:53,BLR,DEL,2026-09-15,T+1,8257.0,10743.54,5200.0,206.61,106.61,,,
3679,2026-09-14 16:25:07,BLR,BOM,2026-09-15,T+1,4688.0,7478.46,3950.0,189.33,89.33,,,
3680,2026-09-14 16:25:22,DEL,CCU,2026-09-21,T+7,7271.0,8730.44,4750.0,183.8,83.8,,,
3681,2026-09-14 16:25:36,DEL,HYD,2026-09-21,T+7,8094.0,9030.17,4600.0,196.31,96.31,,,
3682,2026-09-14 16:25:51,DEL,PNQ,2026-09-29,T+15,6929.0,7512.61,4900.0,153.32,53.32,,,
3683,2026-09-14 16:26:05,BOM,GOI,2026-09-29,T+15,4069.0,5364.11,3100.0,173.04,73.04,,,
3684,2026-09-14 16:26:20,BOM,MAA,2026-09-29,T+15,6546.0,7675.95,4200.0,182.76,82.76,,,
3685,2026-09-14 16:26:34,AMD,DEL,2026-09-21,T+7,5929.0,6223.14,3400.0,183.03,83.03,,,
3686,2026-09-14 16:26:49,BLR,HYD,2026-09-15,T+1,6569.0,9887.43,2950.0,335.17,235.17,,,
3687,2026-09-14 16:27:03,DEL,SXR,2026-09-21,T+7,6623.0,8041.02,4100.0,196.12,96.12,,,
3688,2026-09-14 16:27:30,DEL,GAU,2026-09-15,T+1,8019.0,11296.28,4750.0,237.82,137.82,,,
3689,2026-09-14 16:27:55,CCU,GAU,2026-09-21,T+7,4700.0,7875.75,2650.0,297.2,197.2,,,
3690,2026-09-14 16:28:23,DEL,IXZ,2026-09-29,T+15,5768.0,19831.85,6400.0,309.87,209.87,,,
3691,2026-09-14 16:28:37,DEL,IXL,2026-09-15,T+1,7738.0,7851.83,4750.0,165.3,65.3,,,
3692,2026-09-14 16:28:51,DEL,COK,2026-09-15,T+1,10715.0,11168.08,5450.0,204.92,104.92,,,
3693,2026-09-14 16:29:06,DEL,PAT,2026-09-15,T+1,6217.0,7204.16,3650.0,197.37,97.37,,,
3694,2026-09-14 16:29:20,DEL,LKO,2026-09-15,T+1,3800.0,4271.38,2950.0,144.79,44.79,,,
3695,2026-09-14 16:29:34,BOM,JAI,2026-09-15,T+1,6976.0,9264.82,3650.0,253.83,153.83,,,
3696,2026-09-14 16:29:49,BOM,AMD,2026-09-29,T+15,4164.0,5690.02,2450.0,232.25,132.25,,,
3697,2026-09-14 16:30:03,MAA,BLR,2026-09-15,T+1,4293.0,5804.63,2250.0,257.98,157.98,,,
3698,2026-09-14 16:30:17,DEL,BBI,2026-09-29,T+15,9145.0,10438.09,4150.0,251.52,151.52,,,
3699,2026-09-14 16:30:31,DEL,ATQ,2026-09-15,T+1,3695.0,4194.85,2650.0,158.3,58.3,,,
3700,2026-09-14 16:30:46,DEL,IDR,2026-09-29,T+15,6109.0,6189.08,3050.0,202.92,102.92,,,
3701,2026-09-14 16:31:00,BOM,COK,2026-09-21,T+7,7144.0,7161.88,4250.0,168.51,68.51,,,
3702,2026-09-14 16:31:14,DEL,BOM,2026-09-21,T+7,6314.0,6549.49,4850.0,135.04,35.04,,,
3703,2026-09-14 16:31:29,BLR,DEL,2026-09-29,T+15,8257.0,8658.87,5200.0,166.52,66.52,,,
3704,2026-09-14 16:31:43,BLR,BOM,2026-09-21,T+7,4637.0,6766.47,3950.0,171.3,71.3,,,
3705,2026-09-14 16:31:58,DEL,CCU,2026-09-29,T+15,7271.0,8673.23,4750.0,182.59,82.59,,,
3706,2026-09-14 16:32:12,DEL,HYD,2026-09-15,T+1,8304.0,11241.79,4600.0,244.39,144.39,,,
3707,2026-09-14 16:32:26,DEL,PNQ,2026-09-29,T+15,6929.0,7512.61,4900.0,153.32,53.32,,,
3708,2026-09-14 16:32:41,BOM,GOI,2026-09-15,T+1,5073.0,8304.75,3100.0,267.9,167.9,,,
3709,2026-09-14 16:32:55,BOM,MAA,2026-09-21,T+7,6546.0,7497.69,4200.0,178.52,78.52,,,
3710,2026-09-14 16:33:10,AMD,DEL,2026-09-15,T+1,5985.0,7485.6,3400.0,220.16,120.16,,,
3711,2026-09-14 16:33:25,BLR,HYD,2026-09-29,T+15,4288.0,5923.01,2950.0,200.78,100.78,,,
3712,2026-09-14 16:33:39,DEL,SXR,2026-09-15,T+1,6908.0,13839.35,4100.0,337.55,237.55,,,
3713,2026-09-14 16:34:06,DEL,GAU,2026-09-15,T+1,8019.0,11296.28,4750.0,237.82,137.82,,,
3714,2026-09-14 16:34:33,CCU,GAU,2026-09-15,T+1,4700.0,7875.75,2650.0,297.2,197.2,,,
3715,2026-09-14 16:35:00,DEL,IXZ,2026-09-15,T+1,5768.0,19831.85,6400.0,309.87,209.87,,,
3716,2026-09-14 16:35:15,DEL,IXL,2026-09-29,T+15,7738.0,7754.24,4750.0,163.25,63.25,,,
3717,2026-09-14 16:35:30,DEL,COK,2026-09-15,T+1,10715.0,11168.08,5450.0,204.92,104.92,,,
3718,2026-09-14 16:35:44,DEL,PAT,2026-09-21,T+7,6249.0,6489.44,3650.0,177.79,77.79,,,
3719,2026-09-14 16:35:58,DEL,LKO,2026-09-29,T+15,3800.0,4052.65,2950.0,137.38,37.38,,,
3720,2026-09-14 16:36:13,BOM,JAI,2026-09-21,T+7,6895.0,7963.97,3650.0,218.19,118.19,,,
3721,2026-09-14 16:36:27,BOM,AMD,2026-09-15,T+1,4164.0,6027.34,2450.0,246.01,146.01,,,
3722,2026-09-14 16:36:42,MAA,BLR,2026-09-15,T+1,4293.0,6615.59,2250.0,294.03,194.03,,,
3723,2026-09-14 16:36:56,DEL,BBI,2026-09-15,T+1,10195.0,11432.71,4150.0,275.49,175.49,,,
3724,2026-09-14 16:37:11,DEL,ATQ,2026-09-15,T+1,3695.0,4269.84,2650.0,161.13,61.13,,,
3725,2026-09-14 16:37:25,DEL,IDR,2026-09-15,T+1,6109.0,6493.84,3050.0,212.91,112.91,,,
3726,2026-09-14 16:37:39,BOM,COK,2026-09-21,T+7,7144.0,7161.88,4250.0,168.51,68.51,,,
3727,2026-09-14 16:37:54,DEL,BOM,2026-09-15,T+1,6314.0,8113.66,4850.0,167.29,67.29,,,
3728,2026-09-14 16:38:09,BLR,DEL,2026-09-29,T+15,8257.0,8658.87,5200.0,166.52,66.52,,,
3729,2026-09-14 16:38:23,BLR,BOM,2026-09-15,T+1,5529.0,7607.11,3950.0,192.59,92.59,,,
3730,2026-09-14 16:38:37,DEL,CCU,2026-09-15,T+1,7271.0,8880.74,4750.0,186.96,86.96,,,
3731,2026-09-14 16:38:52,DEL,HYD,2026-09-15,T+1,8304.0,11221.12,4600.0,243.94,143.94,,,
3732,2026-09-14 16:39:06,DEL,PNQ,2026-09-15,T+1,6929.0,7810.56,4900.0,159.4,59.4,,,
3733,2026-09-14 16:39:20,BOM,GOI,2026-09-15,T+1,5073.0,8314.07,3100.0,268.2,168.2,,,
3734,2026-09-14 16:39:35,BOM,MAA,2026-09-29,T+15,6546.0,7571.72,4200.0,180.28,80.28,,,
3735,2026-09-14 16:39:49,AMD,DEL,2026-09-29,T+15,5985.0,6163.68,3400.0,181.28,81.28,,,
3736,2026-09-14 16:40:03,BLR,HYD,2026-09-21,T+7,5358.0,6865.62,2950.0,232.73,132.73,,,
3737,2026-09-14 16:40:17,DEL,SXR,2026-09-29,T+15,6735.0,8702.37,4100.0,212.25,112.25,,,
3738,2026-09-14 16:40:45,DEL,GAU,2026-09-21,T+7,8019.0,11296.28,4750.0,237.82,137.82,,,
3739,2026-09-14 16:41:12,CCU,GAU,2026-09-15,T+1,4700.0,7875.75,2650.0,297.2,197.2,,,
3740,2026-09-14 16:41:38,DEL,IXZ,2026-09-21,T+7,5768.0,19831.85,6400.0,309.87,209.87,,,
3741,2026-09-14 16:41:52,DEL,IXL,2026-09-29,T+15,7738.0,7754.24,4750.0,163.25,63.25,,,
3742,2026-09-14 16:42:07,DEL,COK,2026-09-29,T+15,10715.0,13002.81,5450.0,238.58,138.58,,,
3743,2026-09-14 16:42:21,DEL,PAT,2026-09-29,T+15,6217.0,6464.29,3650.0,177.1,77.1,,,
3744,2026-09-14 16:42:35,DEL,LKO,2026-09-21,T+7,3800.0,4094.32,2950.0,138.79,38.79,,,
3745,2026-09-14 16:42:49,BOM,JAI,2026-09-21,T+7,6895.0,7963.97,3650.0,218.19,118.19,,,
3746,2026-09-14 16:43:03,BOM,AMD,2026-09-15,T+1,4164.0,6027.34,2450.0,246.01,146.01,,,
3747,2026-09-14 16:43:18,MAA,BLR,2026-09-21,T+7,4293.0,4376.1,2250.0,194.49,94.49,,,
3748,2026-09-14 16:43:32,DEL,BBI,2026-09-15,T+1,10195.0,11432.71,4150.0,275.49,175.49,,,
3749,2026-09-14 16:43:45,DEL,ATQ,2026-09-21,T+7,3532.0,3996.86,2650.0,150.82,50.82,,,
3750,2026-09-14 16:44:00,DEL,IDR,2026-09-15,T+1,6109.0,6480.72,3050.0,212.48,112.48,,,
3751,2026-09-14 16:44:13,BOM,COK,2026-09-29,T+15,7144.0,7567.84,4250.0,178.07,78.07,,,
3752,2026-09-14 16:44:29,DEL,BOM,2026-09-29,T+15,6314.0,7244.35,4850.0,149.37,49.37,,,
3753,2026-09-14 16:44:44,BLR,DEL,2026-09-21,T+7,8257.0,8474.53,5200.0,162.97,62.97,,,
3754,2026-09-14 16:44:58,BLR,BOM,2026-09-15,T+1,5529.0,7607.11,3950.0,192.59,92.59,,,
3755,2026-09-14 16:45:13,DEL,CCU,2026-09-29,T+15,7271.0,8673.23,4750.0,182.59,82.59,,,
3756,2026-09-14 16:45:27,DEL,HYD,2026-09-15,T+1,8304.0,12736.77,4600.0,276.89,176.89,,,
3757,2026-09-14 16:45:41,DEL,PNQ,2026-09-29,T+15,6929.0,7512.61,4900.0,153.32,53.32,,,
3758,2026-09-14 16:45:56,BOM,GOI,2026-09-21,T+7,3964.0,5512.04,3100.0,177.81,77.81,,,
3759,2026-09-14 16:46:10,BOM,MAA,2026-09-15,T+1,6546.0,7357.28,4200.0,175.17,75.17,,,
3760,2026-09-14 16:46:25,AMD,DEL,2026-09-15,T+1,5985.0,7514.76,3400.0,221.02,121.02,,,
3761,2026-09-14 16:46:39,BLR,HYD,2026-09-21,T+7,5358.0,6865.62,2950.0,232.73,132.73,,,
3762,2026-09-14 16:46:54,DEL,SXR,2026-09-21,T+7,6623.0,8041.02,4100.0,196.12,96.12,,,
3763,2026-09-14 16:47:20,DEL,GAU,2026-09-15,T+1,8019.0,11296.28,4750.0,237.82,137.82,,,
3764,2026-09-14 16:47:48,CCU,GAU,2026-09-29,T+15,4700.0,7875.75,2650.0,297.2,197.2,,,
3765,2026-09-14 16:48:15,DEL,IXZ,2026-09-21,T+7,5768.0,19831.85,6400.0,309.87,209.87,,,
3766,2026-09-14 16:48:29,DEL,IXL,2026-09-15,T+1,7738.0,7851.83,4750.0,165.3,65.3,,,
3767,2026-09-14 16:48:44,DEL,COK,2026-09-21,T+7,10715.0,11307.31,5450.0,207.47,107.47,,,
3768,2026-09-14 16:48:58,DEL,PAT,2026-09-29,T+15,6217.0,6464.29,3650.0,177.1,77.1,,,
3769,2026-09-14 16:49:12,DEL,LKO,2026-09-21,T+7,3800.0,4094.32,2950.0,138.79,38.79,,,
3770,2026-09-14 16:49:27,BOM,JAI,2026-09-29,T+15,6976.0,7914.18,3650.0,216.83,116.83,,,
3771,2026-09-14 16:49:41,BOM,AMD,2026-09-15,T+1,4164.0,6027.34,2450.0,246.01,146.01,,,
3772,2026-09-14 16:49:55,MAA,BLR,2026-09-29,T+15,4293.0,4795.48,2250.0,213.13,113.13,,,
3773,2026-09-14 16:50:09,DEL,BBI,2026-09-29,T+15,9145.0,10438.09,4150.0,251.52,151.52,,,
3774,2026-09-14 16:50:24,DEL,ATQ,2026-09-29,T+15,3695.0,3837.26,2650.0,144.8,44.8,,,
3775,2026-09-14 16:50:38,DEL,IDR,2026-09-29,T+15,6109.0,6189.08,3050.0,202.92,102.92,,,
3776,2026-09-14 16:50:52,BOM,COK,2026-09-15,T+1,7144.0,7161.88,4250.0,168.51,68.51,,,
3777,2026-09-14 16:51:07,DEL,BOM,2026-09-15,T+1,6314.0,7634.56,4850.0,157.41,57.41,,,
3778,2026-09-14 16:51:21,BLR,DEL,2026-09-21,T+7,8257.0,8475.93,5200.0,163.0,63.0,,,
3779,2026-09-14 16:51:36,BLR,BOM,2026-09-21,T+7,4637.0,6715.52,3950.0,170.01,70.01,,,
3780,2026-09-14 16:51:53,DEL,CCU,2026-09-21,T+7,7271.0,8707.36,4750.0,183.31,83.31,,,
3781,2026-09-14 16:52:08,DEL,HYD,2026-09-29,T+15,7884.0,8890.25,4600.0,193.27,93.27,,,
3782,2026-09-14 16:52:22,DEL,PNQ,2026-09-21,T+7,6929.0,7229.94,4900.0,147.55,47.55,,,
3783,2026-09-14 16:52:36,BOM,GOI,2026-09-15,T+1,5073.0,8314.07,3100.0,268.2,168.2,,,
3784,2026-09-14 16:52:51,BOM,MAA,2026-09-29,T+15,6546.0,7604.62,4200.0,181.06,81.06,,,
3785,2026-09-14 16:53:06,AMD,DEL,2026-09-29,T+15,5985.0,6163.68,3400.0,181.28,81.28,,,
3786,2026-09-14 16:53:20,BLR,HYD,2026-09-15,T+1,6569.0,9887.43,2950.0,335.17,235.17,,,
3787,2026-09-14 16:53:34,DEL,SXR,2026-09-29,T+15,6735.0,8702.37,4100.0,212.25,112.25,,,
3788,2026-09-14 16:54:01,DEL,GAU,2026-09-21,T+7,8019.0,11296.28,4750.0,237.82,137.82,,,
3789,2026-09-14 16:54:25,CCU,GAU,2026-09-21,T+7,4700.0,7875.75,2650.0,297.2,197.2,,,
3790,2026-09-14 16:54:51,DEL,IXZ,2026-09-29,T+15,5768.0,19831.85,6400.0,309.87,209.87,,,
3791,2026-09-14 16:55:05,DEL,IXL,2026-09-15,T+1,7738.0,7851.83,4750.0,165.3,65.3,,,
3792,2026-09-14 16:55:20,DEL,COK,2026-09-29,T+15,10715.0,13002.81,5450.0,238.58,138.58,,,
3793,2026-09-14 16:55:34,DEL,PAT,2026-09-29,T+15,6217.0,6464.29,3650.0,177.1,77.1,,,
3794,2026-09-14 16:55:48,DEL,LKO,2026-09-15,T+1,3800.0,4270.52,2950.0,144.76,44.76,,,
3795,2026-09-14 16:56:02,BOM,JAI,2026-09-15,T+1,6976.0,9264.82,3650.0,253.83,153.83,,,
3796,2026-09-14 16:56:16,BOM,AMD,2026-09-21,T+7,4218.0,6692.89,2450.0,273.18,173.18,,,
3797,2026-09-14 16:56:30,MAA,BLR,2026-09-15,T+1,4293.0,6632.59,2250.0,294.78,194.78,,,
3798,2026-09-14 16:56:45,DEL,BBI,2026-09-15,T+1,10195.0,11549.37,4150.0,278.3,178.3,,,
3799,2026-09-14 16:56:59,DEL,ATQ,2026-09-21,T+7,3696.0,4020.21,2650.0,151.71,51.71,,,
3800,2026-09-14 16:57:14,DEL,IDR,2026-09-15,T+1,6109.0,6493.84,3050.0,212.91,112.91,,,
3801,2026-09-14 16:57:28,BOM,COK,2026-09-15,T+1,7144.0,7161.88,4250.0,168.51,68.51,,,
3802,2026-09-14 16:57:43,DEL,BOM,2026-09-15,T+1,6314.0,7640.89,4850.0,157.54,57.54,,,
3803,2026-09-14 16:57:57,BLR,DEL,2026-09-15,T+1,8257.0,10762.32,5200.0,206.97,106.97,,,
3804,2026-09-14 16:58:12,BLR,BOM,2026-09-21,T+7,4637.0,6715.52,3950.0,170.01,70.01,,,
3805,2026-09-14 16:58:26,DEL,CCU,2026-09-29,T+15,7271.0,8673.23,4750.0,182.59,82.59,,,
3806,2026-09-14 16:58:41,DEL,HYD,2026-09-21,T+7,8094.0,8836.01,4600.0,192.09,92.09,,,
3807,2026-09-14 16:58:55,DEL,PNQ,2026-09-29,T+15,6929.0,7512.61,4900.0,153.32,53.32,,,
3808,2026-09-14 16:59:09,BOM,GOI,2026-09-15,T+1,5073.0,8401.57,3100.0,271.02,171.02,,,
3809,2026-09-14 16:59:23,BOM,MAA,2026-09-21,T+7,6546.0,7482.19,4200.0,178.15,78.15,,,
3810,2026-09-14 16:59:37,AMD,DEL,2026-09-29,T+15,5985.0,6163.68,3400.0,181.28,81.28,,,
3811,2026-09-14 16:59:52,BLR,HYD,2026-09-21,T+7,5358.0,6915.8,2950.0,234.43,134.43,,,
3812,2026-09-14 16:59:55,DEL,BOM,2026-09-20,T+6,6314.0,7823.67,4850.0,161.31,61.31,149.24,3.79,55.0
3813,2026-09-14 17:00:18,DEL,SXR,2026-09-15,T+1,6908.0,12532.19,4100.0,305.66,205.66,,,
3814,2026-09-14 17:00:43,DEL,GAU,2026-09-21,T+7,8019.0,11296.28,4750.0,237.82,137.82,,,
3815,2026-09-14 17:01:10,CCU,GAU,2026-09-21,T+7,4700.0,7875.75,2650.0,297.2,197.2,,,
3816,2026-09-14 17:01:45,DEL,IXZ,2026-09-21,T+7,5768.0,19831.85,6400.0,309.87,209.87,,,
3817,2026-09-14 17:01:58,DEL,IXL,2026-09-15,T+1,7738.0,7851.83,4750.0,165.3,65.3,,,
3818,2026-09-14 17:02:13,DEL,COK,2026-09-21,T+7,10715.0,11307.31,5450.0,207.47,107.47,,,
3819,2026-09-14 17:19:44,DEL,BOM,2026-09-15,T+1,6314.0,8093.68,4850.0,166.88,66.88,,,
3820,2026-09-14 17:19:59,BLR,DEL,2026-09-21,T+7,8257.0,8475.93,5200.0,163.0,63.0,,,
3821,2026-09-14 17:20:13,BLR,BOM,2026-09-21,T+7,4637.0,6778.14,3950.0,171.6,71.6,,,
3822,2026-09-14 17:20:27,DEL,CCU,2026-09-15,T+1,7271.0,8880.74,4750.0,186.96,86.96,,,
3823,2026-09-14 17:20:42,DEL,HYD,2026-09-21,T+7,8094.0,8836.01,4600.0,192.09,92.09,,,
3824,2026-09-14 17:20:56,DEL,PNQ,2026-09-29,T+15,6929.0,7512.61,4900.0,153.32,53.32,,,
3825,2026-09-14 17:21:10,BOM,GOI,2026-09-21,T+7,3789.0,5476.06,3100.0,176.65,76.65,,,
3826,2026-09-14 17:21:25,BOM,MAA,2026-09-21,T+7,6546.0,7482.19,4200.0,178.15,78.15,,,
3827,2026-09-14 17:21:40,AMD,DEL,2026-09-29,T+15,5985.0,6163.68,3400.0,181.28,81.28,,,
3828,2026-09-14 17:21:57,BLR,HYD,2026-09-21,T+7,5358.0,6915.8,2950.0,234.43,134.43,,,
3829,2026-09-14 17:22:11,DEL,SXR,2026-09-15,T+1,6908.0,12532.19,4100.0,305.66,205.66,,,
3830,2026-09-14 17:22:41,DEL,GAU,2026-09-21,T+7,8189.0,10863.02,4750.0,228.7,128.7,,,
3831,2026-09-14 17:23:22,CCU,GAU,2026-09-29,T+15,4069.0,8833.88,2650.0,333.35,233.35,,,
3832,2026-09-14 17:23:49,DEL,IXZ,2026-09-15,T+1,4970.0,18018.39,6400.0,281.54,181.54,,,
3833,2026-09-14 17:24:07,DEL,IXL,2026-09-15,T+1,7738.0,7851.83,4750.0,165.3,65.3,,,
3834,2026-09-14 17:24:22,DEL,COK,2026-09-15,T+1,10715.0,11168.08,5450.0,204.92,104.92,,,
3835,2026-09-14 17:24:36,DEL,PAT,2026-09-21,T+7,6249.0,6466.18,3650.0,177.16,77.16,,,
3836,2026-09-14 17:24:50,DEL,LKO,2026-09-29,T+15,3800.0,4052.65,2950.0,137.38,37.38,,,
3837,2026-09-14 17:25:05,BOM,JAI,2026-09-21,T+7,6895.0,7963.97,3650.0,218.19,118.19,,,
3838,2026-09-14 17:25:19,BOM,AMD,2026-09-29,T+15,4164.0,5767.15,2450.0,235.39,135.39,,,
3839,2026-09-14 17:25:29,DEL,BOM,2026-09-15,T+1,6314.0,8093.68,4850.0,166.88,66.88,142.59,3.28,53.0
3840,2026-09-14 17:25:55,MAA,BLR,2026-09-15,T+1,4293.0,6444.79,2250.0,286.44,186.44,,,
3841,2026-09-14 17:26:10,DEL,BBI,2026-09-29,T+15,9145.0,10438.09,4150.0,251.52,151.52,,,
3842,2026-09-14 17:26:24,DEL,ATQ,2026-09-29,T+15,3695.0,3837.26,2650.0,144.8,44.8,,,
3843,2026-09-14 17:26:38,DEL,IDR,2026-09-21,T+7,6109.0,6353.12,3050.0,208.3,108.3,,,
3844,2026-09-14 17:26:52,BOM,COK,2026-09-15,T+1,7144.0,7161.88,4250.0,168.51,68.51,,,
3845,2026-09-14 17:27:08,DEL,BOM,2026-09-21,T+7,6314.0,6549.49,4850.0,135.04,35.04,,,
3846,2026-09-14 17:27:23,BLR,DEL,2026-09-29,T+15,8257.0,8658.87,5200.0,166.52,66.52,,,
3847,2026-09-14 17:27:38,BLR,BOM,2026-09-29,T+15,4164.0,6336.85,3950.0,160.43,60.43,,,
3848,2026-09-14 17:27:53,DEL,CCU,2026-09-15,T+1,7271.0,8880.74,4750.0,186.96,86.96,,,
3849,2026-09-14 17:27:56,DEL,BLR,2026-09-15,T+1,9972.0,15987.7,5200.0,307.46,207.46,147.9,3.69,34.0
3850,2026-09-14 17:28:19,DEL,HYD,2026-09-15,T+1,8304.0,11734.32,4600.0,255.09,155.09,,,
3851,2026-09-14 17:28:34,DEL,PNQ,2026-09-29,T+15,6929.0,7512.61,4900.0,153.32,53.32,,,
3852,2026-09-14 17:28:48,BOM,GOI,2026-09-29,T+15,4069.0,5364.11,3100.0,173.04,73.04,,,
3853,2026-09-14 17:29:03,BOM,MAA,2026-09-21,T+7,6546.0,7482.19,4200.0,178.15,78.15,,,
3854,2026-09-14 17:29:18,AMD,DEL,2026-09-15,T+1,5985.0,7551.64,3400.0,222.11,122.11,,,
3855,2026-09-14 17:29:33,BLR,HYD,2026-09-29,T+15,4288.0,5948.08,2950.0,201.63,101.63,,,
3856,2026-09-14 17:29:47,DEL,SXR,2026-09-15,T+1,6908.0,12532.19,4100.0,305.66,205.66,,,
3857,2026-09-14 17:30:21,DEL,GAU,2026-09-15,T+1,8189.0,11691.07,4750.0,246.13,146.13,,,
3858,2026-09-14 17:30:48,CCU,GAU,2026-09-15,T+1,5104.0,10743.97,2650.0,405.43,305.43,,,
3859,2026-09-14 17:31:15,DEL,IXZ,2026-09-29,T+15,4970.0,15482.1,6400.0,241.91,141.91,,,
3860,2026-09-14 17:31:29,DEL,IXL,2026-09-21,T+7,7738.0,7758.8,4750.0,163.34,63.34,,,
3861,2026-09-14 17:31:44,DEL,COK,2026-09-21,T+7,10715.0,11453.13,5450.0,210.15,110.15,,,
3862,2026-09-14 17:31:58,DEL,PAT,2026-09-21,T+7,6249.0,6466.18,3650.0,177.16,77.16,,,
3863,2026-09-14 17:32:13,DEL,LKO,2026-09-29,T+15,3800.0,4052.65,2950.0,137.38,37.38,,,
3864,2026-09-14 17:32:27,BOM,JAI,2026-09-15,T+1,6976.0,9264.82,3650.0,253.83,153.83,,,
3865,2026-09-14 17:32:42,BOM,AMD,2026-09-29,T+15,4164.0,5767.15,2450.0,235.39,135.39,,,
3866,2026-09-14 17:32:57,MAA,BLR,2026-09-15,T+1,4293.0,6444.79,2250.0,286.44,186.44,,,
3867,2026-09-14 17:33:09,DEL,BOM,2026-09-15,T+1,6314.0,8054.01,4850.0,166.06,66.06,149.34,3.8,53.0
3868,2026-09-14 17:33:34,DEL,BBI,2026-09-29,T+15,9145.0,10438.09,4150.0,251.52,151.52,,,
3869,2026-09-14 17:33:48,DEL,ATQ,2026-09-21,T+7,3696.0,4020.21,2650.0,151.71,51.71,,,
3870,2026-09-14 17:34:03,DEL,IDR,2026-09-21,T+7,6109.0,6353.12,3050.0,208.3,108.3,,,
3871,2026-09-14 17:34:18,BOM,COK,2026-09-15,T+1,7144.0,7161.88,4250.0,168.51,68.51,,,
3872,2026-09-14 17:34:33,DEL,BOM,2026-09-29,T+15,6314.0,7244.35,4850.0,149.37,49.37,,,
3873,2026-09-14 17:34:48,BLR,DEL,2026-09-29,T+15,8257.0,8658.87,5200.0,166.52,66.52,,,
3874,2026-09-14 17:35:03,BLR,BOM,2026-09-29,T+15,4164.0,6336.85,3950.0,160.43,60.43,,,
3875,2026-09-14 17:35:17,DEL,CCU,2026-09-15,T+1,7271.0,8880.74,4750.0,186.96,86.96,,,
3876,2026-09-14 17:35:32,DEL,HYD,2026-09-29,T+15,7884.0,8890.25,4600.0,193.27,93.27,,,
3877,2026-09-14 17:35:46,DEL,PNQ,2026-09-29,T+15,6929.0,7512.61,4900.0,153.32,53.32,,,
3878,2026-09-14 17:36:00,BOM,GOI,2026-09-29,T+15,4069.0,5336.45,3100.0,172.14,72.14,,,
3879,2026-09-14 17:36:15,BOM,MAA,2026-09-29,T+15,6546.0,6833.91,4200.0,162.71,62.71,,,
3880,2026-09-14 17:36:30,AMD,DEL,2026-09-15,T+1,5985.0,7551.64,3400.0,222.11,122.11,,,
3881,2026-09-14 17:36:44,BLR,HYD,2026-09-15,T+1,6569.0,9655.46,2950.0,327.3,227.3,,,
3882,2026-09-14 17:36:59,DEL,SXR,2026-09-21,T+7,6623.0,8041.02,4100.0,196.12,96.12,,,
3883,2026-09-14 17:37:28,DEL,GAU,2026-09-29,T+15,8189.0,11120.58,4750.0,234.12,134.12,,,
3884,2026-09-14 17:37:55,CCU,GAU,2026-09-29,T+15,4069.0,8833.88,2650.0,333.35,233.35,,,
3885,2026-09-14 17:38:25,DEL,IXZ,2026-09-21,T+7,4970.0,14679.71,6400.0,229.37,129.37,,,
3886,2026-09-14 17:38:39,DEL,IXL,2026-09-29,T+15,7738.0,7754.24,4750.0,163.25,63.25,,,
3887,2026-09-14 17:38:53,DEL,COK,2026-09-15,T+1,10715.0,11168.08,5450.0,204.92,104.92,,,
3888,2026-09-14 17:39:08,DEL,PAT,2026-09-15,T+1,6217.0,7111.44,3650.0,194.83,94.83,,,
3889,2026-09-14 17:39:22,DEL,LKO,2026-09-15,T+1,3800.0,4270.52,2950.0,144.76,44.76,,,
3890,2026-09-14 17:39:36,BOM,JAI,2026-09-29,T+15,6976.0,8019.5,3650.0,219.71,119.71,,,
3891,2026-09-14 17:39:51,BOM,AMD,2026-09-29,T+15,4164.0,5767.15,2450.0,235.39,135.39,,,
3892,2026-09-14 17:40:05,MAA,BLR,2026-09-21,T+7,4293.0,4376.1,2250.0,194.49,94.49,,,
3893,2026-09-14 17:40:19,DEL,BBI,2026-09-29,T+15,9145.0,10438.09,4150.0,251.52,151.52,,,
3894,2026-09-14 17:40:34,DEL,ATQ,2026-09-15,T+1,3695.0,4269.84,2650.0,161.13,61.13,,,
3895,2026-09-14 17:40:49,DEL,IDR,2026-09-15,T+1,6109.0,6493.84,3050.0,212.91,112.91,,,
3896,2026-09-14 17:41:03,BOM,COK,2026-09-15,T+1,7144.0,7161.88,4250.0,168.51,68.51,,,
3897,2026-09-14 17:41:12,DEL,BOM,2026-09-15,T+1,6314.0,7038.79,4850.0,145.13,45.13,150.58,3.89,51.0
3898,2026-09-14 17:41:37,DEL,BOM,2026-09-21,T+7,6314.0,6549.49,4850.0,135.04,35.04,,,
3899,2026-09-14 17:41:52,BLR,DEL,2026-09-29,T+15,8257.0,8658.87,5200.0,166.52,66.52,,,
3900,2026-09-14 17:42:07,BLR,BOM,2026-09-21,T+7,4637.0,6887.79,3950.0,174.37,74.37,,,
3901,2026-09-14 17:42:23,DEL,CCU,2026-09-21,T+7,7271.0,8707.36,4750.0,183.31,83.31,,,
3902,2026-09-14 17:42:38,DEL,HYD,2026-09-29,T+15,7884.0,8890.25,4600.0,193.27,93.27,,,
3903,2026-09-14 17:42:53,DEL,PNQ,2026-09-21,T+7,6929.0,7226.3,4900.0,147.48,47.48,,,
3904,2026-09-14 17:43:08,BOM,GOI,2026-09-15,T+1,5073.0,8486.58,3100.0,273.76,173.76,,,
3905,2026-09-14 17:43:23,BOM,MAA,2026-09-29,T+15,6546.0,7571.72,4200.0,180.28,80.28,,,
3906,2026-09-14 17:43:37,AMD,DEL,2026-09-15,T+1,5985.0,7551.64,3400.0,222.11,122.11,,,
3907,2026-09-14 17:43:51,BLR,HYD,2026-09-21,T+7,5358.0,6865.62,2950.0,232.73,132.73,,,
3908,2026-09-14 17:44:05,DEL,SXR,2026-09-21,T+7,6623.0,8041.02,4100.0,196.12,96.12,,,
3909,2026-09-14 17:44:36,DEL,GAU,2026-09-29,T+15,8189.0,11120.58,4750.0,234.12,134.12,,,
3910,2026-09-14 17:45:03,CCU,GAU,2026-09-21,T+7,4386.0,9110.11,2650.0,343.78,243.78,,,
3911,2026-09-14 17:45:30,DEL,IXZ,2026-09-21,T+7,4970.0,14679.71,6400.0,229.37,129.37,,,
3912,2026-09-14 17:45:44,DEL,IXL,2026-09-21,T+7,7738.0,7758.8,4750.0,163.34,63.34,,,
3913,2026-09-14 17:45:58,DEL,COK,2026-09-29,T+15,10715.0,13002.81,5450.0,238.58,138.58,,,
3914,2026-09-14 17:46:12,DEL,PAT,2026-09-21,T+7,6249.0,6466.18,3650.0,177.16,77.16,,,
3915,2026-09-14 17:46:26,DEL,LKO,2026-09-15,T+1,3800.0,4270.52,2950.0,144.76,44.76,,,
3916,2026-09-14 17:46:41,BOM,JAI,2026-09-29,T+15,6976.0,7914.18,3650.0,216.83,116.83,,,
3917,2026-09-14 17:46:56,BOM,AMD,2026-09-29,T+15,4164.0,5767.15,2450.0,235.39,135.39,,,
3918,2026-09-14 17:47:11,MAA,BLR,2026-09-29,T+15,4293.0,4795.48,2250.0,213.13,113.13,,,
3919,2026-09-14 17:47:25,DEL,BBI,2026-09-29,T+15,9145.0,10438.09,4150.0,251.52,151.52,,,
3920,2026-09-14 17:47:30,DEL,BOM,2026-09-20,T+6,6314.0,7892.27,4850.0,162.73,62.73,149.03,3.78,55.0
3921,2026-09-14 17:47:55,DEL,ATQ,2026-09-15,T+1,3695.0,4269.84,2650.0,161.13,61.13,,,
3922,2026-09-14 17:48:09,DEL,IDR,2026-09-29,T+15,6109.0,6243.76,3050.0,204.71,104.71,,,
3923,2026-09-14 17:48:23,BOM,COK,2026-09-29,T+15,7144.0,7515.49,4250.0,176.84,76.84,,,
3924,2026-09-14 17:48:38,DEL,BOM,2026-09-21,T+7,6314.0,6549.49,4850.0,135.04,35.04,,,
3925,2026-09-14 17:48:52,BLR,DEL,2026-09-21,T+7,8257.0,8475.93,5200.0,163.0,63.0,,,
3926,2026-09-14 17:49:06,BLR,BOM,2026-09-15,T+1,5529.0,7641.21,3950.0,193.45,93.45,,,
3927,2026-09-14 17:49:21,DEL,CCU,2026-09-15,T+1,7271.0,8880.74,4750.0,186.96,86.96,,,
3928,2026-09-14 17:49:35,DEL,HYD,2026-09-15,T+1,8304.0,11768.3,4600.0,255.83,155.83,,,
3929,2026-09-14 17:49:49,DEL,PNQ,2026-09-21,T+7,6929.0,7226.3,4900.0,147.48,47.48,,,
3930,2026-09-14 17:50:03,BOM,GOI,2026-09-15,T+1,5073.0,10218.14,3100.0,329.62,229.62,,,
3931,2026-09-14 17:50:18,BOM,MAA,2026-09-29,T+15,6546.0,7675.95,4200.0,182.76,82.76,,,
3932,2026-09-14 17:50:49,DEL,BOM,2026-09-21,T+7,6314.0,6549.49,4850.0,135.04,35.04,,,
3933,2026-09-14 17:51:03,BLR,DEL,2026-09-29,T+15,8257.0,8658.87,5200.0,166.52,66.52,,,
3934,2026-09-14 17:51:17,BLR,BOM,2026-09-15,T+1,5529.0,7641.21,3950.0,193.45,93.45,,,
3935,2026-09-14 17:51:29,DEL,BOM,2026-09-15,T+1,6314.0,8047.24,4850.0,165.92,65.92,125.88,1.99,53.0
3936,2026-09-14 17:51:53,DEL,CCU,2026-09-21,T+7,7271.0,8707.36,4750.0,183.31,83.31,,,
3937,2026-09-14 17:52:07,DEL,HYD,2026-09-21,T+7,8094.0,8792.83,4600.0,191.15,91.15,,,
3938,2026-09-14 17:52:22,DEL,PNQ,2026-09-21,T+7,6929.0,7226.3,4900.0,147.48,47.48,,,
3939,2026-09-14 17:52:36,BOM,GOI,2026-09-29,T+15,4069.0,5336.45,3100.0,172.14,72.14,,,
3940,2026-09-14 17:52:50,BOM,MAA,2026-09-21,T+7,6546.0,7482.19,4200.0,178.15,78.15,,,
3941,2026-09-14 17:53:05,AMD,DEL,2026-09-15,T+1,5929.0,7544.0,3400.0,221.88,121.88,,,
3942,2026-09-14 17:53:19,BLR,HYD,2026-09-29,T+15,4288.0,5948.08,2950.0,201.63,101.63,,,
3943,2026-09-14 17:53:33,DEL,SXR,2026-09-29,T+15,6735.0,8702.37,4100.0,212.25,112.25,,,
3944,2026-09-14 17:53:59,DEL,GAU,2026-09-21,T+7,8189.0,10877.74,4750.0,229.01,129.01,,,
3945,2026-09-14 17:54:25,CCU,GAU,2026-09-15,T+1,4950.0,10740.42,2650.0,405.3,305.3,,,
3946,2026-09-14 17:54:52,DEL,IXZ,2026-09-29,T+15,4974.0,14983.98,6400.0,234.12,134.12,,,
3947,2026-09-14 17:55:07,DEL,IXL,2026-09-15,T+1,7738.0,7851.83,4750.0,165.3,65.3,,,
3948,2026-09-14 17:55:21,DEL,COK,2026-09-15,T+1,10715.0,11168.08,5450.0,204.92,104.92,,,
3949,2026-09-14 17:55:35,DEL,PAT,2026-09-15,T+1,6217.0,7191.18,3650.0,197.02,97.02,,,
3950,2026-09-14 17:55:50,DEL,LKO,2026-09-15,T+1,3800.0,4271.38,2950.0,144.79,44.79,,,
3951,2026-09-14 17:56:05,BOM,JAI,2026-09-21,T+7,6895.0,7963.97,3650.0,218.19,118.19,,,
3952,2026-09-14 17:56:19,BOM,AMD,2026-09-15,T+1,4164.0,6472.48,2450.0,264.18,164.18,,,
3953,2026-09-14 17:56:33,MAA,BLR,2026-09-15,T+1,4293.0,5697.92,2250.0,253.24,153.24,,,
3954,2026-09-14 17:56:48,DEL,BBI,2026-09-15,T+1,10195.0,11294.16,4150.0,272.15,172.15,,,
3955,2026-09-14 17:57:03,DEL,ATQ,2026-09-29,T+15,3695.0,3837.26,2650.0,144.8,44.8,,,
3956,2026-09-14 17:57:17,DEL,IDR,2026-09-29,T+15,6109.0,6243.76,3050.0,204.71,104.71,,,
3957,2026-09-14 17:57:31,BOM,COK,2026-09-15,T+1,6988.0,7158.51,4250.0,168.44,68.44,,,
3958,2026-09-14 17:57:46,DEL,BOM,2026-09-21,T+7,6314.0,6556.59,4850.0,135.19,35.19,,,
3959,2026-09-14 17:58:00,BLR,DEL,2026-09-29,T+15,8257.0,8658.87,5200.0,166.52,66.52,,,
3960,2026-09-14 17:58:15,BLR,BOM,2026-09-15,T+1,5529.0,7641.21,3950.0,193.45,93.45,,,
3961,2026-09-14 17:58:30,DEL,CCU,2026-09-29,T+15,7271.0,8673.23,4750.0,182.59,82.59,,,
3962,2026-09-14 17:58:44,DEL,HYD,2026-09-29,T+15,7884.0,8890.25,4600.0,193.27,93.27,,,
3963,2026-09-14 17:58:59,DEL,PNQ,2026-09-21,T+7,6929.0,7226.3,4900.0,147.48,47.48,,,
3964,2026-09-14 17:59:13,BOM,GOI,2026-09-21,T+7,3964.0,5512.04,3100.0,177.81,77.81,,,
3965,2026-09-14 17:59:28,BOM,MAA,2026-09-15,T+1,6546.0,7382.14,4200.0,175.77,75.77,,,
3966,2026-09-14 17:59:42,AMD,DEL,2026-09-29,T+15,5985.0,6163.68,3400.0,181.28,81.28,,,
3967,2026-09-14 17:59:57,BLR,HYD,2026-09-15,T+1,6569.0,9909.8,2950.0,335.93,235.93,,,
3968,2026-09-14 18:00:11,DEL,SXR,2026-09-15,T+1,7265.0,11897.77,4100.0,290.19,190.19,,,
3969,2026-09-14 18:00:36,DEL,GAU,2026-09-29,T+15,8189.0,11120.58,4750.0,234.12,134.12,,,
3970,2026-09-14 18:01:02,CCU,GAU,2026-09-15,T+1,4950.0,10505.1,2650.0,396.42,296.42,,,
3971,2026-09-14 18:01:33,DEL,IXZ,2026-09-29,T+15,4974.0,14976.76,6400.0,234.01,134.01,,,
3972,2026-09-14 18:01:47,DEL,IXL,2026-09-29,T+15,7738.0,7754.24,4750.0,163.25,63.25,,,
3973,2026-09-14 18:02:02,DEL,COK,2026-09-15,T+1,10715.0,11168.08,5450.0,204.92,104.92,,,
3974,2026-09-14 18:02:17,DEL,PAT,2026-09-15,T+1,6217.0,7191.18,3650.0,197.02,97.02,,,
3975,2026-09-14 18:02:31,DEL,LKO,2026-09-29,T+15,3800.0,4052.65,2950.0,137.38,37.38,,,
3976,2026-09-14 18:02:35,DEL,BOM,2026-09-15,T+1,6314.0,6750.65,4850.0,139.19,39.19,147.98,3.69,45.0
3977,2026-09-14 18:02:58,BOM,JAI,2026-09-21,T+7,6895.0,7963.97,3650.0,218.19,118.19,,,
3978,2026-09-14 18:03:13,BOM,AMD,2026-09-15,T+1,4164.0,6480.18,2450.0,264.5,164.5,,,
3979,2026-09-14 18:03:27,MAA,BLR,2026-09-21,T+7,4293.0,4376.1,2250.0,194.49,94.49,,,
3980,2026-09-14 18:03:41,DEL,BBI,2026-09-15,T+1,10195.0,11294.16,4150.0,272.15,172.15,,,
3981,2026-09-14 18:03:55,DEL,ATQ,2026-09-29,T+15,3695.0,3837.26,2650.0,144.8,44.8,,,
3982,2026-09-14 18:04:09,DEL,IDR,2026-09-21,T+7,6109.0,6353.12,3050.0,208.3,108.3,,,
3983,2026-09-14 18:04:23,BOM,COK,2026-09-15,T+1,6988.0,7158.51,4250.0,168.44,68.44,,,
3984,2026-09-14 18:04:38,DEL,BOM,2026-09-21,T+7,6314.0,6556.59,4850.0,135.19,35.19,,,
3985,2026-09-14 18:04:53,BLR,DEL,2026-09-21,T+7,8257.0,8475.93,5200.0,163.0,63.0,,,
3986,2026-09-14 18:05:07,BLR,BOM,2026-09-21,T+7,4637.0,6862.73,3950.0,173.74,73.74,,,
3987,2026-09-14 18:05:21,DEL,CCU,2026-09-29,T+15,7271.0,8673.23,4750.0,182.59,82.59,,,
3988,2026-09-14 18:05:36,DEL,HYD,2026-09-15,T+1,8304.0,11768.3,4600.0,255.83,155.83,,,
3989,2026-09-14 18:05:50,DEL,PNQ,2026-09-21,T+7,6929.0,7226.3,4900.0,147.48,47.48,,,
3990,2026-09-14 18:06:05,BOM,GOI,2026-09-15,T+1,5073.0,10218.14,3100.0,329.62,229.62,,,
3991,2026-09-14 18:06:19,BOM,MAA,2026-09-15,T+1,6546.0,7382.14,4200.0,175.77,75.77,,,
3992,2026-09-14 18:06:34,AMD,DEL,2026-09-15,T+1,5929.0,7557.11,3400.0,222.27,122.27,,,
3993,2026-09-14 18:06:48,BLR,HYD,2026-09-21,T+7,5358.0,7603.87,2950.0,257.76,157.76,,,
3994,2026-09-14 18:07:02,DEL,SXR,2026-09-21,T+7,6623.0,8041.02,4100.0,196.12,96.12,,,
3995,2026-09-14 18:07:32,DEL,GAU,2026-09-21,T+7,8189.0,10852.67,4750.0,228.48,128.48,,,
3996,2026-09-14 18:08:00,CCU,GAU,2026-09-21,T+7,4386.0,9110.11,2650.0,343.78,243.78,,,
3997,2026-09-14 18:08:28,DEL,IXZ,2026-09-29,T+15,4974.0,14976.76,6400.0,234.01,134.01,,,
3998,2026-09-14 18:08:42,DEL,IXL,2026-09-15,T+1,7738.0,7851.83,4750.0,165.3,65.3,,,
3999,2026-09-14 18:08:56,DEL,COK,2026-09-29,T+15,10715.0,13002.81,5450.0,238.58,138.58,,,
4000,2026-09-14 18:09:11,DEL,PAT,2026-09-21,T+7,6249.0,6466.18,3650.0,177.16,77.16,,,
4001,2026-09-14 18:09:25,DEL,LKO,2026-09-29,T+15,3800.0,4052.65,2950.0,137.38,37.38,,,
4002,2026-09-14 18:09:40,BOM,JAI,2026-09-21,T+7,6895.0,7963.97,3650.0,218.19,118.19,,,
4003,2026-09-14 18:09:54,BOM,AMD,2026-09-29,T+15,4164.0,5767.15,2450.0,235.39,135.39,,,
4004,2026-09-14 18:10:09,MAA,BLR,2026-09-15,T+1,4293.0,6444.79,2250.0,286.44,186.44,,,
4005,2026-09-14 18:10:23,DEL,BBI,2026-09-15,T+1,10195.0,11294.16,4150.0,272.15,172.15,,,
4006,2026-09-14 18:10:37,DEL,ATQ,2026-09-29,T+15,3695.0,3837.26,2650.0,144.8,44.8,,,
4007,2026-09-14 18:10:52,DEL,IDR,2026-09-21,T+7,6109.0,6353.12,3050.0,208.3,108.3,,,
4008,2026-09-14 18:11:06,BOM,COK,2026-09-21,T+7,7144.0,7161.88,4250.0,168.51,68.51,,,
4009,2026-09-14 18:11:21,DEL,BOM,2026-09-21,T+7,6314.0,6556.59,4850.0,135.19,35.19,,,
4010,2026-09-14 18:11:36,BLR,DEL,2026-09-29,T+15,8257.0,8657.1,5200.0,166.48,66.48,,,
4011,2026-09-14 18:11:51,BLR,BOM,2026-09-15,T+1,5530.0,7760.79,3950.0,196.48,96.48,,,
4012,2026-09-14 18:12:05,DEL,CCU,2026-09-15,T+1,7271.0,8929.24,4750.0,187.98,87.98,,,
4013,2026-09-14 18:12:20,DEL,HYD,2026-09-15,T+1,8304.0,11794.18,4600.0,256.4,156.4,,,
4014,2026-09-14 18:12:35,DEL,PNQ,2026-09-29,T+15,6929.0,7512.61,4900.0,153.32,53.32,,,
4015,2026-09-14 18:12:49,BOM,GOI,2026-09-21,T+7,3964.0,5512.04,3100.0,177.81,77.81,,,
4016,2026-09-14 18:13:03,BOM,MAA,2026-09-15,T+1,6546.0,7382.14,4200.0,175.77,75.77,,,
4017,2026-09-14 18:13:17,AMD,DEL,2026-09-29,T+15,5985.0,6163.68,3400.0,181.28,81.28,,,
4018,2026-09-14 18:13:32,BLR,HYD,2026-09-29,T+15,4288.0,5948.08,2950.0,201.63,101.63,,,
4019,2026-09-14 18:13:46,DEL,SXR,2026-09-29,T+15,6735.0,8702.37,4100.0,212.25,112.25,,,
4020,2026-09-14 18:14:13,DEL,GAU,2026-09-15,T+1,8189.0,11610.51,4750.0,244.43,144.43,,,
4021,2026-09-14 18:14:40,CCU,GAU,2026-09-21,T+7,4386.0,9110.11,2650.0,343.78,243.78,,,
4022,2026-09-14 18:15:08,DEL,IXZ,2026-09-15,T+1,4974.0,17539.32,6400.0,274.05,174.05,,,
4023,2026-09-14 18:15:23,DEL,IXL,2026-09-21,T+7,7738.0,7758.8,4750.0,163.34,63.34,,,
4024,2026-09-14 18:15:37,DEL,COK,2026-09-15,T+1,10715.0,11168.08,5450.0,204.92,104.92,,,
4025,2026-09-14 18:15:52,DEL,PAT,2026-09-29,T+15,6217.0,6464.29,3650.0,177.1,77.1,,,
4026,2026-09-14 18:16:06,DEL,LKO,2026-09-29,T+15,3800.0,4052.65,2950.0,137.38,37.38,,,
4027,2026-09-14 18:16:20,BOM,JAI,2026-09-21,T+7,6895.0,7963.97,3650.0,218.19,118.19,,,
4028,2026-09-14 18:16:35,BOM,AMD,2026-09-21,T+7,4218.0,6692.89,2450.0,273.18,173.18,,,
4029,2026-09-14 18:16:49,MAA,BLR,2026-09-15,T+1,4293.0,5665.07,2250.0,251.78,151.78,,,
4030,2026-09-14 18:17:04,DEL,BBI,2026-09-29,T+15,9145.0,10438.09,4150.0,251.52,151.52,,,
4031,2026-09-14 18:17:18,DEL,ATQ,2026-09-21,T+7,3696.0,4020.21,2650.0,151.71,51.71,,,
4032,2026-09-14 18:17:32,DEL,IDR,2026-09-21,T+7,6109.0,6353.12,3050.0,208.3,108.3,,,
4033,2026-09-14 18:17:46,BOM,COK,2026-09-21,T+7,7144.0,7161.88,4250.0,168.51,68.51,,,
4034,2026-09-14 18:18:01,DEL,BOM,2026-09-15,T+1,6314.0,6768.22,4850.0,139.55,39.55,,,
4035,2026-09-14 18:18:16,BLR,DEL,2026-09-29,T+15,8257.0,8657.1,5200.0,166.48,66.48,,,
4036,2026-09-14 18:18:30,BLR,BOM,2026-09-15,T+1,5530.0,7725.69,3950.0,195.59,95.59,,,
4037,2026-09-14 18:18:45,DEL,CCU,2026-09-15,T+1,7271.0,8929.24,4750.0,187.98,87.98,,,
4038,2026-09-14 18:18:59,DEL,HYD,2026-09-29,T+15,7884.0,8890.25,4600.0,193.27,93.27,,,
4039,2026-09-14 18:19:14,DEL,PNQ,2026-09-15,T+1,6929.0,7901.98,4900.0,161.26,61.26,,,
4040,2026-09-14 18:19:28,BOM,GOI,2026-09-29,T+15,4069.0,5332.02,3100.0,172.0,72.0,,,
4041,2026-09-14 18:19:42,BOM,MAA,2026-09-21,T+7,6546.0,7431.87,4200.0,176.95,76.95,,,
4042,2026-09-14 18:19:57,AMD,DEL,2026-09-29,T+15,5985.0,6163.68,3400.0,181.28,81.28,,,
4043,2026-09-14 18:20:11,BLR,HYD,2026-09-21,T+7,5358.0,6935.98,2950.0,235.12,135.12,,,
4044,2026-09-14 18:20:25,DEL,SXR,2026-09-21,T+7,6623.0,8041.02,4100.0,196.12,96.12,,,
4045,2026-09-14 18:20:53,DEL,GAU,2026-09-29,T+15,8189.0,11082.83,4750.0,233.32,133.32,,,
4046,2026-09-14 18:21:19,CCU,GAU,2026-09-29,T+15,4069.0,8779.43,2650.0,331.3,231.3,,,
4047,2026-09-14 18:21:49,DEL,IXZ,2026-09-21,T+7,4974.0,13229.84,6400.0,206.72,106.72,,,
4048,2026-09-14 18:22:03,DEL,IXL,2026-09-21,T+7,7738.0,7758.8,4750.0,163.34,63.34,,,
4049,2026-09-14 18:22:17,DEL,COK,2026-09-21,T+7,10715.0,11307.31,5450.0,207.47,107.47,,,
4050,2026-09-14 18:22:32,DEL,PAT,2026-09-15,T+1,6217.0,7195.27,3650.0,197.13,97.13,,,
4051,2026-09-14 18:22:46,DEL,LKO,2026-09-29,T+15,3800.0,4052.65,2950.0,137.38,37.38,,,
4052,2026-09-14 18:23:01,BOM,JAI,2026-09-21,T+7,6895.0,7963.97,3650.0,218.19,118.19,,,
4053,2026-09-14 18:23:13,DEL,BOM,2026-09-15,T+1,6314.0,8351.97,4850.0,172.21,72.21,144.34,3.41,52.0
4054,2026-09-14 18:23:37,BOM,AMD,2026-09-29,T+15,4164.0,5767.15,2450.0,235.39,135.39,,,
4055,2026-09-14 18:23:52,MAA,BLR,2026-09-15,T+1,4293.0,5665.07,2250.0,251.78,151.78,,,
4056,2026-09-14 18:24:06,DEL,BBI,2026-09-29,T+15,9145.0,10438.09,4150.0,251.52,151.52,,,
4057,2026-09-14 18:24:20,DEL,ATQ,2026-09-29,T+15,3695.0,3837.26,2650.0,144.8,44.8,,,
4058,2026-09-14 18:24:35,DEL,IDR,2026-09-15,T+1,6109.0,6480.72,3050.0,212.48,112.48,,,
4059,2026-09-14 18:24:49,BOM,COK,2026-09-15,T+1,7144.0,7161.88,4250.0,168.51,68.51,,,
4060,2026-09-14 18:25:04,DEL,BOM,2026-09-15,T+1,6301.0,8405.98,4850.0,173.32,73.32,,,
4061,2026-09-14 18:25:19,BLR,DEL,2026-09-21,T+7,8257.0,8475.93,5200.0,163.0,63.0,,,
4062,2026-09-14 18:25:33,BLR,BOM,2026-09-29,T+15,4164.0,6336.85,3950.0,160.43,60.43,,,
4063,2026-09-14 18:25:48,DEL,CCU,2026-09-29,T+15,7271.0,8673.23,4750.0,182.59,82.59,,,
4064,2026-09-14 18:26:03,DEL,HYD,2026-09-29,T+15,7884.0,8890.25,4600.0,193.27,93.27,,,
4065,2026-09-14 18:26:17,DEL,PNQ,2026-09-15,T+1,6929.0,7802.38,4900.0,159.23,59.23,,,
4066,2026-09-14 18:26:31,BOM,GOI,2026-09-29,T+15,4069.0,5304.36,3100.0,171.11,71.11,,,
4067,2026-09-14 18:26:46,BOM,MAA,2026-09-29,T+15,6546.0,7571.72,4200.0,180.28,80.28,,,
4068,2026-09-14 18:27:01,AMD,DEL,2026-09-29,T+15,5985.0,6163.68,3400.0,181.28,81.28,,,
4069,2026-09-14 18:27:15,BLR,HYD,2026-09-15,T+1,6569.0,9705.05,2950.0,328.98,228.98,,,
4070,2026-09-14 18:27:29,DEL,SXR,2026-09-21,T+7,6623.0,8041.02,4100.0,196.12,96.12,,,
4071,2026-09-14 18:27:56,DEL,GAU,2026-09-21,T+7,8189.0,10852.67,4750.0,228.48,128.48,,,
4072,2026-09-14 18:28:23,CCU,GAU,2026-09-21,T+7,4386.0,9061.25,2650.0,341.93,241.93,,,
4073,2026-09-14 18:28:52,DEL,IXZ,2026-09-29,T+15,4974.0,14976.76,6400.0,234.01,134.01,,,
4074,2026-09-14 18:29:06,DEL,IXL,2026-09-29,T+15,7738.0,7754.24,4750.0,163.25,63.25,,,
4075,2026-09-14 18:29:20,DEL,COK,2026-09-15,T+1,10715.0,11168.08,5450.0,204.92,104.92,,,
4076,2026-09-14 18:29:34,DEL,PAT,2026-09-29,T+15,6217.0,6464.29,3650.0,177.1,77.1,,,
4077,2026-09-14 18:29:49,DEL,LKO,2026-09-29,T+15,3800.0,4052.65,2950.0,137.38,37.38,,,
4078,2026-09-14 18:30:03,BOM,JAI,2026-09-22,T+7,6976.0,8589.5,3650.0,235.33,135.33,,,
4079,2026-09-14 18:30:17,BOM,AMD,2026-09-16,T+1,4727.0,8084.82,2450.0,329.99,229.99,,,
4080,2026-09-14 18:30:31,MAA,BLR,2026-09-16,T+1,4293.0,5756.7,2250.0,255.85,155.85,,,
4081,2026-09-14 18:30:46,DEL,BBI,2026-09-16,T+1,12400.0,15545.13,4150.0,374.58,274.58,,,
4082,2026-09-14 18:31:00,DEL,ATQ,2026-09-16,T+1,3696.0,3839.77,2650.0,144.9,44.9,,,
4083,2026-09-14 18:31:14,DEL,IDR,2026-09-16,T+1,6109.0,6407.81,3050.0,210.09,110.09,,,
4084,2026-09-14 18:31:28,BOM,COK,2026-09-16,T+1,7144.0,7273.01,4250.0,171.13,71.13,,,
4085,2026-09-14 18:31:43,DEL,BOM,2026-09-30,T+15,6314.0,7110.88,4850.0,146.62,46.62,,,
4086,2026-09-14 18:31:58,BLR,DEL,2026-09-16,T+1,8257.0,11048.29,5200.0,212.47,112.47,,,
4087,2026-09-14 18:32:13,BLR,BOM,2026-09-16,T+1,6877.0,9960.13,3950.0,252.16,152.16,,,
4088,2026-09-14 18:32:28,DEL,CCU,2026-09-16,T+1,7271.0,9018.37,4750.0,189.86,89.86,,,
4089,2026-09-14 18:32:42,DEL,HYD,2026-09-16,T+1,8589.0,10018.49,4600.0,217.79,117.79,,,
4090,2026-09-14 18:32:57,DEL,PNQ,2026-09-16,T+1,6929.0,7829.97,4900.0,159.8,59.8,,,
4091,2026-09-14 18:33:11,BOM,GOI,2026-09-22,T+7,3789.0,5767.24,3100.0,186.04,86.04,,,
4092,2026-09-14 18:33:25,BOM,MAA,2026-09-22,T+7,6443.0,6743.76,4200.0,160.57,60.57,,,
4093,2026-09-14 18:33:39,AMD,DEL,2026-09-16,T+1,5929.0,10386.85,3400.0,305.5,205.5,,,
4094,2026-09-14 18:33:54,BLR,HYD,2026-09-30,T+15,4613.0,5452.48,2950.0,184.83,84.83,,,
4095,2026-09-14 18:34:08,DEL,SXR,2026-09-30,T+15,6735.0,7935.26,4100.0,193.54,93.54,,,
4096,2026-09-14 18:34:35,DEL,GAU,2026-09-16,T+1,8189.0,11288.91,4750.0,237.66,137.66,,,
4097,2026-09-14 18:35:01,CCU,GAU,2026-09-30,T+15,4800.0,9119.54,2650.0,344.13,244.13,,,
4098,2026-09-14 18:35:29,DEL,IXZ,2026-09-16,T+1,4974.0,16991.44,6400.0,265.49,165.49,,,
4099,2026-09-14 18:35:43,DEL,IXL,2026-09-30,T+15,7738.0,7754.24,4750.0,163.25,63.25,,,
4100,2026-09-14 18:35:58,DEL,COK,2026-09-22,T+7,11454.0,13203.09,5450.0,242.26,142.26,,,
4101,2026-09-14 18:36:13,DEL,PAT,2026-09-16,T+1,6217.0,6500.87,3650.0,178.11,78.11,,,
4102,2026-09-14 18:36:27,DEL,LKO,2026-09-30,T+15,3800.0,4089.46,2950.0,138.63,38.63,,,
4103,2026-09-14 18:36:41,DEL,BOM,2026-09-15,T+0,6314.0,8412.93,4850.0,173.46,73.46,150.97,3.92,52.0
4104,2026-09-14 18:37:05,BOM,JAI,2026-09-16,T+1,6994.0,10639.46,3650.0,291.49,191.49,,,
4105,2026-09-14 18:37:19,BOM,AMD,2026-09-16,T+1,4727.0,8130.99,2450.0,331.88,231.88,,,
4106,2026-09-14 18:37:34,MAA,BLR,2026-09-30,T+15,4293.0,5092.06,2250.0,226.31,126.31,,,
4107,2026-09-14 18:37:48,DEL,BBI,2026-09-22,T+7,9144.0,9721.43,4150.0,234.25,134.25,,,
4108,2026-09-14 18:38:03,DEL,ATQ,2026-09-16,T+1,3696.0,3839.77,2650.0,144.9,44.9,,,
4109,2026-09-14 18:38:17,DEL,IDR,2026-09-30,T+15,6109.0,6486.5,3050.0,212.67,112.67,,,
4110,2026-09-14 18:38:31,BOM,COK,2026-09-16,T+1,7144.0,7273.01,4250.0,171.13,71.13,,,
4111,2026-09-14 18:38:46,DEL,BOM,2026-09-22,T+7,5985.0,6581.37,4850.0,135.7,35.7,,,
4112,2026-09-14 18:38:57,DEL,BOM,2026-09-20,T+5,6314.0,7822.81,4850.0,161.3,61.3,148.38,3.73,55.0
4113,2026-09-14 18:39:22,BLR,DEL,2026-09-22,T+7,8065.0,8279.31,5200.0,159.22,59.22,,,
4114,2026-09-14 18:39:36,BLR,BOM,2026-09-30,T+15,4164.0,6572.34,3950.0,166.39,66.39,,,
4115,2026-09-14 18:39:50,DEL,CCU,2026-09-30,T+15,7271.0,9208.45,4750.0,193.86,93.86,,,
4116,2026-09-14 18:40:05,DEL,HYD,2026-09-16,T+1,8589.0,10018.49,4600.0,217.79,117.79,,,
4117,2026-09-14 18:40:19,DEL,PNQ,2026-09-22,T+7,6686.0,7034.84,4900.0,143.57,43.57,,,
4118,2026-09-14 18:40:33,BOM,GOI,2026-09-30,T+15,7557.0,10025.84,3100.0,323.41,223.41,,,
4119,2026-09-14 18:40:48,BOM,MAA,2026-09-22,T+7,6443.0,6743.76,4200.0,160.57,60.57,,,
4120,2026-09-15 04:43:18,DEL,BOM,2026-09-22,T+7,5985.0,6860.18,4850.0,141.45,41.45,,,
4121,2026-09-15 04:43:35,BLR,DEL,2026-09-16,T+1,8257.0,10814.43,5200.0,207.97,107.97,,,
4122,2026-09-15 04:43:58,BLR,BOM,2026-09-30,T+15,4164.0,6483.73,3950.0,164.15,64.15,,,
4123,2026-09-15 04:44:25,DEL,CCU,2026-09-22,T+7,7263.0,8876.18,4750.0,186.87,86.87,,,
4124,2026-09-15 04:44:49,DEL,HYD,2026-09-22,T+7,7884.0,8974.11,4600.0,195.09,95.09,,,
4125,2026-09-15 04:45:11,DEL,PNQ,2026-09-22,T+7,6555.0,7084.76,4900.0,144.59,44.59,,,
4126,2026-09-15 04:45:33,BOM,GOI,2026-09-16,T+1,5520.0,8988.43,3100.0,289.95,189.95,,,
4127,2026-09-15 04:45:57,BOM,MAA,2026-09-16,T+1,6546.0,7741.16,4200.0,184.31,84.31,,,
4128,2026-09-15 04:46:19,AMD,DEL,2026-09-30,T+15,5985.0,6211.9,3400.0,182.7,82.7,,,
4129,2026-09-15 04:46:41,BLR,HYD,2026-09-22,T+7,4473.0,6258.7,2950.0,212.16,112.16,,,
4130,2026-09-15 04:47:02,DEL,SXR,2026-09-16,T+1,6908.0,7734.57,4100.0,188.65,88.65,,,
4131,2026-09-15 04:47:59,DEL,GAU,2026-09-16,T+1,8189.0,11307.51,4750.0,238.05,138.05,,,
4132,2026-09-15 04:48:49,CCU,GAU,2026-09-30,T+15,4800.0,9076.4,2650.0,342.51,242.51,,,
4133,2026-09-15 04:49:47,DEL,IXZ,2026-09-16,T+1,5180.0,17101.9,6400.0,267.22,167.22,,,
4134,2026-09-15 04:49:57,DEL,BOM,2026-09-16,T+1,6314.0,7007.59,4850.0,144.49,44.49,137.39,2.88,57.0
4135,2026-09-15 04:50:04,DEL,BOM,2026-09-16,T+1,6314.0,7007.59,4850.0,144.49,44.49,137.39,2.88,57.0
4136,2026-09-15 04:50:20,DEL,IXL,2026-09-16,T+1,7738.0,7875.09,4750.0,165.79,65.79,,,
4137,2026-09-15 04:50:28,DEL,BOM,2026-09-16,T+1,6314.0,7007.59,4850.0,144.49,44.49,137.04,2.85,57.0
4138,2026-09-15 04:50:38,DEL,COK,2026-09-16,T+1,10715.0,11698.44,5450.0,214.65,114.65,,,
4139,2026-09-15 04:50:54,DEL,PAT,2026-09-22,T+7,6029.0,6388.18,3650.0,175.02,75.02,,,
4140,2026-09-15 04:51:17,DEL,LKO,2026-09-22,T+7,3800.0,4052.65,2950.0,137.38,37.38,,,
4141,2026-09-15 04:51:38,BOM,JAI,2026-09-30,T+15,7777.0,8866.76,3650.0,242.92,142.92,,,
4142,2026-09-15 04:51:59,BOM,AMD,2026-09-30,T+15,4584.0,5313.62,2450.0,216.88,116.88,,,
4143,2026-09-15 04:52:21,MAA,BLR,2026-09-22,T+7,4129.0,4749.12,2250.0,211.07,111.07,,,
4144,2026-09-15 04:52:38,DEL,BBI,2026-09-16,T+1,11140.0,15020.64,4150.0,361.94,261.94,,,
4145,2026-09-15 04:52:56,DEL,ATQ,2026-09-30,T+15,3696.0,4927.78,2650.0,185.95,85.95,,,
4146,2026-09-15 04:53:15,DEL,IDR,2026-09-22,T+7,6109.0,6695.08,3050.0,219.51,119.51,,,
4147,2026-09-15 04:53:36,BOM,COK,2026-09-16,T+1,6865.0,7120.94,4250.0,167.55,67.55,,,
4148,2026-09-15 04:54:07,DEL,BOM,2026-09-22,T+7,5985.0,6637.02,4850.0,136.85,36.85,,,
4149,2026-09-15 04:54:25,BLR,DEL,2026-09-22,T+7,8065.0,8284.61,5200.0,159.32,59.32,,,
4150,2026-09-15 04:54:45,BLR,BOM,2026-09-22,T+7,4164.0,6244.53,3950.0,158.09,58.09,,,
4151,2026-09-15 04:55:06,DEL,CCU,2026-09-22,T+7,7263.0,8876.18,4750.0,186.87,86.87,,,
4152,2026-09-15 04:55:37,DEL,HYD,2026-09-22,T+7,7884.0,8974.11,4600.0,195.09,95.09,,,
4153,2026-09-15 04:56:07,DEL,PNQ,2026-09-16,T+1,6929.0,7496.49,4900.0,152.99,52.99,,,
4154,2026-09-15 04:56:36,BOM,GOI,2026-09-22,T+7,3964.0,5938.96,3100.0,191.58,91.58,,,
4155,2026-09-15 04:57:20,BOM,MAA,2026-09-22,T+7,6443.0,6704.47,4200.0,159.63,59.63,,,
4156,2026-09-15 04:58:22,BLR,BOM,2026-09-22,T+7,4164.0,6244.53,3950.0,158.09,58.09,138.95,3.0,32.0
4157,2026-09-15 04:58:31,AMD,DEL,2026-09-22,T+7,5985.0,6190.69,3400.0,182.08,82.08,,,
4158,2026-09-15 04:58:53,BLR,HYD,2026-09-22,T+7,4473.0,5938.12,2950.0,201.29,101.29,,,
4159,2026-09-15 04:59:15,DEL,SXR,2026-09-22,T+7,6608.0,9115.47,4100.0,222.33,122.33,,,
4160,2026-09-15 05:00:06,DEL,GAU,2026-09-30,T+15,8189.0,11307.51,4750.0,238.05,138.05,,,
4161,2026-09-15 05:00:53,CCU,GAU,2026-09-22,T+7,4800.0,9076.4,2650.0,342.51,242.51,,,
4162,2026-09-15 05:01:22,DEL,IXZ,2026-09-16,T+1,5011.0,17337.39,6400.0,270.9,170.9,,,
4163,2026-09-15 05:01:36,DEL,IXL,2026-09-30,T+15,7738.0,7758.61,4750.0,163.34,63.34,,,
4164,2026-09-15 05:01:51,DEL,COK,2026-09-30,T+15,13272.0,14719.15,5450.0,270.08,170.08,,,
4165,2026-09-15 05:02:06,DEL,PAT,2026-09-30,T+15,6217.0,6432.07,3650.0,176.22,76.22,,,
4166,2026-09-15 05:02:20,DEL,LKO,2026-09-16,T+1,3800.0,5469.84,2950.0,185.42,85.42,,,
4167,2026-09-15 05:02:34,BOM,JAI,2026-09-22,T+7,6976.0,8184.13,3650.0,224.22,124.22,,,
4168,2026-09-15 05:02:49,BOM,AMD,2026-09-22,T+7,4374.0,6608.65,2450.0,269.74,169.74,,,
4169,2026-09-15 05:03:03,MAA,BLR,2026-09-30,T+15,4293.0,5078.14,2250.0,225.7,125.7,,,
4170,2026-09-15 05:03:17,DEL,BBI,2026-09-30,T+15,10025.0,11710.79,4150.0,282.19,182.19,,,
4171,2026-09-15 05:03:31,DEL,ATQ,2026-09-22,T+7,3696.0,3846.92,2650.0,145.17,45.17,,,
4172,2026-09-15 05:03:45,DEL,IDR,2026-09-16,T+1,6109.0,6298.44,3050.0,206.51,106.51,,,
4173,2026-09-15 05:04:00,BOM,COK,2026-09-30,T+15,7144.0,11414.44,4250.0,268.58,168.58,,,
4174,2026-09-15 05:04:14,DEL,BOM,2026-09-30,T+15,6314.0,7106.34,4850.0,146.52,46.52,,,
4175,2026-09-15 05:04:29,BLR,DEL,2026-09-30,T+15,8257.0,9473.95,5200.0,182.19,82.19,,,
4176,2026-09-15 05:04:44,BLR,BOM,2026-09-16,T+1,6684.0,9995.13,3950.0,253.04,153.04,,,
4177,2026-09-15 05:04:59,DEL,CCU,2026-09-22,T+7,7263.0,8872.5,4750.0,186.79,86.79,,,
4178,2026-09-15 05:05:13,DEL,HYD,2026-09-30,T+15,7884.0,9002.84,4600.0,195.71,95.71,,,
4179,2026-09-15 05:05:28,DEL,PNQ,2026-09-16,T+1,6929.0,7531.9,4900.0,153.71,53.71,,,
4180,2026-09-15 05:05:42,BOM,GOI,2026-09-16,T+1,5520.0,8988.43,3100.0,289.95,189.95,,,
4181,2026-09-15 05:05:56,BOM,MAA,2026-09-30,T+15,6358.0,6919.54,4200.0,164.75,64.75,,,
4182,2026-09-15 05:06:11,AMD,DEL,2026-09-30,T+15,5985.0,6211.9,3400.0,182.7,82.7,,,
4183,2026-09-15 05:06:26,BLR,HYD,2026-09-22,T+7,4473.0,5938.12,2950.0,201.29,101.29,,,
4184,2026-09-15 05:06:40,DEL,SXR,2026-09-30,T+15,6735.0,7980.89,4100.0,194.66,94.66,,,
4185,2026-09-15 05:07:10,DEL,GAU,2026-09-22,T+7,7655.0,10700.17,4750.0,225.27,125.27,,,
4186,2026-09-15 05:07:34,CCU,GAU,2026-09-22,T+7,5335.0,9890.02,2650.0,373.21,273.21,,,
4187,2026-09-15 05:08:02,DEL,IXZ,2026-09-30,T+15,5011.0,15139.9,6400.0,236.56,136.56,,,
4188,2026-09-15 05:08:16,DEL,IXL,2026-09-22,T+7,7738.0,7754.24,4750.0,163.25,63.25,,,
4189,2026-09-15 05:08:32,DEL,COK,2026-09-16,T+1,10715.0,11698.44,5450.0,214.65,114.65,,,
4190,2026-09-15 05:08:46,DEL,PAT,2026-09-16,T+1,6217.0,6598.12,3650.0,180.77,80.77,,,
4191,2026-09-15 05:09:00,DEL,LKO,2026-09-16,T+1,3800.0,5371.62,2950.0,182.09,82.09,,,
4192,2026-09-15 05:09:14,BOM,JAI,2026-09-16,T+1,6994.0,10304.03,3650.0,282.3,182.3,,,
4193,2026-09-15 05:09:28,BOM,AMD,2026-09-22,T+7,4374.0,6608.65,2450.0,269.74,169.74,,,
4194,2026-09-15 05:09:42,MAA,BLR,2026-09-30,T+15,4293.0,5078.14,2250.0,225.7,125.7,,,
4195,2026-09-15 05:09:57,DEL,BBI,2026-09-22,T+7,9144.0,9776.11,4150.0,235.57,135.57,,,
4196,2026-09-15 05:10:11,DEL,ATQ,2026-09-16,T+1,3696.0,3839.77,2650.0,144.9,44.9,,,
4197,2026-09-15 05:10:26,DEL,IDR,2026-09-22,T+7,6109.0,6695.08,3050.0,219.51,119.51,,,
4198,2026-09-15 05:10:40,BOM,COK,2026-09-16,T+1,6865.0,7120.94,4250.0,167.55,67.55,,,
4199,2026-09-15 05:10:55,DEL,BOM,2026-09-22,T+7,5985.0,6635.15,4850.0,136.81,36.81,,,
4200,2026-09-15 05:11:09,BLR,DEL,2026-09-22,T+7,8065.0,8284.61,5200.0,159.32,59.32,,,
4201,2026-09-15 05:11:24,BLR,BOM,2026-09-22,T+7,4164.0,6244.53,3950.0,158.09,58.09,,,
4202,2026-09-15 05:11:39,DEL,CCU,2026-09-30,T+15,7271.0,9162.12,4750.0,192.89,92.89,,,
4203,2026-09-15 05:11:53,DEL,HYD,2026-09-16,T+1,7884.0,9749.02,4600.0,211.94,111.94,,,
4204,2026-09-15 05:12:08,DEL,PNQ,2026-09-30,T+15,6929.0,7661.28,4900.0,156.35,56.35,,,
4205,2026-09-15 05:12:22,BOM,GOI,2026-09-30,T+15,7557.0,10025.84,3100.0,323.41,223.41,,,
4206,2026-09-15 05:12:38,BOM,MAA,2026-09-16,T+1,6546.0,7717.55,4200.0,183.75,83.75,,,
4207,2026-09-15 05:12:43,DEL,BOM,2026-09-16,T+1,6314.0,7061.22,4850.0,145.59,45.59,149.44,3.81,57.0
4208,2026-09-15 05:13:08,AMD,DEL,2026-09-30,T+15,5985.0,6211.9,3400.0,182.7,82.7,,,
4209,2026-09-15 05:13:23,BLR,HYD,2026-09-16,T+1,5358.0,8021.27,2950.0,271.91,171.91,,,
4210,2026-09-15 05:13:37,DEL,SXR,2026-09-30,T+15,6735.0,7980.89,4100.0,194.66,94.66,,,
4211,2026-09-15 05:14:07,DEL,GAU,2026-09-30,T+15,8189.0,11153.59,4750.0,234.81,134.81,,,
4212,2026-09-15 05:14:35,CCU,GAU,2026-09-22,T+7,5335.0,9890.02,2650.0,373.21,273.21,,,
4213,2026-09-15 05:15:01,DEL,IXZ,2026-09-16,T+1,5011.0,17337.39,6400.0,270.9,170.9,,,
4214,2026-09-15 05:15:15,DEL,IXL,2026-09-22,T+7,7738.0,7754.24,4750.0,163.25,63.25,,,
4215,2026-09-15 05:15:29,DEL,COK,2026-09-22,T+7,11346.0,12945.68,5450.0,237.54,137.54,,,
4216,2026-09-15 05:15:44,DEL,PAT,2026-09-22,T+7,6029.0,6388.18,3650.0,175.02,75.02,,,
4217,2026-09-15 05:15:59,DEL,LKO,2026-09-22,T+7,3800.0,4052.65,2950.0,137.38,37.38,,,
4218,2026-09-15 05:16:13,BOM,JAI,2026-09-16,T+1,6994.0,10253.43,3650.0,280.92,180.92,,,
4219,2026-09-15 05:16:27,BOM,AMD,2026-09-22,T+7,4374.0,6666.57,2450.0,272.1,172.1,,,
4220,2026-09-15 05:16:42,MAA,BLR,2026-09-16,T+1,4293.0,4526.23,2250.0,201.17,101.17,,,
4221,2026-09-15 05:16:56,DEL,BBI,2026-09-22,T+7,9144.0,9776.11,4150.0,235.57,135.57,,,
4222,2026-09-15 05:17:10,DEL,ATQ,2026-09-16,T+1,3696.0,3839.77,2650.0,144.9,44.9,,,
4223,2026-09-15 05:17:24,DEL,IDR,2026-09-30,T+15,6109.0,6496.76,3050.0,213.01,113.01,,,
4224,2026-09-15 05:17:38,BOM,COK,2026-09-22,T+7,7144.0,7297.89,4250.0,171.72,71.72,,,
4225,2026-09-15 05:17:53,DEL,BOM,2026-09-16,T+1,6314.0,6982.4,4850.0,143.97,43.97,,,
4226,2026-09-15 05:18:08,BLR,DEL,2026-09-30,T+15,8257.0,9473.95,5200.0,182.19,82.19,,,
4227,2026-09-15 05:18:23,BLR,BOM,2026-09-16,T+1,6684.0,8421.1,3950.0,213.19,113.19,,,
4228,2026-09-15 05:18:38,DEL,CCU,2026-09-30,T+15,7271.0,9162.12,4750.0,192.89,92.89,,,
4229,2026-09-15 05:18:53,DEL,HYD,2026-09-30,T+15,7884.0,9002.84,4600.0,195.71,95.71,,,
4230,2026-09-15 05:19:07,DEL,PNQ,2026-09-22,T+7,6555.0,7084.76,4900.0,144.59,44.59,,,
4231,2026-09-15 05:19:21,BOM,GOI,2026-09-22,T+7,3964.0,5938.96,3100.0,191.58,91.58,,,
4232,2026-09-15 05:19:36,BOM,MAA,2026-09-22,T+7,6443.0,6704.47,4200.0,159.63,59.63,,,
4233,2026-09-15 05:19:50,AMD,DEL,2026-09-16,T+1,5929.0,10576.3,3400.0,311.07,211.07,,,
4234,2026-09-15 05:20:04,BLR,HYD,2026-09-16,T+1,5358.0,7958.33,2950.0,269.77,169.77,,,
4235,2026-09-15 05:20:18,DEL,SXR,2026-09-16,T+1,6908.0,7804.64,4100.0,190.36,90.36,,,
4236,2026-09-15 05:20:43,DEL,GAU,2026-09-16,T+1,8189.0,10935.23,4750.0,230.22,130.22,,,
4237,2026-09-15 05:21:08,CCU,GAU,2026-09-16,T+1,3579.0,9587.27,2650.0,361.78,261.78,,,
4238,2026-09-15 05:21:35,DEL,IXZ,2026-09-30,T+15,5011.0,15139.9,6400.0,236.56,136.56,,,
4239,2026-09-15 05:21:49,DEL,IXL,2026-09-16,T+1,7738.0,7875.09,4750.0,165.79,65.79,,,
4240,2026-09-15 05:22:03,DEL,COK,2026-09-22,T+7,11346.0,12945.68,5450.0,237.54,137.54,,,
4241,2026-09-15 05:22:17,DEL,PAT,2026-09-30,T+15,6217.0,6342.36,3650.0,173.76,73.76,,,
4242,2026-09-15 05:22:32,DEL,LKO,2026-09-16,T+1,3955.0,4886.68,2950.0,165.65,65.65,,,
4243,2026-09-15 05:22:47,BOM,JAI,2026-09-22,T+7,6976.0,8184.13,3650.0,224.22,124.22,,,
4244,2026-09-15 05:23:01,BOM,AMD,2026-09-16,T+1,4727.0,8223.76,2450.0,335.66,235.66,,,
4245,2026-09-15 05:23:15,MAA,BLR,2026-09-16,T+1,4293.0,4561.64,2250.0,202.74,102.74,,,
4246,2026-09-15 05:23:30,DEL,BBI,2026-09-16,T+1,11140.0,15020.64,4150.0,361.94,261.94,,,
4247,2026-09-15 05:23:44,DEL,ATQ,2026-09-22,T+7,3696.0,3846.92,2650.0,145.17,45.17,,,
4248,2026-09-15 05:23:58,DEL,IDR,2026-09-22,T+7,6109.0,6695.08,3050.0,219.51,119.51,,,
4249,2026-09-15 05:24:12,BOM,COK,2026-09-22,T+7,7144.0,7297.89,4250.0,171.72,71.72,,,
4250,2026-09-15 05:24:27,DEL,BOM,2026-09-22,T+7,5985.0,6862.06,4850.0,141.49,41.49,,,
4251,2026-09-15 05:24:41,BLR,DEL,2026-09-16,T+1,8257.0,10574.0,5200.0,203.35,103.35,,,
4252,2026-09-15 05:24:56,BLR,BOM,2026-09-22,T+7,4164.0,6244.53,3950.0,158.09,58.09,,,
4253,2026-09-15 05:25:10,DEL,CCU,2026-09-22,T+7,7263.0,8843.17,4750.0,186.17,86.17,,,
4254,2026-09-15 05:25:25,DEL,HYD,2026-09-16,T+1,7884.0,9709.01,4600.0,211.07,111.07,,,
4255,2026-09-15 05:25:39,DEL,PNQ,2026-09-22,T+7,6555.0,7084.76,4900.0,144.59,44.59,,,
4256,2026-09-15 05:25:53,BOM,GOI,2026-09-22,T+7,3964.0,5938.96,3100.0,191.58,91.58,,,
4257,2026-09-15 05:26:08,BOM,MAA,2026-09-22,T+7,6443.0,6704.47,4200.0,159.63,59.63,,,
4258,2026-09-15 05:26:22,AMD,DEL,2026-09-16,T+1,5929.0,10576.3,3400.0,311.07,211.07,,,
4259,2026-09-15 05:26:36,BLR,HYD,2026-09-16,T+1,5358.0,7966.57,2950.0,270.05,170.05,,,
4260,2026-09-15 05:26:51,DEL,SXR,2026-09-22,T+7,6623.0,8985.91,4100.0,219.17,119.17,,,
4261,2026-09-15 05:27:16,DEL,GAU,2026-09-30,T+15,8189.0,11153.59,4750.0,234.81,134.81,,,
4262,2026-09-15 05:27:40,CCU,GAU,2026-09-22,T+7,5335.0,9890.02,2650.0,373.21,273.21,,,
4263,2026-09-15 05:28:06,DEL,IXZ,2026-09-30,T+15,5011.0,15139.9,6400.0,236.56,136.56,,,
4264,2026-09-15 05:28:20,DEL,IXL,2026-09-30,T+15,7738.0,7758.61,4750.0,163.34,63.34,,,
4265,2026-09-15 05:28:34,DEL,COK,2026-09-22,T+7,11346.0,12923.26,5450.0,237.12,137.12,,,
4266,2026-09-15 05:28:49,DEL,PAT,2026-09-22,T+7,6029.0,6388.18,3650.0,175.02,75.02,,,
4267,2026-09-15 05:29:03,DEL,LKO,2026-09-30,T+15,3955.0,4105.5,2950.0,139.17,39.17,,,
4268,2026-09-15 05:29:17,BOM,JAI,2026-09-30,T+15,7697.0,8805.14,3650.0,241.24,141.24,,,
4269,2026-09-15 05:29:31,BOM,AMD,2026-09-30,T+15,4584.0,5313.62,2450.0,216.88,116.88,,,
4270,2026-09-15 05:29:45,MAA,BLR,2026-09-30,T+15,4293.0,5078.14,2250.0,225.7,125.7,,,
4271,2026-09-15 05:30:00,DEL,BBI,2026-09-22,T+7,9144.0,9648.52,4150.0,232.49,132.49,,,
4272,2026-09-15 05:30:15,DEL,ATQ,2026-09-30,T+15,3696.0,4927.78,2650.0,185.95,85.95,,,
4273,2026-09-15 05:30:29,DEL,IDR,2026-09-30,T+15,6109.0,6496.76,3050.0,213.01,113.01,,,
4274,2026-09-15 05:30:44,BOM,COK,2026-09-16,T+1,7144.0,7176.53,4250.0,168.86,68.86,,,
4275,2026-09-15 05:30:59,DEL,BOM,2026-09-30,T+15,6314.0,7106.34,4850.0,146.52,46.52,,,
4276,2026-09-15 05:31:13,BLR,DEL,2026-09-16,T+1,8257.0,10769.66,5200.0,207.11,107.11,,,
4277,2026-09-15 05:31:28,BLR,BOM,2026-09-30,T+15,4164.0,6468.89,3950.0,163.77,63.77,,,
4278,2026-09-15 05:31:42,DEL,CCU,2026-09-30,T+15,7271.0,9162.12,4750.0,192.89,92.89,,,
4279,2026-09-15 05:31:57,DEL,HYD,2026-09-16,T+1,7884.0,9709.01,4600.0,211.07,111.07,,,
4280,2026-09-15 05:32:12,DEL,PNQ,2026-09-30,T+15,6929.0,7667.63,4900.0,156.48,56.48,,,
4281,2026-09-15 05:32:26,BOM,GOI,2026-09-22,T+7,3964.0,5938.96,3100.0,191.58,91.58,,,
4282,2026-09-15 05:32:40,BOM,MAA,2026-09-16,T+1,6546.0,7589.79,4200.0,180.71,80.71,,,
4283,2026-09-15 05:32:55,AMD,DEL,2026-09-16,T+1,5929.0,10640.06,3400.0,312.94,212.94,,,
4284,2026-09-15 05:33:10,BLR,HYD,2026-09-16,T+1,5358.0,7931.96,2950.0,268.88,168.88,,,
4285,2026-09-15 05:33:24,DEL,SXR,2026-09-16,T+1,6908.0,7888.65,4100.0,192.41,92.41,,,
4286,2026-09-15 05:33:51,DEL,GAU,2026-09-16,T+1,8189.0,10960.82,4750.0,230.75,130.75,,,
4287,2026-09-15 05:34:16,CCU,GAU,2026-09-16,T+1,3579.0,9611.18,2650.0,362.69,262.69,,,
4288,2026-09-15 05:34:43,DEL,IXZ,2026-09-30,T+15,5011.0,15139.9,6400.0,236.56,136.56,,,
4289,2026-09-15 05:34:58,DEL,IXL,2026-09-16,T+1,7738.0,7875.09,4750.0,165.79,65.79,,,
4290,2026-09-15 05:35:12,DEL,COK,2026-09-30,T+15,13272.0,14719.15,5450.0,270.08,170.08,,,
4291,2026-09-15 05:35:26,DEL,PAT,2026-09-16,T+1,6217.0,6598.12,3650.0,180.77,80.77,,,
4292,2026-09-15 05:35:40,DEL,LKO,2026-09-22,T+7,3800.0,4042.93,2950.0,137.05,37.05,,,
4293,2026-09-15 05:35:54,BOM,JAI,2026-09-22,T+7,6976.0,8184.13,3650.0,224.22,124.22,,,
4294,2026-09-15 05:36:09,BOM,AMD,2026-09-22,T+7,4374.0,6666.57,2450.0,272.1,172.1,,,
4295,2026-09-15 05:36:23,MAA,BLR,2026-09-30,T+15,4293.0,5143.24,2250.0,228.59,128.59,,,
4296,2026-09-15 05:36:38,DEL,BBI,2026-09-16,T+1,11140.0,13468.05,4150.0,324.53,224.53,,,
4297,2026-09-15 05:36:53,DEL,ATQ,2026-09-22,T+7,3532.0,3828.77,2650.0,144.48,44.48,,,
4298,2026-09-15 05:37:07,DEL,IDR,2026-09-30,T+15,6109.0,6496.76,3050.0,213.01,113.01,,,
4299,2026-09-15 05:37:22,BOM,COK,2026-09-16,T+1,7144.0,7161.88,4250.0,168.51,68.51,,,
4300,2026-09-15 05:37:37,DEL,BOM,2026-09-22,T+7,5985.0,6862.06,4850.0,141.49,41.49,,,
4301,2026-09-15 05:37:52,BLR,DEL,2026-09-16,T+1,8257.0,10793.49,5200.0,207.57,107.57,,,
4302,2026-09-15 05:38:15,BLR,BOM,2026-09-16,T+1,6684.0,9955.55,3950.0,252.04,152.04,,,
4303,2026-09-15 05:38:43,DEL,CCU,2026-09-30,T+15,7271.0,9169.48,4750.0,193.04,93.04,,,
4304,2026-09-15 05:38:59,DEL,HYD,2026-09-22,T+7,7884.0,8951.69,4600.0,194.6,94.6,,,
4305,2026-09-15 05:39:15,DEL,PNQ,2026-09-22,T+7,6555.0,7083.2,4900.0,144.56,44.56,,,
4306,2026-09-15 05:39:30,BOM,GOI,2026-09-22,T+7,3964.0,5938.96,3100.0,191.58,91.58,,,
4307,2026-09-15 05:39:44,BOM,MAA,2026-09-22,T+7,6443.0,6704.47,4200.0,159.63,59.63,,,
4308,2026-09-15 05:39:59,AMD,DEL,2026-09-16,T+1,5929.0,10640.06,3400.0,312.94,212.94,,,
4309,2026-09-15 05:40:14,BLR,HYD,2026-09-22,T+7,4288.0,5002.46,2950.0,169.57,69.57,,,
4310,2026-09-15 05:40:29,DEL,SXR,2026-09-22,T+7,6623.0,8985.91,4100.0,219.17,119.17,,,
4311,2026-09-15 05:40:56,DEL,GAU,2026-09-16,T+1,8189.0,10961.5,4750.0,230.77,130.77,,,
4312,2026-09-15 05:41:23,CCU,GAU,2026-09-30,T+15,4800.0,9115.1,2650.0,343.97,243.97,,,
4313,2026-09-15 05:41:50,DEL,IXZ,2026-09-22,T+7,5011.0,13471.33,6400.0,210.49,110.49,,,
4314,2026-09-15 05:42:05,DEL,IXL,2026-09-16,T+1,7738.0,7805.32,4750.0,164.32,64.32,,,
4315,2026-09-15 05:42:19,DEL,COK,2026-09-22,T+7,11346.0,12824.44,5450.0,235.31,135.31,,,
4316,2026-09-15 05:42:34,DEL,PAT,2026-09-22,T+7,6029.0,6388.18,3650.0,175.02,75.02,,,
4317,2026-09-15 05:42:49,DEL,LKO,2026-09-22,T+7,3800.0,4052.65,2950.0,137.38,37.38,,,
4318,2026-09-15 05:43:03,BOM,JAI,2026-09-16,T+1,6994.0,10207.22,3650.0,279.65,179.65,,,
4319,2026-09-15 05:43:18,BOM,AMD,2026-09-30,T+15,4584.0,5313.62,2450.0,216.88,116.88,,,
4320,2026-09-15 05:43:33,MAA,BLR,2026-09-22,T+7,4129.0,4774.56,2250.0,212.2,112.2,,,
4321,2026-09-15 05:43:47,DEL,BBI,2026-09-16,T+1,11140.0,14913.24,4150.0,359.36,259.36,,,
4322,2026-09-15 05:44:02,DEL,ATQ,2026-09-16,T+1,3696.0,3839.77,2650.0,144.9,44.9,,,
4323,2026-09-15 05:44:17,DEL,IDR,2026-09-30,T+15,6109.0,6496.76,3050.0,213.01,113.01,,,
4324,2026-09-15 05:44:33,BOM,COK,2026-09-16,T+1,7144.0,7161.88,4250.0,168.51,68.51,,,
4325,2026-09-15 05:44:48,DEL,BOM,2026-09-16,T+1,6314.0,6762.24,4850.0,139.43,39.43,,,
4326,2026-09-15 05:45:03,BLR,DEL,2026-09-22,T+7,8065.0,8284.61,5200.0,159.32,59.32,,,
4327,2026-09-15 05:45:18,BLR,BOM,2026-09-16,T+1,6684.0,9962.68,3950.0,252.22,152.22,,,
4328,2026-09-15 05:45:33,DEL,CCU,2026-09-30,T+15,7271.0,9169.48,4750.0,193.04,93.04,,,
4329,2026-09-15 05:45:43,DEL,BOM,2026-09-16,T+1,6314.0,6762.24,4850.0,139.43,39.43,145.48,3.5,55.0
4330,2026-09-15 05:46:08,DEL,HYD,2026-09-16,T+1,7884.0,9667.74,4600.0,210.17,110.17,,,
4331,2026-09-15 05:46:23,DEL,PNQ,2026-09-16,T+1,6929.0,7617.25,4900.0,155.45,55.45,,,
4332,2026-09-15 05:46:37,BOM,GOI,2026-09-30,T+15,7557.0,10025.84,3100.0,323.41,223.41,,,
4333,2026-09-15 05:46:53,BOM,MAA,2026-09-16,T+1,6546.0,7621.14,4200.0,181.46,81.46,,,
4334,2026-09-15 05:47:08,AMD,DEL,2026-09-22,T+7,5985.0,6173.04,3400.0,181.56,81.56,,,
4335,2026-09-15 05:47:22,BLR,HYD,2026-09-30,T+15,4613.0,5452.48,2950.0,184.83,84.83,,,
4336,2026-09-15 05:47:37,DEL,SXR,2026-09-16,T+1,6908.0,7747.91,4100.0,188.97,88.97,,,
4337,2026-09-15 05:48:06,DEL,GAU,2026-09-22,T+7,7302.0,10589.67,4750.0,222.94,122.94,,,
4338,2026-09-15 05:48:31,CCU,GAU,2026-09-22,T+7,5335.0,9886.3,2650.0,373.07,273.07,,,
4339,2026-09-15 05:48:58,DEL,IXZ,2026-09-22,T+7,5011.0,13471.33,6400.0,210.49,110.49,,,
4340,2026-09-15 05:49:12,DEL,IXL,2026-09-16,T+1,7738.0,7805.32,4750.0,164.32,64.32,,,
4341,2026-09-15 05:49:28,DEL,COK,2026-09-22,T+7,11346.0,12824.44,5450.0,235.31,135.31,,,
4342,2026-09-15 05:49:42,DEL,PAT,2026-09-16,T+1,6217.0,6598.12,3650.0,180.77,80.77,,,
4343,2026-09-15 05:49:56,DEL,LKO,2026-09-30,T+15,3955.0,4105.5,2950.0,139.17,39.17,,,
4344,2026-09-15 05:50:11,BOM,JAI,2026-09-16,T+1,6994.0,10207.22,3650.0,279.65,179.65,,,
4345,2026-09-15 05:50:25,BOM,AMD,2026-09-16,T+1,4727.0,8246.84,2450.0,336.61,236.61,,,
4346,2026-09-15 05:50:40,MAA,BLR,2026-09-30,T+15,4293.0,5143.24,2250.0,228.59,128.59,,,
4347,2026-09-15 05:50:54,DEL,BBI,2026-09-30,T+15,9775.0,11601.43,4150.0,279.55,179.55,,,
4348,2026-09-15 05:51:08,DEL,ATQ,2026-09-16,T+1,3696.0,3839.77,2650.0,144.9,44.9,,,
4349,2026-09-15 05:51:22,DEL,IDR,2026-09-22,T+7,6109.0,6695.08,3050.0,219.51,119.51,,,
4350,2026-09-15 05:51:37,BOM,COK,2026-09-16,T+1,7144.0,7161.88,4250.0,168.51,68.51,,,
4351,2026-09-15 05:51:52,DEL,BOM,2026-09-16,T+1,6314.0,6761.92,4850.0,139.42,39.42,,,
4352,2026-09-15 05:52:06,BLR,DEL,2026-09-30,T+15,8257.0,9473.95,5200.0,182.19,82.19,,,
4353,2026-09-15 05:52:22,BLR,BOM,2026-09-22,T+7,4164.0,6244.53,3950.0,158.09,58.09,,,
4354,2026-09-15 05:52:36,DEL,CCU,2026-09-16,T+1,7481.0,8706.89,4750.0,183.3,83.3,,,
4355,2026-09-15 05:52:43,DEL,BOM,2026-09-20,T+5,6314.0,7872.9,4850.0,162.33,62.33,146.14,3.55,53.0
4356,2026-09-15 05:53:08,DEL,HYD,2026-09-22,T+7,7884.0,8903.87,4600.0,193.56,93.56,,,
4357,2026-09-15 05:53:23,DEL,PNQ,2026-09-16,T+1,6929.0,7622.19,4900.0,155.55,55.55,,,
4358,2026-09-15 05:53:38,BOM,GOI,2026-09-22,T+7,3964.0,5938.96,3100.0,191.58,91.58,,,
4359,2026-09-15 05:53:53,BOM,MAA,2026-09-22,T+7,6443.0,7553.86,4200.0,179.85,79.85,,,
4360,2026-09-15 05:54:08,AMD,DEL,2026-09-22,T+7,5985.0,6173.04,3400.0,181.56,81.56,,,
4361,2026-09-15 05:54:22,BLR,HYD,2026-09-16,T+1,5358.0,8173.26,2950.0,277.06,177.06,,,
4362,2026-09-15 05:54:37,DEL,SXR,2026-09-16,T+1,6908.0,7747.91,4100.0,188.97,88.97,,,
4363,2026-09-15 05:55:24,DEL,GAU,2026-09-16,T+1,8189.0,10967.44,4750.0,230.89,130.89,,,
4364,2026-09-15 05:56:09,CCU,GAU,2026-09-16,T+1,3579.0,9616.69,2650.0,362.89,262.89,,,
4365,2026-09-15 05:56:56,DEL,IXZ,2026-09-16,T+1,5011.0,17142.78,6400.0,267.86,167.86,,,
4366,2026-09-15 05:57:11,DEL,IXL,2026-09-30,T+15,7738.0,7758.61,4750.0,163.34,63.34,,,
4367,2026-09-15 05:57:25,DEL,COK,2026-09-16,T+1,10715.0,11891.24,5450.0,218.19,118.19,,,
4368,2026-09-15 05:57:40,DEL,PAT,2026-09-22,T+7,6029.0,6388.18,3650.0,175.02,75.02,,,
4369,2026-09-15 05:57:55,DEL,LKO,2026-09-16,T+1,3955.0,4990.84,2950.0,169.18,69.18,,,
4370,2026-09-15 05:58:09,BOM,JAI,2026-09-30,T+15,7777.0,8866.76,3650.0,242.92,142.92,,,
4371,2026-09-15 05:58:23,BOM,AMD,2026-09-22,T+7,4374.0,6608.65,2450.0,269.74,169.74,,,
4372,2026-09-15 05:58:37,MAA,BLR,2026-09-16,T+1,4293.0,5702.1,2250.0,253.43,153.43,,,
4373,2026-09-15 05:58:52,DEL,BBI,2026-09-30,T+15,9775.0,11601.43,4150.0,279.55,179.55,,,
4374,2026-09-15 05:59:06,DEL,ATQ,2026-09-30,T+15,3696.0,4927.78,2650.0,185.95,85.95,,,
4375,2026-09-15 05:59:21,DEL,IDR,2026-09-16,T+1,6109.0,6423.65,3050.0,210.61,110.61,,,
4376,2026-09-15 05:59:36,BOM,COK,2026-09-22,T+7,7144.0,7297.89,4250.0,171.72,71.72,,,
4377,2026-09-15 05:59:50,DEL,BOM,2026-09-30,T+15,6314.0,7106.34,4850.0,146.52,46.52,,,
4378,2026-09-15 06:00:05,BLR,DEL,2026-09-16,T+1,8257.0,11064.74,5200.0,212.78,112.78,,,
4379,2026-09-15 06:00:20,BLR,BOM,2026-09-16,T+1,6877.0,9937.02,3950.0,251.57,151.57,,,
4380,2026-09-15 06:00:35,DEL,CCU,2026-09-30,T+15,7271.0,9169.48,4750.0,193.04,93.04,,,
4381,2026-09-15 06:00:50,DEL,HYD,2026-09-16,T+1,7884.0,9701.95,4600.0,210.91,110.91,,,
4382,2026-09-15 06:01:04,DEL,PNQ,2026-09-16,T+1,6929.0,7623.68,4900.0,155.59,55.59,,,
4383,2026-09-15 06:01:18,BOM,GOI,2026-09-16,T+1,5520.0,8911.38,3100.0,287.46,187.46,,,
4384,2026-09-15 06:01:33,BOM,MAA,2026-09-30,T+15,6358.0,6946.78,4200.0,165.4,65.4,,,
4385,2026-09-15 06:01:49,AMD,DEL,2026-09-22,T+7,5985.0,6173.04,3400.0,181.56,81.56,,,
4386,2026-09-15 06:02:03,BLR,HYD,2026-09-22,T+7,4288.0,5039.72,2950.0,170.84,70.84,,,
4387,2026-09-15 06:02:17,DEL,SXR,2026-09-22,T+7,6623.0,8925.5,4100.0,217.7,117.7,,,
4388,2026-09-15 06:02:44,DEL,GAU,2026-09-30,T+15,8189.0,11153.59,4750.0,234.81,134.81,,,
4389,2026-09-15 06:03:09,CCU,GAU,2026-09-22,T+7,5335.0,9886.3,2650.0,373.07,273.07,,,
4390,2026-09-15 06:03:34,DEL,IXZ,2026-09-16,T+1,5011.0,17142.78,6400.0,267.86,167.86,,,
4391,2026-09-15 06:03:49,DEL,IXL,2026-09-16,T+1,7738.0,7805.32,4750.0,164.32,64.32,,,
4392,2026-09-15 06:04:03,DEL,COK,2026-09-30,T+15,13272.0,14719.15,5450.0,270.08,170.08,,,
4393,2026-09-15 06:04:18,DEL,PAT,2026-09-22,T+7,6029.0,6388.18,3650.0,175.02,75.02,,,
4394,2026-09-15 06:04:32,DEL,LKO,2026-09-16,T+1,3955.0,4990.84,2950.0,169.18,69.18,,,
4395,2026-09-15 06:04:47,BOM,JAI,2026-09-16,T+1,6994.0,10264.98,3650.0,281.23,181.23,,,
4396,2026-09-15 06:05:04,BOM,AMD,2026-09-30,T+15,4584.0,5313.62,2450.0,216.88,116.88,,,
4397,2026-09-15 06:05:19,MAA,BLR,2026-09-22,T+7,4129.0,4749.12,2250.0,211.07,111.07,,,
4398,2026-09-15 06:05:34,DEL,BBI,2026-09-30,T+15,9775.0,11601.43,4150.0,279.55,179.55,,,
4399,2026-09-15 06:05:48,DEL,ATQ,2026-09-30,T+15,3696.0,4927.78,2650.0,185.95,85.95,,,
4400,2026-09-15 06:06:02,DEL,IDR,2026-09-16,T+1,6109.0,6423.65,3050.0,210.61,110.61,,,
4401,2026-09-15 06:06:16,BOM,COK,2026-09-16,T+1,7144.0,7176.53,4250.0,168.86,68.86,,,
4402,2026-09-15 06:06:32,DEL,BOM,2026-09-22,T+7,5985.0,6862.06,4850.0,141.49,41.49,,,
4403,2026-09-15 06:06:47,BLR,DEL,2026-09-16,T+1,8257.0,10612.59,5200.0,204.09,104.09,,,
4404,2026-09-15 06:07:01,BLR,BOM,2026-09-16,T+1,6581.0,8340.53,3950.0,211.15,111.15,,,
4405,2026-09-15 06:07:16,DEL,CCU,2026-09-16,T+1,7402.0,8750.19,4750.0,184.21,84.21,,,
4406,2026-09-15 06:07:30,DEL,HYD,2026-09-30,T+15,7884.0,8975.46,4600.0,195.12,95.12,,,
4407,2026-09-15 06:07:45,DEL,PNQ,2026-09-16,T+1,6929.0,7621.45,4900.0,155.54,55.54,,,
4408,2026-09-15 06:07:59,BOM,GOI,2026-09-16,T+1,5520.0,8963.33,3100.0,289.14,189.14,,,
4409,2026-09-15 06:08:14,BOM,MAA,2026-09-16,T+1,6546.0,7714.12,4200.0,183.67,83.67,,,
4410,2026-09-15 06:08:28,AMD,DEL,2026-09-16,T+1,5929.0,10793.85,3400.0,317.47,217.47,,,
4411,2026-09-15 06:08:43,BLR,HYD,2026-09-30,T+15,4288.0,5196.33,2950.0,176.15,76.15,,,
4412,2026-09-15 06:08:57,DEL,SXR,2026-09-22,T+7,6623.0,8925.5,4100.0,217.7,117.7,,,
4413,2026-09-15 06:09:22,DEL,GAU,2026-09-22,T+7,7302.0,10660.89,4750.0,224.44,124.44,,,
4414,2026-09-15 06:09:47,CCU,GAU,2026-09-22,T+7,5335.0,9886.3,2650.0,373.07,273.07,,,
4415,2026-09-15 06:10:15,DEL,IXZ,2026-09-30,T+15,5011.0,15164.02,6400.0,236.94,136.94,,,
4416,2026-09-15 06:10:30,DEL,IXL,2026-09-22,T+7,7738.0,7758.8,4750.0,163.34,63.34,,,
4417,2026-09-15 06:10:33,DEL,BOM,2026-09-16,T+1,6314.0,7057.6,4850.0,145.52,45.52,150.26,3.87,57.0
4418,2026-09-15 06:10:39,DEL,BOM,2026-09-16,T+1,6314.0,7057.6,4850.0,145.52,45.52,150.26,3.87,57.0
4419,2026-09-15 06:11:04,DEL,COK,2026-09-22,T+7,11346.0,12824.44,5450.0,235.31,135.31,,,
4420,2026-09-15 06:11:18,DEL,PAT,2026-09-22,T+7,6029.0,6388.18,3650.0,175.02,75.02,,,
4421,2026-09-15 06:11:33,DEL,LKO,2026-09-30,T+15,3955.0,4105.5,2950.0,139.17,39.17,,,
4422,2026-09-15 06:11:47,BOM,JAI,2026-09-16,T+1,6994.0,10264.98,3650.0,281.23,181.23,,,
4423,2026-09-15 06:12:17,DEL,BOM,2026-09-22,T+7,5985.0,6862.06,4850.0,141.49,41.49,,,
4424,2026-09-15 06:12:32,BLR,DEL,2026-09-30,T+15,8257.0,9473.95,5200.0,182.19,82.19,,,
4425,2026-09-15 06:12:45,DEL,BOM,2026-09-16,T+1,6314.0,7057.6,4850.0,145.52,45.52,127.77,2.14,57.0
4426,2026-09-15 06:13:10,BLR,BOM,2026-09-16,T+1,6581.0,8340.53,3950.0,211.15,111.15,,,
4427,2026-09-15 06:13:24,DEL,CCU,2026-09-30,T+15,7271.0,9169.48,4750.0,193.04,93.04,,,
4428,2026-09-15 06:13:39,DEL,HYD,2026-09-22,T+7,7884.0,8929.26,4600.0,194.11,94.11,,,
4429,2026-09-15 06:13:54,DEL,PNQ,2026-09-22,T+7,6555.0,7084.76,4900.0,144.59,44.59,,,
4430,2026-09-15 06:14:08,BOM,GOI,2026-09-22,T+7,3964.0,5906.87,3100.0,190.54,90.54,,,
4431,2026-09-15 06:14:23,BOM,MAA,2026-09-22,T+7,6443.0,6704.47,4200.0,159.63,59.63,,,
4432,2026-09-15 06:14:38,AMD,DEL,2026-09-22,T+7,5985.0,6165.4,3400.0,181.34,81.34,,,
4433,2026-09-15 06:14:52,BLR,HYD,2026-09-16,T+1,5358.0,8434.93,2950.0,285.93,185.93,,,
4434,2026-09-15 06:15:07,DEL,SXR,2026-09-16,T+1,6908.0,7873.83,4100.0,192.04,92.04,,,
4435,2026-09-15 06:15:34,DEL,GAU,2026-09-16,T+1,8189.0,11037.01,4750.0,232.36,132.36,,,
4436,2026-09-15 06:16:00,CCU,GAU,2026-09-16,T+1,3579.0,9686.49,2650.0,365.53,265.53,,,
4437,2026-09-15 06:16:27,DEL,IXZ,2026-09-16,T+1,4989.0,17134.73,6400.0,267.73,167.73,,,
4438,2026-09-15 06:16:42,DEL,IXL,2026-09-16,T+1,7738.0,7828.57,4750.0,164.81,64.81,,,
4439,2026-09-15 06:16:56,DEL,COK,2026-09-30,T+15,13272.0,14719.15,5450.0,270.08,170.08,,,
4440,2026-09-15 06:17:11,DEL,PAT,2026-09-16,T+1,6217.0,6375.74,3650.0,174.68,74.68,,,
4441,2026-09-15 06:17:25,DEL,LKO,2026-09-16,T+1,3955.0,4990.84,2950.0,169.18,69.18,,,
4442,2026-09-15 06:17:40,BOM,JAI,2026-09-16,T+1,6994.0,10264.98,3650.0,281.23,181.23,,,
4443,2026-09-15 06:17:54,BOM,AMD,2026-09-16,T+1,4727.0,8339.18,2450.0,340.37,240.37,,,
4444,2026-09-15 06:18:09,MAA,BLR,2026-09-22,T+7,4129.0,4749.12,2250.0,211.07,111.07,,,
4445,2026-09-15 06:18:24,DEL,BBI,2026-09-22,T+7,9144.0,9648.52,4150.0,232.49,132.49,,,
4446,2026-09-15 06:18:39,DEL,ATQ,2026-09-30,T+15,3696.0,4927.78,2650.0,185.95,85.95,,,
4447,2026-09-15 06:18:53,DEL,IDR,2026-09-22,T+7,6109.0,6695.08,3050.0,219.51,119.51,,,
4448,2026-09-15 06:19:08,BOM,COK,2026-09-16,T+1,7144.0,7176.53,4250.0,168.86,68.86,,,
4449,2026-09-15 06:19:27,DEL,BOM,2026-09-16,T+1,6314.0,6919.72,4850.0,142.67,42.67,,,
4450,2026-09-15 06:19:42,BLR,DEL,2026-09-16,T+1,8257.0,10625.02,5200.0,204.33,104.33,,,
4451,2026-09-15 06:19:56,BLR,BOM,2026-09-30,T+15,4164.0,6468.89,3950.0,163.77,63.77,,,
4452,2026-09-15 06:20:08,DEL,BOM,2026-09-16,T+1,6314.0,6919.72,4850.0,142.67,42.67,125.09,1.93,56.0
4453,2026-09-15 06:20:33,DEL,CCU,2026-09-22,T+7,7263.0,8843.17,4750.0,186.17,86.17,,,
4454,2026-09-15 06:20:47,DEL,HYD,2026-09-16,T+1,7884.0,9984.28,4600.0,217.05,117.05,,,
4455,2026-09-15 06:21:01,DEL,PNQ,2026-09-22,T+7,6555.0,7064.68,4900.0,144.18,44.18,,,
4456,2026-09-15 06:21:07,DEL,BOM,2026-09-16,T+1,6314.0,6919.72,4850.0,142.67,42.67,125.69,1.98,56.0
4457,2026-09-15 06:21:30,DEL,BOM,2026-09-16,T+1,6314.0,6919.72,4850.0,142.67,42.67,125.69,1.98,56.0
4458,2026-09-15 06:21:55,DEL,BOM,2026-09-16,T+1,6314.0,6919.72,4850.0,142.67,42.67,125.69,1.98,56.0
4459,2026-09-15 06:22:19,BOM,GOI,2026-09-22,T+7,3964.0,5906.87,3100.0,190.54,90.54,,,
4460,2026-09-15 06:22:34,BOM,MAA,2026-09-30,T+15,6358.0,6919.54,4200.0,164.75,64.75,,,
4461,2026-09-15 06:22:49,AMD,DEL,2026-09-30,T+15,5985.0,6211.9,3400.0,182.7,82.7,,,
4462,2026-09-15 06:22:52,DEL,BOM,2026-09-20,T+5,6314.0,7716.89,4850.0,159.11,59.11,128.46,2.19,53.0
4463,2026-09-15 06:23:15,BLR,HYD,2026-09-16,T+1,5358.0,8434.93,2950.0,285.93,185.93,,,
4464,2026-09-15 06:23:30,DEL,SXR,2026-09-22,T+7,6623.0,9031.05,4100.0,220.27,120.27,,,
4465,2026-09-15 06:23:57,DEL,BOM,2026-09-16,T+1,6314.0,6912.19,4850.0,142.52,42.52,133.08,2.55,56.0
4466,2026-09-15 06:23:57,DEL,GAU,2026-09-16,T+1,8189.0,11084.46,4750.0,233.36,133.36,,,
4467,2026-09-15 06:24:01,DEL,BOM,2026-09-16,T+1,6314.0,6919.72,4850.0,142.67,42.67,133.92,2.61,56.0
4468,2026-09-15 06:24:38,CCU,GAU,2026-09-16,T+1,3579.0,9335.5,2650.0,352.28,252.28,,,
4469,2026-09-15 06:24:48,DEL,BOM,2026-09-16,T+1,6314.0,6919.72,4850.0,142.67,42.67,136.04,2.78,56.0
4470,2026-09-15 06:25:27,DEL,IXZ,2026-09-22,T+7,4991.0,13552.91,6400.0,211.76,111.76,,,
4471,2026-09-15 06:25:41,DEL,IXL,2026-09-22,T+7,7738.0,7758.8,4750.0,163.34,63.34,,,
4472,2026-09-15 06:25:57,DEL,COK,2026-09-30,T+15,13272.0,14719.15,5450.0,270.08,170.08,,,
4473,2026-09-15 06:26:12,DEL,PAT,2026-09-22,T+7,6029.0,6388.18,3650.0,175.02,75.02,,,
4474,2026-09-15 06:26:29,DEL,LKO,2026-09-30,T+15,3955.0,4105.5,2950.0,139.17,39.17,,,
4475,2026-09-15 06:26:43,BOM,JAI,2026-09-30,T+15,7777.0,8866.76,3650.0,242.92,142.92,,,
4476,2026-09-15 06:26:58,BOM,AMD,2026-09-16,T+1,4727.0,8339.18,2450.0,340.37,240.37,,,
4477,2026-09-15 06:27:12,MAA,BLR,2026-09-30,T+15,4293.0,5143.24,2250.0,228.59,128.59,,,
4478,2026-09-15 06:27:27,DEL,BBI,2026-09-16,T+1,11140.0,13812.53,4150.0,332.83,232.83,,,
4479,2026-09-15 06:27:41,DEL,ATQ,2026-09-16,T+1,3696.0,3839.77,2650.0,144.9,44.9,,,
4480,2026-09-15 06:27:56,DEL,IDR,2026-09-30,T+15,6109.0,6496.76,3050.0,213.01,113.01,,,
4481,2026-09-15 06:28:10,BOM,COK,2026-09-16,T+1,7144.0,7161.88,4250.0,168.51,68.51,,,
4482,2026-09-15 06:28:25,DEL,BOM,2026-09-22,T+7,5985.0,6862.06,4850.0,141.49,41.49,,,
4483,2026-09-15 06:28:40,BLR,DEL,2026-09-22,T+7,8065.0,8291.98,5200.0,159.46,59.46,,,
4484,2026-09-15 06:29:06,BLR,BOM,2026-09-22,T+7,4164.0,6246.03,3950.0,158.13,58.13,,,
4485,2026-09-15 06:29:21,DEL,CCU,2026-09-16,T+1,7402.0,8700.63,4750.0,183.17,83.17,,,
4486,2026-09-15 06:29:36,DEL,HYD,2026-09-30,T+15,7884.0,8975.46,4600.0,195.12,95.12,,,
4487,2026-09-15 06:29:51,DEL,PNQ,2026-09-30,T+15,6929.0,7731.26,4900.0,157.78,57.78,,,
4488,2026-09-15 06:30:07,BOM,GOI,2026-09-30,T+15,7557.0,10025.84,3100.0,323.41,223.41,,,
4489,2026-09-15 06:30:21,BOM,MAA,2026-09-22,T+7,6443.0,6704.47,4200.0,159.63,59.63,,,
4490,2026-09-15 06:30:36,AMD,DEL,2026-09-30,T+15,5985.0,6211.9,3400.0,182.7,82.7,,,
4491,2026-09-15 06:30:50,BLR,HYD,2026-09-30,T+15,4288.0,5196.33,2950.0,176.15,76.15,,,
4492,2026-09-15 06:31:05,DEL,SXR,2026-09-16,T+1,6908.0,7914.88,4100.0,193.05,93.05,,,
4493,2026-09-15 06:31:32,DEL,GAU,2026-09-16,T+1,8189.0,11096.14,4750.0,233.6,133.6,,,
4494,2026-09-15 06:32:20,CCU,GAU,2026-09-16,T+1,3579.0,5772.22,2650.0,217.82,117.82,,,
4495,2026-09-15 06:32:48,DEL,IXZ,2026-09-16,T+1,4991.0,17247.33,6400.0,269.49,169.49,,,
4496,2026-09-15 06:33:02,DEL,IXL,2026-09-22,T+7,7738.0,7758.8,4750.0,163.34,63.34,,,
4497,2026-09-15 06:33:17,DEL,COK,2026-09-30,T+15,13272.0,14719.15,5450.0,270.08,170.08,,,
4498,2026-09-15 06:33:32,DEL,PAT,2026-09-16,T+1,6217.0,6396.99,3650.0,175.26,75.26,,,
4499,2026-09-15 06:33:47,DEL,LKO,2026-09-22,T+7,3955.0,4068.7,2950.0,137.92,37.92,,,
4500,2026-09-15 06:34:01,BOM,JAI,2026-09-16,T+1,6994.0,10311.19,3650.0,282.5,182.5,,,
4501,2026-09-15 06:34:16,BOM,AMD,2026-09-16,T+1,4727.0,8339.18,2450.0,340.37,240.37,,,
4502,2026-09-15 06:34:30,MAA,BLR,2026-09-16,T+1,4293.0,5702.1,2250.0,253.43,153.43,,,
4503,2026-09-15 06:34:44,DEL,BBI,2026-09-22,T+7,9144.0,9648.52,4150.0,232.49,132.49,,,
4504,2026-09-15 06:34:59,DEL,ATQ,2026-09-30,T+15,3696.0,4927.78,2650.0,185.95,85.95,,,
4505,2026-09-15 06:35:13,DEL,IDR,2026-09-22,T+7,6109.0,6695.08,3050.0,219.51,119.51,,,
4506,2026-09-15 06:35:27,BOM,COK,2026-09-30,T+15,7144.0,10851.82,4250.0,255.34,155.34,,,
4507,2026-09-15 06:35:42,DEL,BOM,2026-09-30,T+15,6314.0,7106.34,4850.0,146.52,46.52,,,
4508,2026-09-15 06:35:56,BLR,DEL,2026-09-22,T+7,8065.0,8291.98,5200.0,159.46,59.46,,,
4509,2026-09-15 06:36:11,BLR,BOM,2026-09-30,T+15,4164.0,6468.89,3950.0,163.77,63.77,,,
4510,2026-09-15 06:36:26,DEL,CCU,2026-09-22,T+7,7263.0,8843.17,4750.0,186.17,86.17,,,
4511,2026-09-15 06:36:41,DEL,HYD,2026-09-22,T+7,7884.0,8929.26,4600.0,194.11,94.11,,,
4512,2026-09-15 06:36:55,DEL,PNQ,2026-09-22,T+7,6555.0,7084.76,4900.0,144.59,44.59,,,
4513,2026-09-15 06:37:10,BOM,GOI,2026-09-22,T+7,3964.0,5906.87,3100.0,190.54,90.54,,,
4514,2026-09-15 06:37:24,BOM,MAA,2026-09-22,T+7,6443.0,6704.47,4200.0,159.63,59.63,,,
4515,2026-09-15 06:37:39,AMD,DEL,2026-09-30,T+15,5985.0,6211.9,3400.0,182.7,82.7,,,
4516,2026-09-15 06:37:54,BLR,HYD,2026-09-30,T+15,4288.0,5196.33,2950.0,176.15,76.15,,,
4517,2026-09-15 06:38:08,DEL,SXR,2026-09-30,T+15,6735.0,8064.12,4100.0,196.69,96.69,,,
4518,2026-09-15 06:38:33,DEL,GAU,2026-09-22,T+7,7302.0,10637.66,4750.0,223.95,123.95,,,
4519,2026-09-15 06:39:04,CCU,GAU,2026-09-22,T+7,5335.0,9919.14,2650.0,374.31,274.31,,,
4520,2026-09-15 06:39:27,DEL,BOM,2026-09-16,T+1,6314.0,7094.6,4850.0,146.28,46.28,149.26,3.79,57.0
4521,2026-09-15 06:39:32,DEL,IXZ,2026-09-16,T+1,4991.0,17247.33,6400.0,269.49,169.49,,,
4522,2026-09-15 06:39:51,DEL,IXL,2026-09-30,T+15,7738.0,7758.61,4750.0,163.34,63.34,,,
4523,2026-09-15 06:39:57,DEL,BOM,2026-09-16,T+1,6314.0,7095.14,4850.0,146.29,46.29,149.58,3.82,57.0
4524,2026-09-15 06:40:40,DEL,COK,2026-09-16,T+1,11454.0,13444.18,5450.0,246.68,146.68,,,
4525,2026-09-15 06:41:50,DEL,PAT,2026-09-30,T+15,6217.0,6342.36,3650.0,173.76,73.76,,,
4526,2026-09-15 06:42:08,DEL,LKO,2026-09-22,T+7,3955.0,4068.7,2950.0,137.92,37.92,,,
4527,2026-09-15 06:42:33,BOM,JAI,2026-09-22,T+7,6994.0,9712.51,3650.0,266.1,166.1,,,
4528,2026-09-15 06:43:10,BOM,AMD,2026-09-30,T+15,4727.0,8364.15,2450.0,341.39,241.39,,,
4529,2026-09-15 06:44:01,MAA,BLR,2026-09-16,T+1,4293.0,5702.1,2250.0,253.43,153.43,,,
4530,2026-09-15 06:44:21,DEL,BBI,2026-09-16,T+1,11140.0,13812.53,4150.0,332.83,232.83,,,
4531,2026-09-15 06:44:43,DEL,ATQ,2026-09-22,T+7,3696.0,3846.92,2650.0,145.17,45.17,,,
4532,2026-09-15 06:45:02,DEL,IDR,2026-09-30,T+15,6109.0,6496.76,3050.0,213.01,113.01,,,
4533,2026-09-15 06:45:24,BOM,COK,2026-09-22,T+7,7144.0,7269.29,4250.0,171.04,71.04,,,
4534,2026-09-15 06:46:34,DEL,BOM,2026-09-30,T+15,6314.0,7106.34,4850.0,146.52,46.52,,,
4535,2026-09-15 06:47:12,BLR,DEL,2026-09-16,T+1,8257.0,11344.33,5200.0,218.16,118.16,,,
4536,2026-09-15 06:47:59,BLR,BOM,2026-09-22,T+7,4164.0,6246.03,3950.0,158.13,58.13,,,
4537,2026-09-15 06:48:28,DEL,CCU,2026-09-30,T+15,7271.0,9169.48,4750.0,193.04,93.04,,,
4538,2026-09-15 06:49:48,DEL,HYD,2026-09-30,T+15,7884.0,9017.42,4600.0,196.03,96.03,,,
4539,2026-09-15 06:50:08,DEL,PNQ,2026-09-30,T+15,6929.0,7768.16,4900.0,158.53,58.53,,,
4540,2026-09-15 06:50:32,BOM,GOI,2026-09-16,T+1,5520.0,8941.94,3100.0,288.45,188.45,,,
4541,2026-09-15 06:50:53,BOM,MAA,2026-09-30,T+15,6358.0,6919.54,4200.0,164.75,64.75,,,
4542,2026-09-15 06:51:16,AMD,DEL,2026-09-16,T+1,5985.0,10628.67,3400.0,312.61,212.61,,,
4543,2026-09-15 06:51:41,BLR,HYD,2026-09-22,T+7,4580.0,5907.03,2950.0,200.24,100.24,,,
4544,2026-09-15 06:52:12,DEL,SXR,2026-09-30,T+15,6735.0,8064.12,4100.0,196.69,96.69,,,
4545,2026-09-15 06:53:03,DEL,GAU,2026-09-16,T+1,7302.0,10717.19,4750.0,225.63,125.63,,,
4546,2026-09-15 06:53:51,CCU,GAU,2026-09-30,T+15,3579.0,9460.29,2650.0,356.99,256.99,,,
4547,2026-09-15 06:54:41,DEL,IXZ,2026-09-16,T+1,5257.0,17346.88,6400.0,271.05,171.05,,,
4548,2026-09-15 06:54:58,DEL,IXL,2026-09-30,T+15,7738.0,7758.61,4750.0,163.34,63.34,,,
4549,2026-09-15 06:55:18,DEL,COK,2026-09-22,T+7,11346.0,12710.7,5450.0,233.22,133.22,,,
4550,2026-09-15 06:55:37,DEL,PAT,2026-09-30,T+15,6217.0,6342.36,3650.0,173.76,73.76,,,
4551,2026-09-15 06:55:55,DEL,LKO,2026-09-16,T+1,3955.0,4990.84,2950.0,169.18,69.18,,,
4552,2026-09-15 06:56:27,BOM,JAI,2026-09-22,T+7,6976.0,8184.13,3650.0,224.22,124.22,,,
4553,2026-09-15 06:56:46,BOM,AMD,2026-09-16,T+1,4727.0,8377.65,2450.0,341.94,241.94,,,
4554,2026-09-15 06:57:03,MAA,BLR,2026-09-16,T+1,4293.0,6097.86,2250.0,271.02,171.02,,,
4555,2026-09-15 06:57:22,DEL,BBI,2026-09-22,T+7,9144.0,9648.52,4150.0,232.49,132.49,,,
4556,2026-09-15 06:57:40,DEL,ATQ,2026-09-22,T+7,3696.0,3846.92,2650.0,145.17,45.17,,,
4557,2026-09-15 06:57:52,DEL,BOM,2026-09-16,T+1,6314.0,7385.47,4850.0,152.28,52.28,157.27,4.41,56.0
4558,2026-09-15 06:58:13,DEL,BOM,2026-09-16,T+1,6314.0,7385.47,4850.0,152.28,52.28,157.27,4.41,56.0
4559,2026-09-15 06:58:40,DEL,IDR,2026-09-22,T+7,6109.0,6695.08,3050.0,219.51,119.51,,,
4560,2026-09-15 06:58:59,BOM,COK,2026-09-22,T+7,7144.0,7269.29,4250.0,171.04,71.04,,,
4561,2026-09-15 06:59:19,DEL,BOM,2026-09-22,T+7,5985.0,6679.08,4850.0,137.71,37.71,,,
4562,2026-09-15 06:59:39,BLR,DEL,2026-09-16,T+1,8257.0,10987.61,5200.0,211.3,111.3,,,
4563,2026-09-15 06:59:59,BLR,BOM,2026-09-22,T+7,4164.0,6246.03,3950.0,158.13,58.13,,,
4564,2026-09-15 07:00:18,DEL,CCU,2026-09-16,T+1,7481.0,8728.88,4750.0,183.77,83.77,,,
4565,2026-09-15 07:00:36,DEL,HYD,2026-09-22,T+7,7884.0,8929.26,4600.0,194.11,94.11,,,
4566,2026-09-15 07:00:58,DEL,PNQ,2026-09-16,T+1,6929.0,7770.19,4900.0,158.58,58.58,,,
4567,2026-09-15 07:01:19,BOM,GOI,2026-09-22,T+7,3964.0,5906.87,3100.0,190.54,90.54,,,
4568,2026-09-15 07:01:43,BOM,MAA,2026-09-30,T+15,6358.0,6919.54,4200.0,164.75,64.75,,,
4569,2026-09-15 07:02:12,AMD,DEL,2026-09-30,T+15,5985.0,6211.9,3400.0,182.7,82.7,,,
4570,2026-09-15 07:02:43,BLR,HYD,2026-09-30,T+15,4613.0,5516.91,2950.0,187.01,87.01,,,
4571,2026-09-15 07:03:12,DEL,SXR,2026-09-22,T+7,6623.0,8760.56,4100.0,213.67,113.67,,,
4572,2026-09-15 07:04:18,DEL,GAU,2026-09-16,T+1,7302.0,10717.19,4750.0,225.63,125.63,,,
4573,2026-09-15 07:05:23,CCU,GAU,2026-09-22,T+7,3579.0,9460.29,2650.0,356.99,256.99,,,
4574,2026-09-15 07:06:35,DEL,IXZ,2026-09-30,T+15,5257.0,17346.88,6400.0,271.05,171.05,,,
4575,2026-09-15 07:07:09,DEL,IXL,2026-09-22,T+7,7738.0,7758.8,4750.0,163.34,63.34,,,
4576,2026-09-15 07:07:38,DEL,COK,2026-09-22,T+7,11346.0,12531.54,5450.0,229.94,129.94,,,
4577,2026-09-15 07:08:00,DEL,PAT,2026-09-16,T+1,6217.0,6375.74,3650.0,174.68,74.68,,,
4578,2026-09-15 07:08:23,DEL,LKO,2026-09-30,T+15,3955.0,4105.5,2950.0,139.17,39.17,,,
4579,2026-09-15 07:08:45,BOM,JAI,2026-09-30,T+15,7777.0,8814.92,3650.0,241.5,141.5,,,
4580,2026-09-15 07:09:10,BOM,AMD,2026-09-22,T+7,4374.0,7110.11,2450.0,290.21,190.21,,,
4581,2026-09-15 07:09:34,MAA,BLR,2026-09-22,T+7,4129.0,4711.19,2250.0,209.39,109.39,,,
4582,2026-09-15 07:09:57,DEL,BBI,2026-09-22,T+7,9145.0,9751.33,4150.0,234.97,134.97,,,
4583,2026-09-15 07:10:21,DEL,ATQ,2026-09-30,T+15,3696.0,4538.92,2650.0,171.28,71.28,,,
4584,2026-09-15 07:10:44,DEL,IDR,2026-09-22,T+7,6109.0,6695.08,3050.0,219.51,119.51,,,
4585,2026-09-15 07:11:03,BOM,COK,2026-09-22,T+7,7144.0,7269.29,4250.0,171.04,71.04,,,
4586,2026-09-15 07:11:25,DEL,BOM,2026-09-16,T+1,6314.0,7310.5,4850.0,150.73,50.73,,,
4587,2026-09-15 07:11:47,BLR,DEL,2026-09-22,T+7,8065.0,8288.86,5200.0,159.4,59.4,,,
4588,2026-09-15 07:12:11,BLR,BOM,2026-09-16,T+1,6727.0,8235.55,3950.0,208.49,108.49,,,
4589,2026-09-15 07:12:39,DEL,CCU,2026-09-16,T+1,7481.0,8720.23,4750.0,183.58,83.58,,,
4590,2026-09-15 07:13:19,DEL,HYD,2026-09-16,T+1,7884.0,10313.03,4600.0,224.2,124.2,,,
4591,2026-09-15 07:13:45,DEL,PNQ,2026-09-16,T+1,6929.0,8237.69,4900.0,168.12,68.12,,,
4592,2026-09-15 07:14:11,BOM,GOI,2026-09-16,T+1,5520.0,8896.09,3100.0,286.97,186.97,,,
4593,2026-09-15 07:14:36,BOM,MAA,2026-09-30,T+15,6358.0,6919.54,4200.0,164.75,64.75,,,
4594,2026-09-15 07:15:05,AMD,DEL,2026-09-16,T+1,5985.0,10753.66,3400.0,316.28,216.28,,,
4595,2026-09-15 07:15:36,BLR,HYD,2026-09-22,T+7,4580.0,5750.43,2950.0,194.93,94.93,,,
4596,2026-09-15 07:16:06,DEL,SXR,2026-09-22,T+7,6623.0,8760.56,4100.0,213.67,113.67,,,
4597,2026-09-15 07:17:08,DEL,BOM,2026-09-16,T+1,6314.0,7080.45,4850.0,145.99,45.99,146.26,3.56,56.0
4598,2026-09-15 07:17:46,DEL,GAU,2026-09-16,T+1,7302.0,10717.19,4750.0,225.63,125.63,,,
4599,2026-09-15 07:19:21,CCU,GAU,2026-09-22,T+7,3579.0,9460.29,2650.0,356.99,256.99,,,
4600,2026-09-15 07:20:33,DEL,IXZ,2026-09-30,T+15,17790.0,18373.33,6400.0,287.08,187.08,,,
4601,2026-09-15 07:20:57,DEL,IXL,2026-09-30,T+15,7738.0,7758.61,4750.0,163.34,63.34,,,
4602,2026-09-15 07:21:22,DEL,COK,2026-09-16,T+1,10715.0,10924.91,5450.0,200.46,100.46,,,
4603,2026-09-15 07:21:44,DEL,PAT,2026-09-16,T+1,6217.0,6396.99,3650.0,175.26,75.26,,,
4604,2026-09-15 07:22:07,DEL,LKO,2026-09-16,T+1,3955.0,4990.84,2950.0,169.18,69.18,,,
4605,2026-09-15 07:22:32,BOM,JAI,2026-09-22,T+7,6976.0,8184.13,3650.0,224.22,124.22,,,
4606,2026-09-15 07:22:58,BOM,AMD,2026-09-22,T+7,4374.0,7110.11,2450.0,290.21,190.21,,,
4607,2026-09-15 07:23:24,MAA,BLR,2026-09-22,T+7,4129.0,4711.19,2250.0,209.39,109.39,,,
4608,2026-09-15 07:23:43,DEL,BBI,2026-09-22,T+7,9145.0,9697.42,4150.0,233.67,133.67,,,
4609,2026-09-15 07:24:08,DEL,ATQ,2026-09-30,T+15,3696.0,4538.92,2650.0,171.28,71.28,,,
4610,2026-09-15 07:24:32,DEL,IDR,2026-09-30,T+15,6109.0,6496.76,3050.0,213.01,113.01,,,
4611,2026-09-15 07:24:55,BOM,COK,2026-09-16,T+1,7144.0,7176.53,4250.0,168.86,68.86,,,
4612,2026-09-15 07:25:18,DEL,BOM,2026-09-30,T+15,6314.0,7108.88,4850.0,146.57,46.57,,,
4613,2026-09-15 07:25:41,BLR,DEL,2026-09-30,T+15,8257.0,9486.71,5200.0,182.44,82.44,,,
4614,2026-09-15 07:26:07,BLR,BOM,2026-09-16,T+1,6727.0,9709.52,3950.0,245.81,145.81,,,
4615,2026-09-15 07:26:28,DEL,CCU,2026-09-22,T+7,7263.0,8868.1,4750.0,186.7,86.7,,,
4616,2026-09-15 07:26:41,DEL,BOM,2026-09-16,T+1,6314.0,6830.8,4850.0,140.84,40.84,154.37,4.19,55.0
4617,2026-09-15 07:27:08,DEL,HYD,2026-09-30,T+15,7884.0,8975.46,4600.0,195.12,95.12,,,
4618,2026-09-15 07:27:33,DEL,PNQ,2026-09-22,T+7,6555.0,7075.1,4900.0,144.39,44.39,,,
4619,2026-09-15 07:27:50,BOM,GOI,2026-09-30,T+15,7557.0,10025.84,3100.0,323.41,223.41,,,
4620,2026-09-15 07:28:11,BOM,MAA,2026-09-16,T+1,6546.0,8208.33,4200.0,195.44,95.44,,,
4621,2026-09-15 07:28:27,AMD,DEL,2026-09-22,T+7,5985.0,6165.78,3400.0,181.35,81.35,,,
4622,2026-09-15 07:28:44,BLR,HYD,2026-09-16,T+1,5358.0,8637.91,2950.0,292.81,192.81,,,
4623,2026-09-15 07:29:09,DEL,SXR,2026-09-22,T+7,6623.0,8794.23,4100.0,214.49,114.49,,,
4624,2026-09-15 07:29:59,DEL,GAU,2026-09-22,T+7,7302.0,10717.19,4750.0,225.63,125.63,,,
4625,2026-09-15 07:30:53,CCU,GAU,2026-09-30,T+15,3579.0,9460.29,2650.0,356.99,256.99,,,
4626,2026-09-15 07:31:52,DEL,IXZ,2026-09-22,T+7,5257.0,16211.16,6400.0,253.3,153.3,,,
4627,2026-09-15 07:32:11,DEL,IXL,2026-09-30,T+15,5249.0,7649.93,4750.0,161.05,61.05,,,
4628,2026-09-15 07:32:31,DEL,COK,2026-09-22,T+7,11346.0,12710.7,5450.0,233.22,133.22,,,
4629,2026-09-15 07:33:10,DEL,PAT,2026-09-30,T+15,6217.0,6383.47,3650.0,174.89,74.89,,,
4630,2026-09-15 07:33:24,DEL,LKO,2026-09-22,T+7,3955.0,4068.7,2950.0,137.92,37.92,,,
4631,2026-09-15 07:33:39,BOM,JAI,2026-09-22,T+7,6976.0,8184.13,3650.0,224.22,124.22,,,
4632,2026-09-15 07:33:53,BOM,AMD,2026-09-22,T+7,4374.0,7110.11,2450.0,290.21,190.21,,,
4633,2026-09-15 07:34:07,MAA,BLR,2026-09-30,T+15,4293.0,5143.24,2250.0,228.59,128.59,,,
4634,2026-09-15 07:34:21,DEL,BBI,2026-09-30,T+15,9775.0,11601.43,4150.0,279.55,179.55,,,
4635,2026-09-15 07:34:35,DEL,ATQ,2026-09-30,T+15,3696.0,4538.92,2650.0,171.28,71.28,,,
4636,2026-09-15 07:34:49,DEL,IDR,2026-09-16,T+1,6109.0,6371.35,3050.0,208.9,108.9,,,
4637,2026-09-15 07:35:03,BOM,COK,2026-09-22,T+7,7144.0,7269.29,4250.0,171.04,71.04,,,
4638,2026-09-15 07:35:18,DEL,BOM,2026-09-30,T+15,6314.0,7108.88,4850.0,146.57,46.57,,,
4639,2026-09-15 07:35:33,BLR,DEL,2026-09-22,T+7,8065.0,8291.98,5200.0,159.46,59.46,,,
4640,2026-09-15 07:35:48,BLR,BOM,2026-09-22,T+7,4164.0,6246.03,3950.0,158.13,58.13,,,
4641,2026-09-15 07:36:02,DEL,CCU,2026-09-22,T+7,7263.0,8868.1,4750.0,186.7,86.7,,,
4642,2026-09-15 07:36:16,DEL,HYD,2026-09-16,T+1,7884.0,10313.03,4600.0,224.2,124.2,,,
4643,2026-09-15 07:36:30,DEL,PNQ,2026-09-30,T+15,6929.0,7669.76,4900.0,156.53,56.53,,,
4644,2026-09-15 07:36:44,BOM,GOI,2026-09-22,T+7,3964.0,5168.1,3100.0,166.71,66.71,,,
4645,2026-09-15 07:36:58,BOM,MAA,2026-09-30,T+15,6358.0,6941.36,4200.0,165.27,65.27,,,
4646,2026-09-15 07:37:12,AMD,DEL,2026-09-22,T+7,5985.0,6165.78,3400.0,181.35,81.35,,,
4647,2026-09-15 07:37:26,BLR,HYD,2026-09-30,T+15,4613.0,5554.17,2950.0,188.28,88.28,,,
4648,2026-09-15 07:37:39,DEL,SXR,2026-09-22,T+7,6623.0,8794.23,4100.0,214.49,114.49,,,
4649,2026-09-15 07:38:05,DEL,GAU,2026-09-22,T+7,7302.0,10509.46,4750.0,221.25,121.25,,,
4650,2026-09-15 07:38:33,CCU,GAU,2026-09-22,T+7,5335.0,9919.14,2650.0,374.31,274.31,,,
4651,2026-09-15 07:38:59,DEL,IXZ,2026-09-16,T+1,4991.0,17643.24,6400.0,275.68,175.68,,,
4652,2026-09-15 07:39:14,DEL,IXL,2026-09-22,T+7,7738.0,7758.8,4750.0,163.34,63.34,,,
4653,2026-09-15 07:39:28,DEL,COK,2026-09-30,T+15,11120.0,14602.7,5450.0,267.94,167.94,,,
4654,2026-09-15 07:39:42,DEL,PAT,2026-09-16,T+1,6217.0,6375.74,3650.0,174.68,74.68,,,
4655,2026-09-15 07:39:56,DEL,LKO,2026-09-30,T+15,3955.0,4105.5,2950.0,139.17,39.17,,,
4656,2026-09-15 07:40:11,BOM,JAI,2026-09-30,T+15,7777.0,8814.92,3650.0,241.5,141.5,,,
4657,2026-09-15 07:40:25,BOM,AMD,2026-09-16,T+1,4727.0,8404.07,2450.0,343.02,243.02,,,
4658,2026-09-15 07:40:39,MAA,BLR,2026-09-16,T+1,4293.0,4590.9,2250.0,204.04,104.04,,,
4659,2026-09-15 07:40:54,DEL,BBI,2026-09-22,T+7,9145.0,9751.33,4150.0,234.97,134.97,,,
4660,2026-09-15 07:41:08,DEL,ATQ,2026-09-22,T+7,3532.0,3828.77,2650.0,144.48,44.48,,,
4661,2026-09-15 07:41:22,DEL,IDR,2026-09-22,T+7,6109.0,6695.08,3050.0,219.51,119.51,,,
4662,2026-09-15 07:41:36,BOM,COK,2026-09-22,T+7,7144.0,7269.29,4250.0,171.04,71.04,,,
4663,2026-09-15 07:41:51,DEL,BOM,2026-09-16,T+1,6314.0,6821.74,4850.0,140.65,40.65,,,
4664,2026-09-15 07:42:06,BLR,DEL,2026-09-22,T+7,8065.0,8291.98,5200.0,159.46,59.46,,,
4665,2026-09-15 07:42:20,BLR,BOM,2026-09-22,T+7,4164.0,6246.03,3950.0,158.13,58.13,,,
4666,2026-09-15 07:42:35,DEL,CCU,2026-09-22,T+7,7263.0,8868.1,4750.0,186.7,86.7,,,
4667,2026-09-15 07:42:49,DEL,HYD,2026-09-30,T+15,7884.0,8975.46,4600.0,195.12,95.12,,,
4668,2026-09-15 07:43:04,DEL,PNQ,2026-09-22,T+7,6555.0,7076.67,4900.0,144.42,44.42,,,
4669,2026-09-15 07:43:18,BOM,GOI,2026-09-16,T+1,5520.0,8905.41,3100.0,287.27,187.27,,,
4670,2026-09-15 07:43:32,BOM,MAA,2026-09-16,T+1,6546.0,7896.18,4200.0,188.0,88.0,,,
4671,2026-09-15 07:43:47,AMD,DEL,2026-09-22,T+7,5985.0,6165.78,3400.0,181.35,81.35,,,
4672,2026-09-15 07:44:02,BLR,HYD,2026-09-22,T+7,4580.0,5750.43,2950.0,194.93,94.93,,,
4673,2026-09-15 07:44:16,DEL,SXR,2026-09-30,T+15,6735.0,8003.27,4100.0,195.2,95.2,,,
4674,2026-09-15 07:44:39,DEL,GAU,2026-09-22,T+7,7302.0,10509.46,4750.0,221.25,121.25,,,
4675,2026-09-15 07:45:03,CCU,GAU,2026-09-30,T+15,4800.0,9105.94,2650.0,343.62,243.62,,,
4676,2026-09-15 07:45:28,DEL,IXZ,2026-09-16,T+1,4991.0,17261.17,6400.0,269.71,169.71,,,
4677,2026-09-15 07:45:42,DEL,IXL,2026-09-22,T+7,7738.0,7758.8,4750.0,163.34,63.34,,,
4678,2026-09-15 07:45:56,DEL,COK,2026-09-16,T+1,10715.0,11648.58,5450.0,213.74,113.74,,,
4679,2026-09-15 07:46:10,DEL,PAT,2026-09-16,T+1,6217.0,6375.74,3650.0,174.68,74.68,,,
4680,2026-09-15 07:46:24,DEL,LKO,2026-09-30,T+15,3955.0,4105.5,2950.0,139.17,39.17,,,
4681,2026-09-15 07:46:38,BOM,JAI,2026-09-30,T+15,7777.0,8814.92,3650.0,241.5,141.5,,,
4682,2026-09-15 07:46:53,BOM,AMD,2026-09-22,T+7,4374.0,7110.11,2450.0,290.21,190.21,,,
4683,2026-09-15 07:47:07,MAA,BLR,2026-09-22,T+7,4129.0,4724.58,2250.0,209.98,109.98,,,
4684,2026-09-15 07:47:20,DEL,BBI,2026-09-16,T+1,11140.0,15180.34,4150.0,365.79,265.79,,,
4685,2026-09-15 07:47:34,DEL,ATQ,2026-09-22,T+7,3532.0,3828.77,2650.0,144.48,44.48,,,
4686,2026-09-15 07:47:48,DEL,IDR,2026-09-30,T+15,6109.0,6496.76,3050.0,213.01,113.01,,,
4687,2026-09-15 07:48:02,BOM,COK,2026-09-16,T+1,7144.0,7176.53,4250.0,168.86,68.86,,,
4688,2026-09-15 07:48:17,DEL,BOM,2026-09-16,T+1,6314.0,7100.8,4850.0,146.41,46.41,,,
4689,2026-09-15 07:48:32,BLR,DEL,2026-09-30,T+15,8257.0,9406.88,5200.0,180.9,80.9,,,
4690,2026-09-15 07:48:46,BLR,BOM,2026-09-30,T+15,4164.0,6472.63,3950.0,163.86,63.86,,,
4691,2026-09-15 07:49:01,DEL,CCU,2026-09-30,T+15,7271.0,9169.48,4750.0,193.04,93.04,,,
4692,2026-09-15 07:49:15,DEL,HYD,2026-09-22,T+7,7884.0,8974.11,4600.0,195.09,95.09,,,
4693,2026-09-15 07:49:30,DEL,PNQ,2026-09-30,T+15,6929.0,7669.76,4900.0,156.53,56.53,,,
4694,2026-09-15 07:49:44,BOM,GOI,2026-09-22,T+7,3964.0,5192.35,3100.0,167.5,67.5,,,
4695,2026-09-15 07:49:58,BOM,MAA,2026-09-16,T+1,6546.0,7896.18,4200.0,188.0,88.0,,,
4696,2026-09-15 07:50:13,AMD,DEL,2026-09-30,T+15,5985.0,6211.9,3400.0,182.7,82.7,,,
4697,2026-09-15 07:50:27,BLR,HYD,2026-09-30,T+15,4613.0,5591.44,2950.0,189.54,89.54,,,
4698,2026-09-15 07:50:41,DEL,SXR,2026-09-16,T+1,6908.0,7638.7,4100.0,186.31,86.31,,,
4699,2026-09-15 07:51:05,DEL,GAU,2026-09-16,T+1,8189.0,11172.89,4750.0,235.22,135.22,,,
4700,2026-09-15 07:51:29,CCU,GAU,2026-09-16,T+1,3579.0,9459.42,2650.0,356.96,256.96,,,
4701,2026-09-15 07:51:55,DEL,IXZ,2026-09-16,T+1,4991.0,17180.41,6400.0,268.44,168.44,,,
4702,2026-09-15 07:52:09,DEL,IXL,2026-09-30,T+15,5249.0,7649.93,4750.0,161.05,61.05,,,
4703,2026-09-15 07:52:24,DEL,COK,2026-09-30,T+15,13272.0,14719.15,5450.0,270.08,170.08,,,
4704,2026-09-15 07:52:38,DEL,PAT,2026-09-16,T+1,6217.0,6375.74,3650.0,174.68,74.68,,,
4705,2026-09-15 07:52:52,DEL,LKO,2026-09-30,T+15,3955.0,4105.5,2950.0,139.17,39.17,,,
4706,2026-09-15 07:53:07,BOM,JAI,2026-09-30,T+15,7777.0,8814.92,3650.0,241.5,141.5,,,
4707,2026-09-15 07:53:21,BOM,AMD,2026-09-22,T+7,4374.0,7056.25,2450.0,288.01,188.01,,,
4708,2026-09-15 07:53:35,MAA,BLR,2026-09-22,T+7,4129.0,4724.58,2250.0,209.98,109.98,,,
4709,2026-09-15 07:53:49,DEL,BBI,2026-09-30,T+15,9775.0,11601.43,4150.0,279.55,179.55,,,
4710,2026-09-15 07:54:04,DEL,ATQ,2026-09-22,T+7,3695.0,3837.26,2650.0,144.8,44.8,,,
4711,2026-09-15 07:54:18,DEL,IDR,2026-09-16,T+1,6109.0,6416.47,3050.0,210.38,110.38,,,
4712,2026-09-15 07:54:32,BOM,COK,2026-09-30,T+15,7144.0,10819.06,4250.0,254.57,154.57,,,
4713,2026-09-15 07:54:47,DEL,BOM,2026-09-16,T+1,6314.0,6829.3,4850.0,140.81,40.81,,,
4714,2026-09-15 07:55:02,BLR,DEL,2026-09-22,T+7,8065.0,8291.98,5200.0,159.46,59.46,,,
4715,2026-09-15 07:55:16,BLR,BOM,2026-09-16,T+1,6727.0,8408.7,3950.0,212.88,112.88,,,
4716,2026-09-15 07:55:31,DEL,CCU,2026-09-30,T+15,7271.0,9169.48,4750.0,193.04,93.04,,,
4717,2026-09-15 07:55:46,DEL,HYD,2026-09-16,T+1,7884.0,10236.26,4600.0,222.53,122.53,,,
4718,2026-09-15 07:56:00,DEL,PNQ,2026-09-16,T+1,6929.0,7829.93,4900.0,159.79,59.79,,,
4719,2026-09-15 07:56:15,BOM,GOI,2026-09-30,T+15,7819.0,10434.14,3100.0,336.59,236.59,,,
4720,2026-09-15 07:56:29,BOM,MAA,2026-09-22,T+7,6443.0,6704.47,4200.0,159.63,59.63,,,
4721,2026-09-15 07:56:44,AMD,DEL,2026-09-22,T+7,5985.0,6165.78,3400.0,181.35,81.35,,,
4722,2026-09-15 07:56:58,BLR,HYD,2026-09-22,T+7,4473.0,5730.26,2950.0,194.25,94.25,,,
4723,2026-09-15 07:57:12,DEL,SXR,2026-09-22,T+7,6623.0,8608.83,4100.0,209.97,109.97,,,
4724,2026-09-15 07:57:38,DEL,GAU,2026-09-16,T+1,8189.0,11102.27,4750.0,233.73,133.73,,,
4725,2026-09-15 07:58:03,CCU,GAU,2026-09-16,T+1,3579.0,9505.44,2650.0,358.7,258.7,,,
4726,2026-09-15 07:58:29,DEL,IXZ,2026-09-22,T+7,4991.0,13433.51,6400.0,209.9,109.9,,,
4727,2026-09-15 07:58:43,DEL,IXL,2026-09-30,T+15,5249.0,7649.93,4750.0,161.05,61.05,,,
4728,2026-09-15 07:58:57,DEL,COK,2026-09-30,T+15,13272.0,14719.15,5450.0,270.08,170.08,,,
4729,2026-09-15 07:59:11,DEL,PAT,2026-09-16,T+1,6217.0,6390.07,3650.0,175.07,75.07,,,
4730,2026-09-15 07:59:25,DEL,LKO,2026-09-16,T+1,3955.0,4990.84,2950.0,169.18,69.18,,,
4731,2026-09-15 07:59:39,BOM,JAI,2026-09-22,T+7,6976.0,8184.13,3650.0,224.22,124.22,,,
4732,2026-09-15 07:59:54,BOM,AMD,2026-09-16,T+1,4727.0,8442.54,2450.0,344.59,244.59,,,
4733,2026-09-15 08:00:08,MAA,BLR,2026-09-30,T+15,4293.0,5091.54,2250.0,226.29,126.29,,,
4734,2026-09-15 08:00:22,DEL,BBI,2026-09-16,T+1,12400.0,14075.96,4150.0,339.18,239.18,,,
4735,2026-09-15 08:00:36,DEL,ATQ,2026-09-22,T+7,3695.0,3837.26,2650.0,144.8,44.8,,,
4736,2026-09-15 08:00:50,DEL,IDR,2026-09-16,T+1,6109.0,6416.47,3050.0,210.38,110.38,,,
4737,2026-09-15 08:01:05,BOM,COK,2026-09-16,T+1,7144.0,7176.53,4250.0,168.86,68.86,,,
4738,2026-09-15 08:01:20,DEL,BOM,2026-09-22,T+7,5985.0,6889.5,4850.0,142.05,42.05,,,
4739,2026-09-15 08:01:34,BLR,DEL,2026-09-30,T+15,8257.0,9406.88,5200.0,180.9,80.9,,,
4740,2026-09-15 08:01:49,BLR,BOM,2026-09-22,T+7,4164.0,6251.98,3950.0,158.28,58.28,,,
4741,2026-09-15 08:02:03,DEL,CCU,2026-09-30,T+15,7271.0,9169.48,4750.0,193.04,93.04,,,
4742,2026-09-15 08:02:18,DEL,HYD,2026-09-22,T+7,7884.0,8974.11,4600.0,195.09,95.09,,,
4743,2026-09-15 08:02:32,DEL,PNQ,2026-09-30,T+15,6929.0,7669.76,4900.0,156.53,56.53,,,
4744,2026-09-15 08:02:46,BOM,GOI,2026-09-30,T+15,7819.0,10434.14,3100.0,336.59,236.59,,,
4745,2026-09-15 08:03:00,BOM,MAA,2026-09-16,T+1,6546.0,8484.69,4200.0,202.02,102.02,,,
4746,2026-09-15 08:03:14,AMD,DEL,2026-09-22,T+7,5985.0,6165.78,3400.0,181.35,81.35,,,
4747,2026-09-15 08:03:29,BLR,HYD,2026-09-16,T+1,5358.0,8707.04,2950.0,295.15,195.15,,,
4748,2026-09-15 08:03:43,DEL,SXR,2026-09-16,T+1,6908.0,7649.76,4100.0,186.58,86.58,,,
4749,2026-09-15 08:04:09,DEL,GAU,2026-09-22,T+7,7302.0,10707.52,4750.0,225.42,125.42,,,
4750,2026-09-15 08:04:32,CCU,GAU,2026-09-22,T+7,5104.0,9617.18,2650.0,362.91,262.91,,,
4751,2026-09-15 08:04:57,DEL,IXZ,2026-09-30,T+15,4991.0,15181.02,6400.0,237.2,137.2,,,
4752,2026-09-15 08:05:11,DEL,IXL,2026-09-22,T+7,7738.0,7758.8,4750.0,163.34,63.34,,,
4753,2026-09-15 08:05:26,DEL,COK,2026-09-16,T+1,10715.0,10781.66,5450.0,197.83,97.83,,,
4754,2026-09-15 08:05:40,DEL,PAT,2026-09-22,T+7,6029.0,6388.18,3650.0,175.02,75.02,,,
4755,2026-09-15 08:05:54,DEL,LKO,2026-09-22,T+7,3955.0,4068.7,2950.0,137.92,37.92,,,
4756,2026-09-15 08:06:09,BOM,JAI,2026-09-30,T+15,7777.0,8814.92,3650.0,241.5,141.5,,,
4757,2026-09-15 08:06:23,BOM,AMD,2026-09-16,T+1,4727.0,8442.54,2450.0,344.59,244.59,,,
4758,2026-09-15 08:06:37,MAA,BLR,2026-09-16,T+1,4293.0,6065.4,2250.0,269.57,169.57,,,
4759,2026-09-15 08:06:52,DEL,BBI,2026-09-22,T+7,9145.0,9751.33,4150.0,234.97,134.97,,,
4760,2026-09-15 08:07:06,DEL,ATQ,2026-09-16,T+1,3696.0,3860.4,2650.0,145.68,45.68,,,
4761,2026-09-15 08:07:21,DEL,IDR,2026-09-30,T+15,6109.0,6496.76,3050.0,213.01,113.01,,,
4762,2026-09-15 08:07:35,BOM,COK,2026-09-22,T+7,7144.0,7269.29,4250.0,171.04,71.04,,,
4763,2026-09-15 08:07:50,DEL,BOM,2026-09-22,T+7,5985.0,6872.92,4850.0,141.71,41.71,,,
4764,2026-09-15 08:08:04,BLR,DEL,2026-09-30,T+15,8257.0,9405.34,5200.0,180.87,80.87,,,
4765,2026-09-15 08:08:19,BLR,BOM,2026-09-16,T+1,6727.0,7949.53,3950.0,201.25,101.25,,,
4766,2026-09-15 08:08:33,DEL,CCU,2026-09-16,T+1,7481.0,8759.27,4750.0,184.41,84.41,,,
4767,2026-09-15 08:08:48,DEL,HYD,2026-09-30,T+15,7884.0,8975.46,4600.0,195.12,95.12,,,
4768,2026-09-15 08:09:02,DEL,PNQ,2026-09-16,T+1,6929.0,7824.7,4900.0,159.69,59.69,,,
4769,2026-09-15 08:09:16,BOM,GOI,2026-09-30,T+15,7819.0,10434.14,3100.0,336.59,236.59,,,
4770,2026-09-15 08:09:31,BOM,MAA,2026-09-30,T+15,6358.0,6941.36,4200.0,165.27,65.27,,,
4771,2026-09-15 08:09:45,AMD,DEL,2026-09-22,T+7,5985.0,6165.78,3400.0,181.35,81.35,,,
4772,2026-09-15 08:10:00,BLR,HYD,2026-09-16,T+1,5358.0,8707.04,2950.0,295.15,195.15,,,
4773,2026-09-15 08:10:14,DEL,SXR,2026-09-16,T+1,6908.0,7639.15,4100.0,186.32,86.32,,,
4774,2026-09-15 08:10:40,DEL,GAU,2026-09-30,T+15,8189.0,11164.89,4750.0,235.05,135.05,,,
4775,2026-09-15 08:11:06,CCU,GAU,2026-09-16,T+1,3579.0,9515.3,2650.0,359.07,259.07,,,
4776,2026-09-15 08:11:34,DEL,IXZ,2026-09-16,T+1,4991.0,17180.41,6400.0,268.44,168.44,,,
4777,2026-09-15 08:11:48,DEL,IXL,2026-09-30,T+15,5249.0,7649.93,4750.0,161.05,61.05,,,
4778,2026-09-15 08:12:03,DEL,COK,2026-09-16,T+1,10715.0,11703.13,5450.0,214.74,114.74,,,
4779,2026-09-15 08:12:17,DEL,PAT,2026-09-30,T+15,6217.0,6342.36,3650.0,173.76,73.76,,,
4780,2026-09-15 08:12:31,DEL,LKO,2026-09-16,T+1,3955.0,4990.84,2950.0,169.18,69.18,,,
4781,2026-09-15 08:12:46,BOM,JAI,2026-09-22,T+7,6976.0,8152.11,3650.0,223.35,123.35,,,
4782,2026-09-15 08:13:00,BOM,AMD,2026-09-30,T+15,4584.0,5228.98,2450.0,213.43,113.43,,,
4783,2026-09-15 08:13:15,MAA,BLR,2026-09-16,T+1,4293.0,6065.4,2250.0,269.57,169.57,,,
4784,2026-09-15 08:13:29,DEL,BBI,2026-09-22,T+7,9145.0,9751.33,4150.0,234.97,134.97,,,
4785,2026-09-15 08:13:44,DEL,ATQ,2026-09-30,T+15,3696.0,4538.92,2650.0,171.28,71.28,,,
4786,2026-09-15 08:13:58,DEL,IDR,2026-09-22,T+7,6109.0,6695.08,3050.0,219.51,119.51,,,
4787,2026-09-15 08:14:12,BOM,COK,2026-09-30,T+15,7144.0,11413.18,4250.0,268.55,168.55,,,
4788,2026-09-15 08:14:27,DEL,BOM,2026-09-22,T+7,5985.0,6917.83,4850.0,142.64,42.64,,,
4789,2026-09-15 08:14:42,BLR,DEL,2026-09-16,T+1,8257.0,11541.77,5200.0,221.96,121.96,,,
4790,2026-09-15 08:14:57,BLR,BOM,2026-09-30,T+15,4164.0,6451.32,3950.0,163.32,63.32,,,
4791,2026-09-15 08:15:12,DEL,CCU,2026-09-30,T+15,7271.0,9169.48,4750.0,193.04,93.04,,,
4792,2026-09-15 08:15:27,DEL,HYD,2026-09-30,T+15,7884.0,8975.46,4600.0,195.12,95.12,,,
4793,2026-09-15 08:15:41,DEL,PNQ,2026-09-22,T+7,6555.0,7076.67,4900.0,144.42,44.42,,,
4794,2026-09-15 08:15:56,BOM,GOI,2026-09-30,T+15,7819.0,10434.14,3100.0,336.59,236.59,,,
4795,2026-09-15 08:16:10,BOM,MAA,2026-09-22,T+7,6443.0,6721.34,4200.0,160.03,60.03,,,
4796,2026-09-15 08:16:25,AMD,DEL,2026-09-16,T+1,5985.0,10317.91,3400.0,303.47,203.47,,,
4797,2026-09-15 08:16:40,BLR,HYD,2026-09-22,T+7,4473.0,5774.06,2950.0,195.73,95.73,,,
4798,2026-09-15 08:16:55,DEL,SXR,2026-09-22,T+7,6623.0,8608.83,4100.0,209.97,109.97,,,
4799,2026-09-15 08:17:22,DEL,GAU,2026-09-30,T+15,8189.0,11167.81,4750.0,235.11,135.11,,,
4800,2026-09-15 08:17:48,CCU,GAU,2026-09-16,T+1,3579.0,9509.66,2650.0,358.86,258.86,,,
4801,2026-09-15 08:18:03,DEL,IXZ,2026-09-16,T+1,15596.0,22952.1,6400.0,358.63,258.63,,,
4802,2026-09-15 08:18:17,DEL,IXL,2026-09-16,T+1,7738.0,7875.09,4750.0,165.79,65.79,,,
4803,2026-09-15 08:18:31,DEL,COK,2026-09-22,T+7,11346.0,12710.7,5450.0,233.22,133.22,,,
4804,2026-09-15 08:18:46,DEL,PAT,2026-09-22,T+7,6029.0,6388.18,3650.0,175.02,75.02,,,
4805,2026-09-15 08:19:01,DEL,LKO,2026-09-30,T+15,3955.0,4105.5,2950.0,139.17,39.17,,,
4806,2026-09-15 08:19:15,BOM,JAI,2026-09-16,T+1,6976.0,9948.54,3650.0,272.56,172.56,,,
4807,2026-09-15 08:19:30,BOM,AMD,2026-09-30,T+15,4584.0,5228.98,2450.0,213.43,113.43,,,
4808,2026-09-15 08:19:45,MAA,BLR,2026-09-22,T+7,4129.0,4724.58,2250.0,209.98,109.98,,,
4809,2026-09-15 08:20:00,DEL,BBI,2026-09-22,T+7,9145.0,9751.33,4150.0,234.97,134.97,,,
4810,2026-09-15 08:20:15,DEL,ATQ,2026-09-22,T+7,3695.0,3837.26,2650.0,144.8,44.8,,,
4811,2026-09-15 08:20:29,DEL,IDR,2026-09-22,T+7,6109.0,6695.08,3050.0,219.51,119.51,,,
4812,2026-09-15 08:20:43,BOM,COK,2026-09-22,T+7,7144.0,7269.29,4250.0,171.04,71.04,,,
4813,2026-09-15 08:20:59,DEL,BOM,2026-09-30,T+15,6314.0,7152.75,4850.0,147.48,47.48,,,
4814,2026-09-15 08:21:14,BLR,DEL,2026-09-16,T+1,8257.0,10962.43,5200.0,210.82,110.82,,,
4815,2026-09-15 08:21:28,BLR,BOM,2026-09-22,T+7,4164.0,6251.98,3950.0,158.28,58.28,,,
4816,2026-09-15 08:21:42,DEL,CCU,2026-09-30,T+15,7271.0,9169.48,4750.0,193.04,93.04,,,
4817,2026-09-15 08:21:57,DEL,HYD,2026-09-22,T+7,7884.0,8951.69,4600.0,194.6,94.6,,,
4818,2026-09-15 08:22:12,DEL,PNQ,2026-09-30,T+15,6929.0,7669.76,4900.0,156.53,56.53,,,
4819,2026-09-15 08:22:19,DEL,BOM,2026-09-16,T+1,6314.0,6950.31,4850.0,143.31,43.31,155.91,4.31,56.0
4820,2026-09-15 08:22:43,BOM,GOI,2026-09-16,T+1,5520.0,9003.02,3100.0,290.42,190.42,,,
4821,2026-09-15 08:22:58,BOM,MAA,2026-09-22,T+7,6443.0,6721.34,4200.0,160.03,60.03,,,
4822,2026-09-15 08:23:13,AMD,DEL,2026-09-22,T+7,5985.0,6173.42,3400.0,181.57,81.57,,,
4823,2026-09-15 08:23:28,BLR,HYD,2026-09-16,T+1,5358.0,8676.9,2950.0,294.13,194.13,,,
4824,2026-09-15 08:23:42,DEL,SXR,2026-09-30,T+15,6735.0,8003.27,4100.0,195.2,95.2,,,
4825,2026-09-15 08:24:08,DEL,GAU,2026-09-16,T+1,8189.0,11149.27,4750.0,234.72,134.72,,,
4826,2026-09-15 08:24:33,CCU,GAU,2026-09-16,T+1,3579.0,9515.3,2650.0,359.07,259.07,,,
4827,2026-09-15 08:25:01,DEL,IXZ,2026-09-22,T+7,4991.0,13368.49,6400.0,208.88,108.88,,,
4828,2026-09-15 08:25:15,DEL,IXL,2026-09-16,T+1,7738.0,7851.83,4750.0,165.3,65.3,,,
4829,2026-09-15 08:25:30,DEL,COK,2026-09-16,T+1,10715.0,11648.58,5450.0,213.74,113.74,,,
4830,2026-09-15 08:25:36,DEL,BOM,2026-09-16,T+1,6314.0,6950.31,4850.0,143.31,43.31,148.29,3.72,56.0
4831,2026-09-15 08:25:39,DEL,BOM,2026-09-16,T+1,6314.0,6950.31,4850.0,143.31,43.31,148.29,3.72,56.0
4832,2026-09-15 08:26:03,DEL,PAT,2026-09-30,T+15,6217.0,6342.36,3650.0,173.76,73.76,,,
4833,2026-09-15 08:26:17,DEL,LKO,2026-09-30,T+15,3955.0,4105.5,2950.0,139.17,39.17,,,
4834,2026-09-15 08:26:32,BOM,JAI,2026-09-30,T+15,7777.0,8814.92,3650.0,241.5,141.5,,,
4835,2026-09-15 08:26:47,BOM,AMD,2026-09-16,T+1,4727.0,8547.68,2450.0,348.88,248.88,,,
4836,2026-09-15 08:27:01,MAA,BLR,2026-09-30,T+15,4293.0,5091.54,2250.0,226.29,126.29,,,
4837,2026-09-15 08:27:16,DEL,BBI,2026-09-16,T+1,12400.0,15355.33,4150.0,370.01,270.01,,,
4838,2026-09-15 08:27:30,DEL,ATQ,2026-09-16,T+1,3696.0,3860.4,2650.0,145.68,45.68,,,
4839,2026-09-15 08:27:45,DEL,IDR,2026-09-22,T+7,6109.0,6695.08,3050.0,219.51,119.51,,,
4840,2026-09-15 08:27:59,BOM,COK,2026-09-22,T+7,7144.0,7269.29,4250.0,171.04,71.04,,,
4841,2026-09-15 08:28:15,DEL,BOM,2026-09-30,T+15,6314.0,7108.88,4850.0,146.57,46.57,,,
4842,2026-09-15 08:28:30,BLR,DEL,2026-09-16,T+1,8257.0,10858.73,5200.0,208.82,108.82,,,
4843,2026-09-15 08:28:45,BLR,BOM,2026-09-16,T+1,6727.0,9491.9,3950.0,240.3,140.3,,,
4844,2026-09-15 08:29:00,DEL,CCU,2026-09-22,T+7,7263.0,8807.14,4750.0,185.41,85.41,,,
4845,2026-09-15 08:29:15,DEL,HYD,2026-09-22,T+7,7884.0,8951.69,4600.0,194.6,94.6,,,
4846,2026-09-15 08:29:30,DEL,PNQ,2026-09-30,T+15,6929.0,7683.05,4900.0,156.8,56.8,,,
4847,2026-09-15 08:29:44,BOM,GOI,2026-09-22,T+7,3964.0,5192.35,3100.0,167.5,67.5,,,
4848,2026-09-15 08:29:59,BOM,MAA,2026-09-16,T+1,6546.0,8478.03,4200.0,201.86,101.86,,,
4849,2026-09-15 08:30:14,AMD,DEL,2026-09-16,T+1,5985.0,10317.91,3400.0,303.47,203.47,,,
4850,2026-09-15 08:30:29,BLR,HYD,2026-09-22,T+7,4473.0,5774.06,2950.0,195.73,95.73,,,
4851,2026-09-15 08:30:44,DEL,SXR,2026-09-30,T+15,6735.0,8003.27,4100.0,195.2,95.2,,,
4852,2026-09-15 08:31:13,DEL,GAU,2026-09-22,T+7,7655.0,10773.73,4750.0,226.82,126.82,,,
4853,2026-09-15 08:31:39,CCU,GAU,2026-09-22,T+7,5104.0,9617.18,2650.0,362.91,262.91,,,
4854,2026-09-15 08:32:08,DEL,IXZ,2026-09-30,T+15,4991.0,15068.02,6400.0,235.44,135.44,,,
4855,2026-09-15 08:32:22,DEL,IXL,2026-09-30,T+15,5249.0,7649.93,4750.0,161.05,61.05,,,
4856,2026-09-15 08:32:37,DEL,COK,2026-09-22,T+7,11346.0,12710.7,5450.0,233.22,133.22,,,
4857,2026-09-15 08:32:52,DEL,PAT,2026-09-30,T+15,6217.0,6342.36,3650.0,173.76,73.76,,,
4858,2026-09-15 08:33:07,DEL,LKO,2026-09-30,T+15,3955.0,4105.5,2950.0,139.17,39.17,,,
4859,2026-09-15 08:33:22,BOM,JAI,2026-09-30,T+15,7777.0,8814.92,3650.0,241.5,141.5,,,
4860,2026-09-15 08:33:37,BOM,AMD,2026-09-30,T+15,4584.0,5228.98,2450.0,213.43,113.43,,,
4861,2026-09-15 08:33:53,MAA,BLR,2026-09-30,T+15,4293.0,5091.54,2250.0,226.29,126.29,,,
4862,2026-09-15 08:34:08,DEL,BBI,2026-09-22,T+7,9145.0,9751.33,4150.0,234.97,134.97,,,
4863,2026-09-15 08:34:23,DEL,ATQ,2026-09-30,T+15,3696.0,4538.92,2650.0,171.28,71.28,,,
4864,2026-09-15 08:34:37,DEL,IDR,2026-09-22,T+7,6109.0,6695.08,3050.0,219.51,119.51,,,
4865,2026-09-15 08:34:52,BOM,COK,2026-09-30,T+15,7144.0,11413.18,4250.0,268.55,168.55,,,
4866,2026-09-15 08:35:06,DEL,BOM,2026-09-30,T+15,6314.0,7108.88,4850.0,146.57,46.57,,,
4867,2026-09-15 08:35:22,BLR,DEL,2026-09-30,T+15,8257.0,9398.54,5200.0,180.74,80.74,,,
4868,2026-09-15 08:35:37,BLR,BOM,2026-09-22,T+7,4164.0,6251.98,3950.0,158.28,58.28,,,
4869,2026-09-15 08:35:51,DEL,CCU,2026-09-22,T+7,7263.0,8807.14,4750.0,185.41,85.41,,,
4870,2026-09-15 08:36:06,DEL,HYD,2026-09-22,T+7,7884.0,8929.26,4600.0,194.11,94.11,,,
4871,2026-09-15 08:36:20,DEL,PNQ,2026-09-16,T+1,6929.0,7830.16,4900.0,159.8,59.8,,,
4872,2026-09-15 08:36:34,BOM,GOI,2026-09-16,T+1,5520.0,9003.02,3100.0,290.42,190.42,,,
4873,2026-09-15 08:36:50,BOM,MAA,2026-09-22,T+7,6443.0,6721.34,4200.0,160.03,60.03,,,
4874,2026-09-15 08:37:05,AMD,DEL,2026-09-30,T+15,5985.0,6211.9,3400.0,182.7,82.7,,,
4875,2026-09-15 08:37:19,BLR,HYD,2026-09-22,T+7,4473.0,5774.06,2950.0,195.73,95.73,,,
4876,2026-09-15 08:37:34,DEL,SXR,2026-09-22,T+7,6623.0,8794.23,4100.0,214.49,114.49,,,
4877,2026-09-15 08:37:59,DEL,GAU,2026-09-22,T+7,7655.0,10773.73,4750.0,226.82,126.82,,,
4878,2026-09-15 08:38:25,CCU,GAU,2026-09-16,T+1,3579.0,9044.8,2650.0,341.31,241.31,,,
4879,2026-09-15 08:38:54,DEL,IXZ,2026-09-22,T+7,4991.0,13368.49,6400.0,208.88,108.88,,,
4880,2026-09-15 08:39:08,DEL,IXL,2026-09-16,T+1,7738.0,7851.83,4750.0,165.3,65.3,,,
4881,2026-09-15 08:39:22,DEL,COK,2026-09-30,T+15,13272.0,14719.15,5450.0,270.08,170.08,,,
4882,2026-09-15 08:39:40,DEL,PAT,2026-09-30,T+15,6217.0,6342.36,3650.0,173.76,73.76,,,
4883,2026-09-15 08:39:55,DEL,LKO,2026-09-30,T+15,3955.0,4105.5,2950.0,139.17,39.17,,,
4884,2026-09-15 08:40:10,BOM,JAI,2026-09-22,T+7,6976.0,8152.11,3650.0,223.35,123.35,,,
4885,2026-09-15 08:40:24,BOM,AMD,2026-09-30,T+15,4584.0,5228.98,2450.0,213.43,113.43,,,
4886,2026-09-15 08:40:39,MAA,BLR,2026-09-22,T+7,4129.0,4724.58,2250.0,209.98,109.98,,,
4887,2026-09-15 08:40:53,DEL,BBI,2026-09-16,T+1,11547.0,15229.18,4150.0,366.97,266.97,,,
4888,2026-09-15 08:41:08,DEL,ATQ,2026-09-30,T+15,3696.0,4538.92,2650.0,171.28,71.28,,,
4889,2026-09-15 08:41:22,DEL,IDR,2026-09-16,T+1,6109.0,6334.9,3050.0,207.7,107.7,,,
4890,2026-09-15 08:41:37,BOM,COK,2026-09-16,T+1,7144.0,7161.88,4250.0,168.51,68.51,,,
4891,2026-09-15 08:41:52,DEL,BOM,2026-09-16,T+1,6314.0,6970.27,4850.0,143.72,43.72,,,
4892,2026-09-15 08:42:07,BLR,DEL,2026-09-16,T+1,8257.0,11169.46,5200.0,214.8,114.8,,,
4893,2026-09-15 08:42:22,BLR,BOM,2026-09-22,T+7,4164.0,6251.98,3950.0,158.28,58.28,,,
4894,2026-09-15 08:42:40,DEL,CCU,2026-09-30,T+15,7271.0,9153.24,4750.0,192.7,92.7,,,
4895,2026-09-15 08:42:55,DEL,HYD,2026-09-22,T+7,7884.0,8929.26,4600.0,194.11,94.11,,,
4896,2026-09-15 08:43:09,DEL,PNQ,2026-09-16,T+1,6929.0,7831.71,4900.0,159.83,59.83,,,
4897,2026-09-15 08:43:24,BOM,GOI,2026-09-22,T+7,3964.0,5192.35,3100.0,167.5,67.5,,,
4898,2026-09-15 08:43:39,BOM,MAA,2026-09-30,T+15,6358.0,6941.36,4200.0,165.27,65.27,,,
4899,2026-09-15 08:43:53,AMD,DEL,2026-09-16,T+1,5985.0,10412.49,3400.0,306.25,206.25,,,
4900,2026-09-15 08:44:10,BLR,HYD,2026-09-30,T+15,4613.0,5516.91,2950.0,187.01,87.01,,,
4901,2026-09-15 08:44:25,DEL,SXR,2026-09-16,T+1,6908.0,7638.7,4100.0,186.31,86.31,,,
4902,2026-09-15 08:44:51,DEL,GAU,2026-09-22,T+7,7655.0,10773.73,4750.0,226.82,126.82,,,
4903,2026-09-15 08:45:16,CCU,GAU,2026-09-30,T+15,4800.0,9105.94,2650.0,343.62,243.62,,,
4904,2026-09-15 08:45:44,DEL,IXZ,2026-09-30,T+15,4991.0,15068.02,6400.0,235.44,135.44,,,
4905,2026-09-15 08:45:59,DEL,IXL,2026-09-22,T+7,7738.0,7758.8,4750.0,163.34,63.34,,,
4906,2026-09-15 08:46:04,DEL,BOM,2026-09-16,T+1,6314.0,6970.27,4850.0,143.72,43.72,145.36,3.49,56.0
4907,2026-09-15 08:46:28,DEL,COK,2026-09-16,T+1,10715.0,11855.51,5450.0,217.53,117.53,,,
4908,2026-09-15 08:46:33,BOM,CCU,2026-12-16,T+92,8323.0,9064.44,4500.0,201.43,101.43,143.59,3.36,16.0
4909,2026-09-15 08:46:59,DEL,PAT,2026-09-16,T+1,6217.0,6405.13,3650.0,175.48,75.48,,,
4910,2026-09-15 08:47:13,DEL,LKO,2026-09-22,T+7,3955.0,4068.7,2950.0,137.92,37.92,,,
4911,2026-09-15 08:47:28,BOM,JAI,2026-09-22,T+7,6976.0,8152.11,3650.0,223.35,123.35,,,
4912,2026-09-15 08:47:43,BOM,AMD,2026-09-22,T+7,4374.0,7132.45,2450.0,291.12,191.12,,,
4913,2026-09-15 08:47:58,MAA,BLR,2026-09-16,T+1,4293.0,4983.28,2250.0,221.48,121.48,,,
4914,2026-09-15 08:48:12,DEL,BBI,2026-09-22,T+7,9145.0,9751.33,4150.0,234.97,134.97,,,
4915,2026-09-15 08:48:26,DEL,ATQ,2026-09-16,T+1,3696.0,3860.4,2650.0,145.68,45.68,,,
4916,2026-09-15 08:48:41,DEL,IDR,2026-09-16,T+1,6109.0,6416.47,3050.0,210.38,110.38,,,
4917,2026-09-15 08:48:55,BOM,COK,2026-09-22,T+7,7144.0,7269.29,4250.0,171.04,71.04,,,
4918,2026-09-15 08:49:08,BOM,CCU,2026-09-16,T+1,8323.0,9792.59,4500.0,217.61,117.61,141.18,3.17,12.0
4919,2026-09-15 08:49:19,BOM,CCU,2026-12-16,T+92,8323.0,9064.44,4500.0,201.43,101.43,141.18,3.17,16.0
4920,2026-09-15 08:49:46,DEL,BOM,2026-09-22,T+7,5985.0,6646.87,4850.0,137.05,37.05,,,
4921,2026-09-15 08:50:01,BLR,DEL,2026-09-30,T+15,8257.0,9398.54,5200.0,180.74,80.74,,,
4922,2026-09-15 08:50:16,BLR,BOM,2026-09-30,T+15,4164.0,6451.32,3950.0,163.32,63.32,,,
4923,2026-09-15 08:50:30,DEL,CCU,2026-09-16,T+1,6027.0,8689.64,4750.0,182.94,82.94,,,
4924,2026-09-15 08:50:45,DEL,HYD,2026-09-30,T+15,7884.0,8975.46,4600.0,195.12,95.12,,,
4925,2026-09-15 08:51:00,DEL,PNQ,2026-09-22,T+7,6555.0,7086.36,4900.0,144.62,44.62,,,
4926,2026-09-15 08:51:14,BOM,GOI,2026-09-30,T+15,7819.0,10434.14,3100.0,336.59,236.59,,,
4927,2026-09-15 08:51:29,BOM,MAA,2026-09-22,T+7,6443.0,6704.47,4200.0,159.63,59.63,,,
4928,2026-09-15 08:51:44,AMD,DEL,2026-09-16,T+1,5985.0,10412.49,3400.0,306.25,206.25,,,
4929,2026-09-15 08:51:58,BLR,HYD,2026-09-30,T+15,4613.0,5516.91,2950.0,187.01,87.01,,,
4930,2026-09-15 08:52:13,DEL,SXR,2026-09-16,T+1,6908.0,7680.09,4100.0,187.32,87.32,,,
4931,2026-09-15 08:52:41,DEL,GAU,2026-09-16,T+1,8189.0,11261.62,4750.0,237.09,137.09,,,
4932,2026-09-15 08:53:05,CCU,GAU,2026-09-30,T+15,4800.0,9105.94,2650.0,343.62,243.62,,,
4933,2026-09-15 08:53:33,DEL,IXZ,2026-09-22,T+7,4991.0,13365.04,6400.0,208.83,108.83,,,
4934,2026-09-15 08:53:47,DEL,IXL,2026-09-30,T+15,5249.0,7649.93,4750.0,161.05,61.05,,,
4935,2026-09-15 08:54:02,DEL,COK,2026-09-16,T+1,10715.0,11855.51,5450.0,217.53,117.53,,,
4936,2026-09-15 08:54:16,DEL,PAT,2026-09-22,T+7,6029.0,6388.18,3650.0,175.02,75.02,,,
4937,2026-09-15 08:54:31,DEL,LKO,2026-09-30,T+15,3955.0,4105.5,2950.0,139.17,39.17,,,
4938,2026-09-15 08:54:45,BOM,JAI,2026-09-16,T+1,6976.0,9990.35,3650.0,273.71,173.71,,,
4939,2026-09-15 08:55:00,BOM,AMD,2026-09-30,T+15,4584.0,5228.98,2450.0,213.43,113.43,,,
4940,2026-09-15 08:55:15,MAA,BLR,2026-09-30,T+15,4293.0,5149.57,2250.0,228.87,128.87,,,
4941,2026-09-15 08:55:29,DEL,BBI,2026-09-30,T+15,9775.0,11601.43,4150.0,279.55,179.55,,,
4942,2026-09-15 08:55:44,DEL,ATQ,2026-09-16,T+1,3696.0,3860.4,2650.0,145.68,45.68,,,
4943,2026-09-15 08:55:59,DEL,IDR,2026-09-30,T+15,6109.0,6496.76,3050.0,213.01,113.01,,,
4944,2026-09-15 08:56:12,BOM,COK,2026-09-16,T+1,7144.0,7169.81,4250.0,168.7,68.7,,,
4945,2026-09-15 08:56:29,DEL,BOM,2026-09-30,T+15,6314.0,7152.75,4850.0,147.48,47.48,,,
4946,2026-09-15 08:56:44,BLR,DEL,2026-09-16,T+1,8257.0,11501.06,5200.0,221.17,121.17,,,
4947,2026-09-15 08:56:58,BLR,BOM,2026-09-30,T+15,4164.0,6451.32,3950.0,163.32,63.32,,,
4948,2026-09-15 08:57:13,DEL,CCU,2026-09-30,T+15,7271.0,9153.24,4750.0,192.7,92.7,,,
4949,2026-09-15 08:57:27,DEL,HYD,2026-09-30,T+15,7884.0,8975.46,4600.0,195.12,95.12,,,
4950,2026-09-15 08:57:42,DEL,PNQ,2026-09-22,T+7,6555.0,7086.36,4900.0,144.62,44.62,,,
4951,2026-09-15 08:57:56,BOM,GOI,2026-09-22,T+7,3964.0,5192.35,3100.0,167.5,67.5,,,
4952,2026-09-15 08:58:11,BOM,MAA,2026-09-22,T+7,6443.0,6704.47,4200.0,159.63,59.63,,,
4953,2026-09-15 08:58:26,AMD,DEL,2026-09-22,T+7,5985.0,6165.4,3400.0,181.34,81.34,,,
4954,2026-09-15 08:58:41,BLR,HYD,2026-09-30,T+15,4613.0,5516.91,2950.0,187.01,87.01,,,
4955,2026-09-15 08:58:56,DEL,SXR,2026-09-16,T+1,6908.0,7680.09,4100.0,187.32,87.32,,,
4956,2026-09-15 08:59:23,DEL,GAU,2026-09-16,T+1,8189.0,11265.67,4750.0,237.17,137.17,,,
4957,2026-09-15 08:59:50,CCU,GAU,2026-09-30,T+15,4800.0,9105.94,2650.0,343.62,243.62,,,
4958,2026-09-15 09:00:18,DEL,IXZ,2026-09-30,T+15,4991.0,15068.02,6400.0,235.44,135.44,,,
4959,2026-09-15 09:00:33,DEL,IXL,2026-09-16,T+1,7738.0,7851.83,4750.0,165.3,65.3,,,
4960,2026-09-15 09:00:48,DEL,COK,2026-09-22,T+7,11346.0,12710.7,5450.0,233.22,133.22,,,
4961,2026-09-15 09:01:02,DEL,PAT,2026-09-22,T+7,6029.0,6388.18,3650.0,175.02,75.02,,,
4962,2026-09-15 09:01:16,DEL,LKO,2026-09-30,T+15,3955.0,4105.5,2950.0,139.17,39.17,,,
4963,2026-09-15 09:01:30,BOM,JAI,2026-09-30,T+15,7777.0,8814.92,3650.0,241.5,141.5,,,
4964,2026-09-15 09:01:44,BOM,AMD,2026-09-16,T+1,4727.0,8574.09,2450.0,349.96,249.96,,,
4965,2026-09-15 09:01:59,MAA,BLR,2026-09-22,T+7,4129.0,4724.58,2250.0,209.98,109.98,,,
4966,2026-09-15 09:02:14,DEL,BBI,2026-09-22,T+7,9145.0,9751.33,4150.0,234.97,134.97,,,
4967,2026-09-15 09:02:47,DEL,ATQ,2026-09-22,T+7,3695.0,3825.1,2650.0,144.34,44.34,,,
4968,2026-09-15 09:03:01,DEL,IDR,2026-09-16,T+1,6109.0,6452.93,3050.0,211.57,111.57,,,
4969,2026-09-15 09:03:15,BOM,COK,2026-09-16,T+1,7144.0,7155.15,4250.0,168.36,68.36,,,
4970,2026-09-15 09:03:30,DEL,BOM,2026-09-16,T+1,6314.0,7006.13,4850.0,144.46,44.46,,,
4971,2026-09-15 09:03:45,BLR,DEL,2026-09-16,T+1,8257.0,11551.54,5200.0,222.15,122.15,,,
4972,2026-09-15 09:04:00,BLR,BOM,2026-09-16,T+1,6727.0,10147.17,3950.0,256.89,156.89,,,
4973,2026-09-15 09:04:15,DEL,CCU,2026-09-16,T+1,7402.0,8739.28,4750.0,183.98,83.98,,,
4974,2026-09-15 09:04:30,DEL,HYD,2026-09-16,T+1,7884.0,10220.53,4600.0,222.19,122.19,,,
4975,2026-09-15 09:04:45,DEL,PNQ,2026-09-22,T+7,6555.0,7086.36,4900.0,144.62,44.62,,,
4976,2026-09-15 09:04:59,BOM,GOI,2026-09-16,T+1,5520.0,9021.66,3100.0,291.02,191.02,,,
4977,2026-09-15 09:05:14,BOM,MAA,2026-09-16,T+1,6546.0,7737.43,4200.0,184.22,84.22,,,
4978,2026-09-15 09:05:29,AMD,DEL,2026-09-16,T+1,5985.0,10444.58,3400.0,307.19,207.19,,,
4979,2026-09-15 09:05:44,BLR,HYD,2026-09-30,T+15,4613.0,5516.91,2950.0,187.01,87.01,,,
4980,2026-09-15 09:05:58,DEL,SXR,2026-09-30,T+15,6735.0,7974.41,4100.0,194.5,94.5,,,
4981,2026-09-15 09:06:26,DEL,GAU,2026-09-16,T+1,8189.0,11186.98,4750.0,235.52,135.52,,,
4982,2026-09-15 09:06:54,CCU,GAU,2026-09-30,T+15,4800.0,9105.94,2650.0,343.62,243.62,,,
4983,2026-09-15 09:07:24,DEL,IXZ,2026-09-22,T+7,4991.0,13387.91,6400.0,209.19,109.19,,,
4984,2026-09-15 09:07:38,DEL,IXL,2026-09-22,T+7,7738.0,7758.8,4750.0,163.34,63.34,,,
4985,2026-09-15 09:07:53,DEL,COK,2026-09-30,T+15,13272.0,14719.15,5450.0,270.08,170.08,,,
4986,2026-09-15 09:08:07,DEL,PAT,2026-09-16,T+1,6217.0,6369.06,3650.0,174.49,74.49,,,
4987,2026-09-15 09:08:21,DEL,LKO,2026-09-22,T+7,3955.0,4068.7,2950.0,137.92,37.92,,,
4988,2026-09-15 09:08:36,BOM,JAI,2026-09-22,T+7,6976.0,8152.11,3650.0,223.35,123.35,,,
4989,2026-09-15 09:08:51,BOM,AMD,2026-09-16,T+1,4727.0,8574.09,2450.0,349.96,249.96,,,
4990,2026-09-15 09:09:05,MAA,BLR,2026-09-22,T+7,4129.0,4724.58,2250.0,209.98,109.98,,,
4991,2026-09-15 09:09:19,DEL,BBI,2026-09-22,T+7,9145.0,9751.33,4150.0,234.97,134.97,,,
4992,2026-09-15 09:09:35,DEL,ATQ,2026-09-30,T+15,3696.0,4502.81,2650.0,169.92,69.92,,,
4993,2026-09-15 09:09:49,DEL,IDR,2026-09-22,T+7,6109.0,6695.08,3050.0,219.51,119.51,,,
4994,2026-09-15 09:10:03,BOM,COK,2026-09-22,T+7,7144.0,7269.29,4250.0,171.04,71.04,,,
4995,2026-09-15 09:10:18,DEL,BOM,2026-09-30,T+15,6314.0,7108.88,4850.0,146.57,46.57,,,
4996,2026-09-15 09:10:33,BLR,DEL,2026-09-16,T+1,8257.0,11575.47,5200.0,222.61,122.61,,,
4997,2026-09-15 09:10:47,BLR,BOM,2026-09-22,T+7,4164.0,6254.76,3950.0,158.35,58.35,,,
4998,2026-09-15 09:11:02,DEL,CCU,2026-09-30,T+15,7271.0,9153.24,4750.0,192.7,92.7,,,
4999,2026-09-15 09:11:17,DEL,HYD,2026-09-30,T+15,7884.0,8975.46,4600.0,195.12,95.12,,,
5000,2026-09-15 09:11:32,DEL,PNQ,2026-09-30,T+15,6929.0,7674.52,4900.0,156.62,56.62,,,
5001,2026-09-15 09:11:47,BOM,GOI,2026-09-16,T+1,5520.0,9021.66,3100.0,291.02,191.02,,,
5002,2026-09-15 09:12:01,BOM,MAA,2026-09-16,T+1,6546.0,7737.43,4200.0,184.22,84.22,,,
5003,2026-09-15 09:12:16,AMD,DEL,2026-09-16,T+1,5985.0,10444.58,3400.0,307.19,207.19,,,
5004,2026-09-15 09:12:30,BLR,HYD,2026-09-16,T+1,5358.0,8714.73,2950.0,295.41,195.41,,,
5005,2026-09-15 09:12:45,DEL,SXR,2026-09-30,T+15,6735.0,7974.41,4100.0,194.5,94.5,,,
5006,2026-09-15 09:13:11,DEL,GAU,2026-09-22,T+7,7655.0,10745.54,4750.0,226.22,126.22,,,
5007,2026-09-15 09:13:37,CCU,GAU,2026-09-16,T+1,3579.0,9070.37,2650.0,342.28,242.28,,,
5008,2026-09-15 09:14:04,DEL,IXZ,2026-09-16,T+1,4991.0,17143.22,6400.0,267.86,167.86,,,
5009,2026-09-15 09:14:18,DEL,IXL,2026-09-22,T+7,7738.0,7758.8,4750.0,163.34,63.34,,,
5010,2026-09-15 09:14:32,DEL,COK,2026-09-30,T+15,13272.0,14719.15,5450.0,270.08,170.08,,,
5011,2026-09-15 09:14:47,DEL,PAT,2026-09-16,T+1,6217.0,6353.27,3650.0,174.06,74.06,,,
5012,2026-09-15 09:15:01,DEL,LKO,2026-09-30,T+15,3955.0,4105.5,2950.0,139.17,39.17,,,
5013,2026-09-15 09:15:17,BOM,JAI,2026-09-16,T+1,6976.0,9990.35,3650.0,273.71,173.71,,,
5014,2026-09-15 09:15:31,BOM,AMD,2026-09-30,T+15,4584.0,5228.98,2450.0,213.43,113.43,,,
5015,2026-09-15 09:15:46,MAA,BLR,2026-09-22,T+7,4129.0,4724.58,2250.0,209.98,109.98,,,
5016,2026-09-15 09:16:01,DEL,BBI,2026-09-16,T+1,11547.0,14000.43,4150.0,337.36,237.36,,,
5017,2026-09-15 09:16:15,DEL,ATQ,2026-09-30,T+15,3696.0,4502.81,2650.0,169.92,69.92,,,
5018,2026-09-15 09:16:29,DEL,IDR,2026-09-16,T+1,6109.0,6473.86,3050.0,212.26,112.26,,,
5019,2026-09-15 09:16:43,BOM,COK,2026-09-30,T+15,7144.0,11413.18,4250.0,268.55,168.55,,,
5020,2026-09-15 09:16:57,DEL,BOM,2026-09-30,T+15,6314.0,7108.88,4850.0,146.57,46.57,,,
5021,2026-09-15 09:17:11,BLR,DEL,2026-09-30,T+15,8257.0,9398.54,5200.0,180.74,80.74,,,
5022,2026-09-15 09:17:26,BLR,BOM,2026-09-16,T+1,6727.0,10324.78,3950.0,261.39,161.39,,,
5023,2026-09-15 09:17:40,DEL,CCU,2026-09-30,T+15,7271.0,9153.24,4750.0,192.7,92.7,,,
5024,2026-09-15 09:17:55,DEL,HYD,2026-09-16,T+1,7884.0,10220.53,4600.0,222.19,122.19,,,
5025,2026-09-15 09:18:09,DEL,PNQ,2026-09-30,T+15,6929.0,7674.52,4900.0,156.62,56.62,,,
5026,2026-09-15 09:18:23,BOM,GOI,2026-09-16,T+1,5520.0,9012.34,3100.0,290.72,190.72,,,
5027,2026-09-15 09:18:38,BOM,MAA,2026-09-22,T+7,6443.0,6704.47,4200.0,159.63,59.63,,,
5028,2026-09-15 09:18:52,AMD,DEL,2026-09-16,T+1,5985.0,10562.93,3400.0,310.67,210.67,,,
5029,2026-09-15 09:19:07,BLR,HYD,2026-09-30,T+15,4613.0,5516.91,2950.0,187.01,87.01,,,
5030,2026-09-15 09:19:21,DEL,SXR,2026-09-22,T+7,6623.0,8807.64,4100.0,214.82,114.82,,,
5031,2026-09-15 09:19:57,DEL,GAU,2026-09-16,T+1,8189.0,11169.5,4750.0,235.15,135.15,,,
5032,2026-09-15 09:20:22,CCU,GAU,2026-09-22,T+7,5335.0,9647.63,2650.0,364.06,264.06,,,
5033,2026-09-15 09:20:48,DEL,IXZ,2026-09-30,T+15,4991.0,15059.27,6400.0,235.3,135.3,,,
5034,2026-09-15 09:21:02,DEL,IXL,2026-09-16,T+1,7738.0,7875.09,4750.0,165.79,65.79,,,
5035,2026-09-15 09:21:16,DEL,COK,2026-09-16,T+1,10715.0,11703.13,5450.0,214.74,114.74,,,
5036,2026-09-15 09:21:30,DEL,PAT,2026-09-22,T+7,6029.0,6388.18,3650.0,175.02,75.02,,,
5037,2026-09-15 09:21:44,DEL,LKO,2026-09-22,T+7,3955.0,4068.7,2950.0,137.92,37.92,,,
5038,2026-09-15 09:21:58,BOM,JAI,2026-09-30,T+15,7777.0,8814.92,3650.0,241.5,141.5,,,
5039,2026-09-15 09:22:12,BOM,AMD,2026-09-16,T+1,4727.0,8574.09,2450.0,349.96,249.96,,,
5040,2026-09-15 09:22:27,MAA,BLR,2026-09-30,T+15,4293.0,5091.54,2250.0,226.29,126.29,,,
5041,2026-09-15 09:22:41,DEL,BBI,2026-09-30,T+15,9775.0,11601.43,4150.0,279.55,179.55,,,
5042,2026-09-15 09:22:55,DEL,ATQ,2026-09-16,T+1,3696.0,3860.4,2650.0,145.68,45.68,,,
5043,2026-09-15 09:23:09,DEL,IDR,2026-09-16,T+1,6109.0,6473.71,3050.0,212.25,112.25,,,
5044,2026-09-15 09:23:24,BOM,COK,2026-09-22,T+7,7144.0,7269.29,4250.0,171.04,71.04,,,
5045,2026-09-15 09:23:38,DEL,BOM,2026-09-16,T+1,6314.0,7042.03,4850.0,145.2,45.2,,,
5046,2026-09-15 09:23:53,BLR,DEL,2026-09-16,T+1,8257.0,11667.27,5200.0,224.37,124.37,,,
5047,2026-09-15 09:24:08,BLR,BOM,2026-09-22,T+7,4164.0,6254.76,3950.0,158.35,58.35,,,
5048,2026-09-15 09:24:22,DEL,CCU,2026-09-30,T+15,7271.0,9153.24,4750.0,192.7,92.7,,,
5049,2026-09-15 09:24:37,DEL,HYD,2026-09-30,T+15,7884.0,8975.46,4600.0,195.12,95.12,,,
5050,2026-09-15 09:24:51,DEL,PNQ,2026-09-16,T+1,6929.0,7880.0,4900.0,160.82,60.82,,,
5051,2026-09-15 09:25:05,BOM,GOI,2026-09-16,T+1,5520.0,9021.66,3100.0,291.02,191.02,,,
5052,2026-09-15 09:25:19,BOM,MAA,2026-09-16,T+1,6546.0,8485.39,4200.0,202.03,102.03,,,
5053,2026-09-15 09:25:34,AMD,DEL,2026-09-22,T+7,5985.0,6165.4,3400.0,181.34,81.34,,,
5054,2026-09-15 09:25:49,BLR,HYD,2026-09-22,T+7,4580.0,5781.19,2950.0,195.97,95.97,,,
5055,2026-09-15 09:26:03,DEL,SXR,2026-09-22,T+7,6623.0,8807.64,4100.0,214.82,114.82,,,
5056,2026-09-15 09:26:31,DEL,GAU,2026-09-22,T+7,7655.0,10728.72,4750.0,225.87,125.87,,,
5057,2026-09-15 09:26:56,CCU,GAU,2026-09-22,T+7,5335.0,9647.63,2650.0,364.06,264.06,,,
5058,2026-09-15 09:27:21,DEL,IXZ,2026-09-16,T+1,4991.0,17146.46,6400.0,267.91,167.91,,,
5059,2026-09-15 09:27:36,DEL,IXL,2026-09-22,T+7,7738.0,7758.8,4750.0,163.34,63.34,,,
5060,2026-09-15 09:27:50,DEL,COK,2026-09-30,T+15,13272.0,14719.15,5450.0,270.08,170.08,,,
5061,2026-09-15 09:28:04,DEL,PAT,2026-09-16,T+1,6217.0,6353.27,3650.0,174.06,74.06,,,
5062,2026-09-15 09:28:18,DEL,LKO,2026-09-16,T+1,3955.0,5379.85,2950.0,182.37,82.37,,,
5063,2026-09-15 09:28:33,BOM,JAI,2026-09-30,T+15,7777.0,8814.92,3650.0,241.5,141.5,,,
5064,2026-09-15 09:28:47,BOM,AMD,2026-09-30,T+15,4584.0,5244.37,2450.0,214.06,114.06,,,
5065,2026-09-15 09:29:01,MAA,BLR,2026-09-16,T+1,4293.0,5776.4,2250.0,256.73,156.73,,,
5066,2026-09-15 09:29:16,DEL,BBI,2026-09-16,T+1,11547.0,15326.4,4150.0,369.31,269.31,,,
5067,2026-09-15 09:29:30,DEL,ATQ,2026-09-30,T+15,3696.0,4502.81,2650.0,169.92,69.92,,,
5068,2026-09-15 09:29:44,DEL,IDR,2026-09-22,T+7,6109.0,6695.08,3050.0,219.51,119.51,,,
5069,2026-09-15 09:29:58,BOM,COK,2026-09-22,T+7,7144.0,7229.05,4250.0,170.1,70.1,,,
5070,2026-09-15 09:30:16,DEL,BOM,2026-09-22,T+7,5985.0,6946.01,4850.0,143.22,43.22,,,
5071,2026-09-15 09:30:31,BLR,DEL,2026-09-22,T+7,8065.0,8288.86,5200.0,159.4,59.4,,,
5072,2026-09-15 09:30:46,BLR,BOM,2026-09-16,T+1,6727.0,9511.95,3950.0,240.81,140.81,,,
5073,2026-09-15 09:31:00,DEL,CCU,2026-09-22,T+7,7263.0,8869.27,4750.0,186.72,86.72,,,
5074,2026-09-15 09:31:15,DEL,HYD,2026-09-30,T+15,7884.0,8975.46,4600.0,195.12,95.12,,,
5075,2026-09-15 09:31:29,DEL,PNQ,2026-09-16,T+1,6929.0,7880.0,4900.0,160.82,60.82,,,
5076,2026-09-15 09:31:43,BOM,GOI,2026-09-30,T+15,7819.0,10434.14,3100.0,336.59,236.59,,,
5077,2026-09-15 09:31:58,BOM,MAA,2026-09-30,T+15,6358.0,6941.36,4200.0,165.27,65.27,,,
5078,2026-09-15 09:32:12,AMD,DEL,2026-09-16,T+1,5985.0,10570.95,3400.0,310.91,210.91,,,
5079,2026-09-15 09:32:28,BLR,HYD,2026-09-22,T+7,4580.0,5781.19,2950.0,195.97,95.97,,,
5080,2026-09-15 09:32:42,DEL,SXR,2026-09-22,T+7,6623.0,8608.83,4100.0,209.97,109.97,,,
5081,2026-09-15 09:33:09,DEL,GAU,2026-09-30,T+15,8189.0,11171.79,4750.0,235.2,135.2,,,
5082,2026-09-15 09:33:32,CCU,GAU,2026-09-16,T+1,3579.0,8573.76,2650.0,323.54,223.54,,,
5083,2026-09-15 09:33:58,DEL,IXZ,2026-09-30,T+15,4991.0,15084.92,6400.0,235.7,135.7,,,
5084,2026-09-15 09:34:12,DEL,IXL,2026-09-22,T+7,7738.0,7758.8,4750.0,163.34,63.34,,,
5085,2026-09-15 09:34:26,DEL,COK,2026-09-16,T+1,10715.0,10850.86,5450.0,199.1,99.1,,,
5086,2026-09-15 09:34:40,DEL,PAT,2026-09-22,T+7,6029.0,6388.18,3650.0,175.02,75.02,,,
5087,2026-09-15 09:34:54,DEL,LKO,2026-09-22,T+7,3955.0,4089.53,2950.0,138.63,38.63,,,
5088,2026-09-15 09:35:08,BOM,JAI,2026-09-30,T+15,7777.0,8814.92,3650.0,241.5,141.5,,,
5089,2026-09-15 09:35:23,BOM,AMD,2026-09-30,T+15,4584.0,5244.37,2450.0,214.06,114.06,,,
5090,2026-09-15 09:35:37,MAA,BLR,2026-09-30,T+15,4293.0,5091.54,2250.0,226.29,126.29,,,
5091,2026-09-15 09:35:51,DEL,BBI,2026-09-30,T+15,9775.0,11601.43,4150.0,279.55,179.55,,,
5092,2026-09-15 09:36:06,DEL,ATQ,2026-09-16,T+1,3696.0,3860.4,2650.0,145.68,45.68,,,
5093,2026-09-15 09:36:20,DEL,IDR,2026-09-30,T+15,6109.0,6496.76,3050.0,213.01,113.01,,,
5094,2026-09-15 09:36:34,BOM,COK,2026-09-30,T+15,7144.0,11413.18,4250.0,268.55,168.55,,,
5095,2026-09-15 09:36:49,DEL,BOM,2026-09-30,T+15,6314.0,7108.88,4850.0,146.57,46.57,,,
5096,2026-09-15 09:37:03,BLR,DEL,2026-09-16,T+1,8257.0,11589.91,5200.0,222.88,122.88,,,
5097,2026-09-15 09:37:18,BLR,BOM,2026-09-22,T+7,4164.0,6254.76,3950.0,158.35,58.35,,,
5098,2026-09-15 09:37:32,DEL,CCU,2026-09-22,T+7,7263.0,8869.27,4750.0,186.72,86.72,,,
5099,2026-09-15 09:37:47,DEL,HYD,2026-09-22,T+7,7884.0,8966.93,4600.0,194.93,94.93,,,
5100,2026-09-15 09:38:01,DEL,PNQ,2026-09-16,T+1,6929.0,7936.83,4900.0,161.98,61.98,,,
5101,2026-09-15 09:38:16,BOM,GOI,2026-09-30,T+15,7819.0,10434.14,3100.0,336.59,236.59,,,
5102,2026-09-15 09:38:30,BOM,MAA,2026-09-22,T+7,6443.0,6704.47,4200.0,159.63,59.63,,,
5103,2026-09-15 09:38:44,AMD,DEL,2026-09-16,T+1,5985.0,10695.94,3400.0,314.59,214.59,,,
5104,2026-09-15 09:38:59,BLR,HYD,2026-09-22,T+7,4580.0,5781.19,2950.0,195.97,95.97,,,
5105,2026-09-15 09:39:13,DEL,SXR,2026-09-30,T+15,6735.0,7974.41,4100.0,194.5,94.5,,,
5106,2026-09-15 09:39:37,DEL,GAU,2026-09-22,T+7,7655.0,10668.97,4750.0,224.61,124.61,,,
5107,2026-09-15 09:40:00,CCU,GAU,2026-09-22,T+7,5335.0,9647.63,2650.0,364.06,264.06,,,
5108,2026-09-15 09:40:26,DEL,IXZ,2026-09-30,T+15,4991.0,15084.92,6400.0,235.7,135.7,,,
5109,2026-09-15 09:40:40,DEL,IXL,2026-09-30,T+15,5249.0,7649.93,4750.0,161.05,61.05,,,
5110,2026-09-15 09:40:54,DEL,COK,2026-09-22,T+7,11346.0,12710.7,5450.0,233.22,133.22,,,
5111,2026-09-15 09:41:08,DEL,PAT,2026-09-30,T+15,6217.0,6342.36,3650.0,173.76,73.76,,,
5112,2026-09-15 09:41:22,DEL,LKO,2026-09-22,T+7,3955.0,4089.53,2950.0,138.63,38.63,,,
5113,2026-09-15 09:41:36,BOM,JAI,2026-09-30,T+15,7777.0,8814.92,3650.0,241.5,141.5,,,
5114,2026-09-15 09:41:51,BOM,AMD,2026-09-16,T+1,4727.0,8666.43,2450.0,353.73,253.73,,,
5115,2026-09-15 09:42:06,MAA,BLR,2026-09-22,T+7,4129.0,4737.98,2250.0,210.58,110.58,,,
5116,2026-09-15 09:42:20,DEL,BBI,2026-09-16,T+1,11547.0,15545.13,4150.0,374.58,274.58,,,
5117,2026-09-15 09:42:35,DEL,ATQ,2026-09-16,T+1,3696.0,3860.4,2650.0,145.68,45.68,,,
5118,2026-09-15 09:42:49,DEL,IDR,2026-09-30,T+15,6109.0,6496.76,3050.0,213.01,113.01,,,
5119,2026-09-15 09:43:03,BOM,COK,2026-09-22,T+7,7144.0,7269.29,4250.0,171.04,71.04,,,
5120,2026-09-15 09:43:18,DEL,BOM,2026-09-16,T+1,6314.0,6984.74,4850.0,144.02,44.02,,,
5121,2026-09-15 09:43:34,BLR,DEL,2026-09-30,T+15,8257.0,9417.56,5200.0,181.11,81.11,,,
5122,2026-09-15 09:43:48,BLR,BOM,2026-09-22,T+7,4164.0,6254.76,3950.0,158.35,58.35,,,
5123,2026-09-15 09:44:02,DEL,CCU,2026-09-16,T+1,7402.0,8752.05,4750.0,184.25,84.25,,,
5124,2026-09-15 09:44:17,DEL,HYD,2026-09-30,T+15,7884.0,8975.46,4600.0,195.12,95.12,,,
5125,2026-09-15 09:44:31,DEL,PNQ,2026-09-16,T+1,6929.0,8023.93,4900.0,163.75,63.75,,,
5126,2026-09-15 09:44:45,BOM,GOI,2026-09-22,T+7,3964.0,5224.44,3100.0,168.53,68.53,,,
5127,2026-09-15 09:44:59,BOM,MAA,2026-09-22,T+7,6443.0,6704.47,4200.0,159.63,59.63,,,
5128,2026-09-15 09:45:14,AMD,DEL,2026-09-16,T+1,5985.0,10528.27,3400.0,309.66,209.66,,,
5129,2026-09-15 09:45:28,BLR,HYD,2026-09-30,T+15,4613.0,5516.91,2950.0,187.01,87.01,,,
5130,2026-09-15 09:45:43,DEL,SXR,2026-09-22,T+7,6623.0,8807.64,4100.0,214.82,114.82,,,
5131,2026-09-15 09:46:10,DEL,GAU,2026-09-16,T+1,8189.0,11256.26,4750.0,236.97,136.97,,,
5132,2026-09-15 09:46:49,CCU,GAU,2026-09-16,T+1,3579.0,8590.2,2650.0,324.16,224.16,,,
5133,2026-09-15 09:47:18,DEL,IXZ,2026-09-16,T+1,4991.0,17229.97,6400.0,269.22,169.22,,,
5134,2026-09-15 09:47:32,DEL,IXL,2026-09-30,T+15,5249.0,7649.93,4750.0,161.05,61.05,,,
5135,2026-09-15 09:47:47,DEL,COK,2026-09-30,T+15,13272.0,14719.15,5450.0,270.08,170.08,,,
5136,2026-09-15 09:48:00,DEL,PAT,2026-09-16,T+1,6217.0,6390.07,3650.0,175.07,75.07,,,
5137,2026-09-15 09:48:15,DEL,LKO,2026-09-22,T+7,3955.0,4089.53,2950.0,138.63,38.63,,,
5138,2026-09-15 09:48:29,BOM,JAI,2026-09-16,T+1,6976.0,10080.2,3650.0,276.17,176.17,,,
5139,2026-09-15 09:48:43,BOM,AMD,2026-09-16,T+1,4727.0,8666.43,2450.0,353.73,253.73,,,
5140,2026-09-15 09:48:58,MAA,BLR,2026-09-22,T+7,4129.0,4737.98,2250.0,210.58,110.58,,,
5141,2026-09-15 09:49:12,DEL,BBI,2026-09-16,T+1,11547.0,15545.13,4150.0,374.58,274.58,,,
5142,2026-09-15 09:49:26,DEL,ATQ,2026-09-16,T+1,3696.0,3860.4,2650.0,145.68,45.68,,,
5143,2026-09-15 09:49:40,DEL,IDR,2026-09-30,T+15,6109.0,6496.76,3050.0,213.01,113.01,,,
5144,2026-09-15 09:49:54,BOM,COK,2026-09-16,T+1,7144.0,7155.15,4250.0,168.36,68.36,,,
5145,2026-09-15 09:50:10,DEL,BOM,2026-09-22,T+7,5985.0,6828.0,4850.0,140.78,40.78,,,
5146,2026-09-15 09:50:25,BLR,DEL,2026-09-22,T+7,8065.0,8291.98,5200.0,159.46,59.46,,,
5147,2026-09-15 09:50:39,BLR,BOM,2026-09-30,T+15,4164.0,6469.91,3950.0,163.8,63.8,,,
5148,2026-09-15 09:50:54,DEL,CCU,2026-09-16,T+1,6027.0,8689.64,4750.0,182.94,82.94,,,
5149,2026-09-15 09:51:08,DEL,HYD,2026-09-16,T+1,7884.0,10006.96,4600.0,217.54,117.54,,,
5150,2026-09-15 09:51:23,DEL,PNQ,2026-09-22,T+7,6555.0,7086.36,4900.0,144.62,44.62,,,
5151,2026-09-15 09:51:37,BOM,GOI,2026-09-16,T+1,5520.0,9021.66,3100.0,291.02,191.02,,,
5152,2026-09-15 09:51:52,BOM,MAA,2026-09-16,T+1,6546.0,8606.29,4200.0,204.91,104.91,,,
5153,2026-09-15 09:52:06,AMD,DEL,2026-09-16,T+1,5985.0,10590.77,3400.0,311.49,211.49,,,
5154,2026-09-15 09:52:20,BLR,HYD,2026-09-16,T+1,5358.0,8896.71,2950.0,301.58,201.58,,,
5155,2026-09-15 09:52:34,DEL,SXR,2026-09-22,T+7,6623.0,8608.83,4100.0,209.97,109.97,,,
5156,2026-09-15 09:53:00,DEL,GAU,2026-09-22,T+7,7655.0,10657.51,4750.0,224.37,124.37,,,
5157,2026-09-15 09:53:25,CCU,GAU,2026-09-16,T+1,3579.0,8590.2,2650.0,324.16,224.16,,,
5158,2026-09-15 09:53:51,DEL,IXZ,2026-09-16,T+1,4991.0,17229.97,6400.0,269.22,169.22,,,
5159,2026-09-15 09:54:05,DEL,IXL,2026-09-16,T+1,7738.0,7875.09,4750.0,165.79,65.79,,,
5160,2026-09-15 09:54:19,DEL,COK,2026-09-16,T+1,10715.0,12098.17,5450.0,221.98,121.98,,,
5161,2026-09-15 09:54:34,DEL,PAT,2026-09-16,T+1,6217.0,6374.28,3650.0,174.64,74.64,,,
5162,2026-09-15 09:54:48,DEL,LKO,2026-09-30,T+15,3955.0,4105.5,2950.0,139.17,39.17,,,
5163,2026-09-15 09:55:02,BOM,JAI,2026-09-30,T+15,7777.0,8814.92,3650.0,241.5,141.5,,,
5164,2026-09-15 09:55:17,BOM,AMD,2026-09-30,T+15,4584.0,5244.37,2450.0,214.06,114.06,,,
5165,2026-09-15 09:55:31,MAA,BLR,2026-09-22,T+7,4129.0,4737.98,2250.0,210.58,110.58,,,
5166,2026-09-15 09:55:46,DEL,BBI,2026-09-16,T+1,11547.0,15545.13,4150.0,374.58,274.58,,,
5167,2026-09-15 09:56:00,DEL,ATQ,2026-09-22,T+7,3695.0,3825.1,2650.0,144.34,44.34,,,
5168,2026-09-15 09:56:14,DEL,IDR,2026-09-22,T+7,6109.0,6695.08,3050.0,219.51,119.51,,,
5169,2026-09-15 09:56:28,BOM,COK,2026-09-16,T+1,7144.0,7155.15,4250.0,168.36,68.36,,,
5170,2026-09-15 09:56:43,DEL,BOM,2026-09-22,T+7,5985.0,6828.0,4850.0,140.78,40.78,,,
5171,2026-09-15 09:56:58,BLR,DEL,2026-09-16,T+1,8257.0,11659.08,5200.0,224.21,124.21,,,
5172,2026-09-15 09:57:12,BLR,BOM,2026-09-30,T+15,4164.0,6469.91,3950.0,163.8,63.8,,,
5173,2026-09-15 09:57:26,DEL,CCU,2026-09-16,T+1,7402.0,8816.9,4750.0,185.62,85.62,,,
5174,2026-09-15 09:57:40,DEL,HYD,2026-09-22,T+7,7884.0,8966.93,4600.0,194.93,94.93,,,
5175,2026-09-15 09:57:55,DEL,PNQ,2026-09-30,T+15,6929.0,7763.91,4900.0,158.45,58.45,,,
5176,2026-09-15 09:58:09,BOM,GOI,2026-09-22,T+7,3964.0,5224.44,3100.0,168.53,68.53,,,
5177,2026-09-15 09:58:23,BOM,MAA,2026-09-16,T+1,6546.0,8613.71,4200.0,205.09,105.09,,,
5178,2026-09-15 09:58:38,AMD,DEL,2026-09-16,T+1,5985.0,10578.93,3400.0,311.14,211.15,,,
5179,2026-09-15 09:58:53,BLR,HYD,2026-09-30,T+15,4613.0,5516.91,2950.0,187.01,87.01,,,
5180,2026-09-15 09:59:07,DEL,SXR,2026-09-30,T+15,6735.0,7974.41,4100.0,194.5,94.5,,,
5181,2026-09-15 09:59:31,DEL,GAU,2026-09-22,T+7,7655.0,10652.52,4750.0,224.26,124.26,,,
5182,2026-09-15 09:59:53,CCU,GAU,2026-09-30,T+15,4800.0,9105.94,2650.0,343.62,243.62,,,
5183,2026-09-15 10:00:19,DEL,IXZ,2026-09-30,T+15,4991.0,15084.92,6400.0,235.7,135.7,,,
5184,2026-09-15 10:00:33,DEL,IXL,2026-09-22,T+7,7738.0,7758.8,4750.0,163.34,63.34,,,
5185,2026-09-15 10:00:47,DEL,COK,2026-09-22,T+7,11346.0,12710.7,5450.0,233.22,133.22,,,
5186,2026-09-15 10:01:01,DEL,PAT,2026-09-30,T+15,6217.0,6342.36,3650.0,173.76,73.76,,,
5187,2026-09-15 10:01:15,DEL,LKO,2026-09-22,T+7,3955.0,4081.79,2950.0,138.37,38.37,,,
5188,2026-09-15 10:01:30,BOM,JAI,2026-09-30,T+15,7777.0,8814.92,3650.0,241.5,141.5,,,
5189,2026-09-15 10:01:44,BOM,AMD,2026-09-30,T+15,4584.0,5228.98,2450.0,213.43,113.43,,,
5190,2026-09-15 10:01:58,MAA,BLR,2026-09-22,T+7,4129.0,4737.98,2250.0,210.58,110.58,,,
5191,2026-09-15 10:02:13,DEL,BBI,2026-09-16,T+1,11547.0,15545.13,4150.0,374.58,274.58,,,
5192,2026-09-15 10:02:27,DEL,ATQ,2026-09-30,T+15,3696.0,4502.81,2650.0,169.92,69.92,,,
5193,2026-09-15 10:02:41,DEL,IDR,2026-09-30,T+15,6109.0,6496.76,3050.0,213.01,113.01,,,
5194,2026-09-15 10:02:55,BOM,COK,2026-09-16,T+1,7144.0,7155.15,4250.0,168.36,68.36,,,
5195,2026-09-15 10:03:10,DEL,BOM,2026-09-16,T+1,6314.0,6982.57,4850.0,143.97,43.97,,,
5196,2026-09-15 10:03:25,BLR,DEL,2026-09-30,T+15,8257.0,9447.19,5200.0,181.68,81.68,,,
5197,2026-09-15 10:03:39,BLR,BOM,2026-09-22,T+7,4164.0,6257.81,3950.0,158.43,58.43,,,
5198,2026-09-15 10:03:54,DEL,CCU,2026-09-16,T+1,7402.0,8816.9,4750.0,185.62,85.62,,,
5199,2026-09-15 10:04:08,DEL,HYD,2026-09-16,T+1,7884.0,10006.96,4600.0,217.54,117.54,,,
5200,2026-09-15 10:04:22,DEL,PNQ,2026-09-30,T+15,6929.0,7763.91,4900.0,158.45,58.45,,,
5201,2026-09-15 10:04:36,BOM,GOI,2026-09-22,T+7,3964.0,5224.44,3100.0,168.53,68.53,,,
5202,2026-09-15 10:04:51,BOM,MAA,2026-09-16,T+1,6546.0,8227.68,4200.0,195.9,95.9,,,
5203,2026-09-15 10:05:06,AMD,DEL,2026-09-30,T+15,5985.0,6211.9,3400.0,182.7,82.7,,,
5204,2026-09-15 10:05:21,BLR,HYD,2026-09-22,T+7,4580.0,5781.19,2950.0,195.97,95.97,,,
5205,2026-09-15 10:05:36,DEL,SXR,2026-09-22,T+7,6623.0,8608.83,4100.0,209.97,109.97,,,
5206,2026-09-15 10:06:01,DEL,GAU,2026-09-22,T+7,7655.0,10637.38,4750.0,223.94,123.94,,,
5207,2026-09-15 10:06:28,CCU,GAU,2026-09-30,T+15,4800.0,9105.94,2650.0,343.62,243.62,,,
5208,2026-09-15 10:06:58,DEL,IXZ,2026-09-22,T+7,4991.0,13511.37,6400.0,211.12,111.12,,,
5209,2026-09-15 10:07:13,DEL,IXL,2026-09-30,T+15,5249.0,7649.93,4750.0,161.05,61.05,,,
5210,2026-09-15 10:07:28,DEL,COK,2026-09-16,T+1,10715.0,12031.16,5450.0,220.76,120.76,,,
5211,2026-09-15 10:07:42,DEL,PAT,2026-09-22,T+7,6029.0,6388.18,3650.0,175.02,75.02,,,
5212,2026-09-15 10:07:56,DEL,LKO,2026-09-22,T+7,3955.0,4089.53,2950.0,138.63,38.63,,,
5213,2026-09-15 10:08:11,BOM,JAI,2026-09-16,T+1,6976.0,9956.0,3650.0,272.77,172.77,,,
5214,2026-09-15 10:08:25,BOM,AMD,2026-09-30,T+15,4584.0,5228.98,2450.0,213.43,113.43,,,
5215,2026-09-15 10:08:40,MAA,BLR,2026-09-22,T+7,4129.0,4737.98,2250.0,210.58,110.58,,,
5216,2026-09-15 10:08:55,DEL,BBI,2026-09-16,T+1,11547.0,15739.55,4150.0,379.27,279.27,,,
5217,2026-09-15 10:09:10,DEL,ATQ,2026-09-22,T+7,3695.0,3825.1,2650.0,144.34,44.34,,,
5218,2026-09-15 10:09:24,DEL,IDR,2026-09-22,T+7,6109.0,6695.08,3050.0,219.51,119.51,,,
5219,2026-09-15 10:09:38,BOM,COK,2026-09-30,T+15,7144.0,11413.18,4250.0,268.55,168.55,,,
5220,2026-09-15 10:09:54,DEL,BOM,2026-09-16,T+1,6314.0,6983.12,4850.0,143.98,43.98,,,
5221,2026-09-15 10:10:09,BLR,DEL,2026-09-22,T+7,8065.0,8291.98,5200.0,159.46,59.46,,,
5222,2026-09-15 10:10:24,BLR,BOM,2026-09-16,T+1,5756.0,9549.34,3950.0,241.76,141.76,,,
5223,2026-09-15 10:10:39,DEL,CCU,2026-09-16,T+1,7402.0,8899.67,4750.0,187.36,87.36,,,
5224,2026-09-15 10:10:54,DEL,HYD,2026-09-30,T+15,7884.0,8975.46,4600.0,195.12,95.12,,,
5225,2026-09-15 10:11:08,DEL,PNQ,2026-09-22,T+7,6555.0,7086.36,4900.0,144.62,44.62,,,
5226,2026-09-15 10:11:23,BOM,GOI,2026-09-30,T+15,7819.0,10434.14,3100.0,336.59,236.59,,,
5227,2026-09-15 10:11:38,BOM,MAA,2026-09-22,T+7,6443.0,6704.47,4200.0,159.63,59.63,,,
5228,2026-09-15 10:11:53,AMD,DEL,2026-09-22,T+7,5985.0,6165.4,3400.0,181.34,81.34,,,
5229,2026-09-15 10:12:08,BLR,HYD,2026-09-30,T+15,4613.0,5516.91,2950.0,187.01,87.01,,,
5230,2026-09-15 10:12:22,DEL,SXR,2026-09-16,T+1,6908.0,7743.68,4100.0,188.87,88.87,,,
5231,2026-09-15 10:12:51,DEL,GAU,2026-09-30,T+15,8189.0,11171.79,4750.0,235.2,135.2,,,
5232,2026-09-15 10:13:20,CCU,GAU,2026-09-22,T+7,5335.0,9565.61,2650.0,360.97,260.97,,,
5233,2026-09-15 10:13:49,DEL,IXZ,2026-09-22,T+7,4991.0,13385.12,6400.0,209.14,109.14,,,
5234,2026-09-15 10:14:04,DEL,IXL,2026-09-22,T+7,7738.0,7758.8,4750.0,163.34,63.34,,,
5235,2026-09-15 10:14:19,DEL,COK,2026-09-16,T+1,10715.0,12031.16,5450.0,220.76,120.76,,,
5236,2026-09-15 10:14:34,DEL,PAT,2026-09-16,T+1,6217.0,6374.28,3650.0,174.64,74.64,,,
5237,2026-09-15 10:14:48,DEL,LKO,2026-09-30,T+15,3955.0,4105.5,2950.0,139.17,39.17,,,
5238,2026-09-15 10:15:03,BOM,JAI,2026-09-16,T+1,6976.0,10035.28,3650.0,274.94,174.94,,,
5239,2026-09-15 10:15:17,BOM,AMD,2026-09-16,T+1,4727.0,8651.04,2450.0,353.1,253.1,,,
5240,2026-09-15 10:15:32,MAA,BLR,2026-09-30,T+15,4293.0,5091.54,2250.0,226.29,126.29,,,
5241,2026-09-15 10:15:47,DEL,BBI,2026-09-30,T+15,9775.0,11601.43,4150.0,279.55,179.55,,,
5242,2026-09-15 10:16:01,DEL,ATQ,2026-09-22,T+7,3695.0,3825.1,2650.0,144.34,44.34,,,
5243,2026-09-15 10:16:15,DEL,IDR,2026-09-16,T+1,6109.0,6437.41,3050.0,211.06,111.06,,,
5244,2026-09-15 10:16:30,BOM,COK,2026-09-30,T+15,7144.0,11413.18,4250.0,268.55,168.55,,,
5245,2026-09-15 10:16:45,DEL,BOM,2026-09-16,T+1,6314.0,6968.97,4850.0,143.69,43.69,,,
5246,2026-09-15 10:17:00,BLR,DEL,2026-09-16,T+1,8257.0,12337.33,5200.0,237.26,137.26,,,
5247,2026-09-15 10:17:15,BLR,BOM,2026-09-30,T+15,4164.0,6469.91,3950.0,163.8,63.8,,,
5248,2026-09-15 10:17:31,DEL,CCU,2026-09-16,T+1,7481.0,8901.04,4750.0,187.39,87.39,,,
5249,2026-09-15 10:17:46,DEL,HYD,2026-09-30,T+15,7884.0,8975.46,4600.0,195.12,95.12,,,
5250,2026-09-15 10:18:01,DEL,PNQ,2026-09-30,T+15,6929.0,7736.93,4900.0,157.9,57.9,,,
5251,2026-09-15 10:18:16,BOM,GOI,2026-09-16,T+1,5520.0,9125.98,3100.0,294.39,194.39,,,
5252,2026-09-15 10:18:31,BOM,MAA,2026-09-22,T+7,6443.0,6704.47,4200.0,159.63,59.63,,,
5253,2026-09-15 10:18:46,AMD,DEL,2026-09-30,T+15,5985.0,6211.9,3400.0,182.7,82.7,,,
5254,2026-09-15 10:19:01,BLR,HYD,2026-09-22,T+7,4580.0,5812.65,2950.0,197.04,97.04,,,
5255,2026-09-15 10:19:16,DEL,SXR,2026-09-16,T+1,6908.0,7743.68,4100.0,188.87,88.87,,,
5256,2026-09-15 10:19:45,DEL,GAU,2026-09-30,T+15,8189.0,11171.79,4750.0,235.2,135.2,,,
5257,2026-09-15 10:20:13,CCU,GAU,2026-09-30,T+15,4800.0,9105.94,2650.0,343.62,243.62,,,
5258,2026-09-15 10:20:42,DEL,IXZ,2026-09-22,T+7,4991.0,13385.12,6400.0,209.14,109.14,,,
5259,2026-09-15 10:20:57,DEL,IXL,2026-09-30,T+15,5249.0,7649.93,4750.0,161.05,61.05,,,
5260,2026-09-15 10:21:12,DEL,COK,2026-09-22,T+7,11346.0,12710.7,5450.0,233.22,133.22,,,
5261,2026-09-15 10:21:26,DEL,PAT,2026-09-22,T+7,6029.0,6388.18,3650.0,175.02,75.02,,,
5262,2026-09-15 10:21:41,DEL,LKO,2026-09-16,T+1,3955.0,5126.24,2950.0,173.77,73.77,,,
5263,2026-09-15 10:21:55,BOM,JAI,2026-09-30,T+15,7777.0,8814.92,3650.0,241.5,141.5,,,
5264,2026-09-15 10:22:10,BOM,AMD,2026-09-16,T+1,4727.0,8704.9,2450.0,355.3,255.3,,,
5265,2026-09-15 10:22:24,MAA,BLR,2026-09-16,T+1,4293.0,6268.41,2250.0,278.6,178.6,,,
5266,2026-09-15 10:22:38,DEL,BBI,2026-09-30,T+15,9775.0,11601.43,4150.0,279.55,179.55,,,
5267,2026-09-15 10:22:53,DEL,ATQ,2026-09-22,T+7,3695.0,3825.1,2650.0,144.34,44.34,,,
5268,2026-09-15 10:23:07,DEL,IDR,2026-09-16,T+1,6109.0,6334.9,3050.0,207.7,107.7,,,
5269,2026-09-15 10:23:22,BOM,COK,2026-09-30,T+15,7144.0,11413.18,4250.0,268.55,168.55,,,
5270,2026-09-15 10:23:38,DEL,BOM,2026-09-30,T+15,6314.0,7106.22,4850.0,146.52,46.52,,,
5271,2026-09-15 10:23:54,BLR,DEL,2026-09-22,T+7,8065.0,8291.98,5200.0,159.46,59.46,,,
5272,2026-09-15 10:24:09,BLR,BOM,2026-09-30,T+15,4164.0,6469.91,3950.0,163.8,63.8,,,
5273,2026-09-15 10:24:24,DEL,CCU,2026-09-22,T+7,7263.0,8772.05,4750.0,184.67,84.67,,,
5274,2026-09-15 10:24:38,DEL,HYD,2026-09-30,T+15,7884.0,8975.46,4600.0,195.12,95.12,,,
5275,2026-09-15 10:24:53,DEL,PNQ,2026-09-30,T+15,6929.0,7736.93,4900.0,157.9,57.9,,,
5276,2026-09-15 10:25:07,BOM,GOI,2026-09-30,T+15,7819.0,10434.14,3100.0,336.59,236.59,,,
5277,2026-09-15 10:25:22,BOM,MAA,2026-09-30,T+15,6358.0,6911.95,4200.0,164.57,64.57,,,
5278,2026-09-15 10:25:37,AMD,DEL,2026-09-16,T+1,5985.0,10537.26,3400.0,309.92,209.92,,,
5279,2026-09-15 10:25:52,BLR,HYD,2026-09-30,T+15,4613.0,5516.91,2950.0,187.01,87.01,,,
5280,2026-09-15 10:26:06,DEL,SXR,2026-09-22,T+7,6623.0,8608.83,4100.0,209.97,109.97,,,
5281,2026-09-15 10:26:35,DEL,GAU,2026-09-22,T+7,7655.0,10637.38,4750.0,223.94,123.94,,,
5282,2026-09-15 10:27:04,CCU,GAU,2026-09-22,T+7,5335.0,9565.61,2650.0,360.97,260.97,,,
5283,2026-09-15 10:27:20,DEL,IXZ,2026-09-16,T+1,15596.0,22635.17,6400.0,353.67,253.67,,,
5284,2026-09-15 10:27:35,DEL,IXL,2026-09-30,T+15,5249.0,7649.93,4750.0,161.05,61.05,,,
5285,2026-09-15 10:27:49,DEL,COK,2026-09-22,T+7,11346.0,12710.7,5450.0,233.22,133.22,,,
5286,2026-09-15 10:28:04,DEL,PAT,2026-09-22,T+7,6029.0,6388.18,3650.0,175.02,75.02,,,
5287,2026-09-15 10:28:19,DEL,LKO,2026-09-16,T+1,3955.0,5126.24,2950.0,173.77,73.77,,,
5288,2026-09-15 10:28:34,BOM,JAI,2026-09-16,T+1,6976.0,9865.23,3650.0,270.28,170.28,,,
5289,2026-09-15 10:28:49,BOM,AMD,2026-09-22,T+7,4374.0,7119.65,2450.0,290.6,190.6,,,
5290,2026-09-15 10:29:03,MAA,BLR,2026-09-22,T+7,4129.0,4737.98,2250.0,210.58,110.58,,,
5291,2026-09-15 10:29:18,DEL,BBI,2026-09-30,T+15,9775.0,11601.43,4150.0,279.55,179.55,,,
5292,2026-09-15 10:29:33,DEL,ATQ,2026-09-30,T+15,3696.0,4502.81,2650.0,169.92,69.92,,,
5293,2026-09-15 10:29:48,DEL,IDR,2026-09-22,T+7,6109.0,6695.08,3050.0,219.51,119.51,,,
5294,2026-09-15 10:30:02,BOM,COK,2026-09-22,T+7,7144.0,7269.29,4250.0,171.04,71.04,,,
5295,2026-09-15 10:30:18,DEL,BOM,2026-09-22,T+7,5985.0,6836.04,4850.0,140.95,40.95,,,
5296,2026-09-15 10:30:33,BLR,DEL,2026-09-22,T+7,8065.0,8288.86,5200.0,159.4,59.4,,,
5297,2026-09-15 10:30:48,BLR,BOM,2026-09-30,T+15,4164.0,6469.91,3950.0,163.8,63.8,,,
5298,2026-09-15 10:31:03,DEL,CCU,2026-09-30,T+15,7271.0,9145.88,4750.0,192.54,92.54,,,
5299,2026-09-15 10:31:18,DEL,HYD,2026-09-16,T+1,7884.0,10006.96,4600.0,217.54,117.54,,,
5300,2026-09-15 10:31:33,DEL,PNQ,2026-09-16,T+1,6929.0,7999.38,4900.0,163.25,63.25,,,
5301,2026-09-15 10:31:48,BOM,GOI,2026-09-30,T+15,7819.0,10434.14,3100.0,336.59,236.59,,,
5302,2026-09-15 10:32:03,BOM,MAA,2026-09-22,T+7,6443.0,6704.47,4200.0,159.63,59.63,,,
5303,2026-09-15 10:32:18,AMD,DEL,2026-09-30,T+15,5985.0,6211.9,3400.0,182.7,82.7,,,
5304,2026-09-15 10:32:32,BLR,HYD,2026-09-16,T+1,5358.0,8896.71,2950.0,301.58,201.58,,,
5305,2026-09-15 10:32:47,DEL,SXR,2026-09-22,T+7,6623.0,8608.83,4100.0,209.97,109.97,,,
5306,2026-09-15 10:33:14,DEL,GAU,2026-09-30,T+15,8189.0,11184.38,4750.0,235.46,135.46,,,
5307,2026-09-15 10:33:42,CCU,GAU,2026-09-16,T+1,3579.0,8620.75,2650.0,325.31,225.31,,,
5308,2026-09-15 10:34:12,DEL,IXZ,2026-09-22,T+7,4991.0,13385.12,6400.0,209.14,109.14,,,
5309,2026-09-15 10:34:26,DEL,IXL,2026-09-22,T+7,7738.0,7758.8,4750.0,163.34,63.34,,,
5310,2026-09-15 10:34:41,DEL,COK,2026-09-16,T+1,10715.0,10991.21,5450.0,201.67,101.67,,,
5311,2026-09-15 10:34:56,DEL,PAT,2026-09-16,T+1,6217.0,6411.32,3650.0,175.65,75.65,,,
5312,2026-09-15 10:35:10,DEL,LKO,2026-09-16,T+1,3955.0,5126.24,2950.0,173.77,73.77,,,
5313,2026-09-15 10:35:25,BOM,JAI,2026-09-22,T+7,6976.0,8152.11,3650.0,223.35,123.35,,,
5314,2026-09-15 10:35:39,BOM,AMD,2026-09-22,T+7,4374.0,7119.65,2450.0,290.6,190.6,,,
5315,2026-09-15 10:35:53,MAA,BLR,2026-09-22,T+7,4129.0,4737.98,2250.0,210.58,110.58,,,
5316,2026-09-15 10:36:08,DEL,BBI,2026-09-30,T+15,9775.0,11601.43,4150.0,279.55,179.55,,,
5317,2026-09-15 10:36:22,DEL,ATQ,2026-09-16,T+1,3696.0,3844.36,2650.0,145.07,45.07,,,
5318,2026-09-15 10:36:37,DEL,IDR,2026-09-30,T+15,6109.0,6496.76,3050.0,213.01,113.01,,,
5319,2026-09-15 10:36:51,BOM,COK,2026-09-22,T+7,7144.0,7269.29,4250.0,171.04,71.04,,,
5320,2026-09-15 10:37:06,DEL,BOM,2026-09-16,T+1,6314.0,7121.87,4850.0,146.84,46.84,,,
5321,2026-09-15 10:37:21,BLR,DEL,2026-09-30,T+15,8257.0,9417.56,5200.0,181.11,81.11,,,
5322,2026-09-15 10:37:35,BLR,BOM,2026-09-22,T+7,4164.0,6257.81,3950.0,158.43,58.43,,,
5323,2026-09-15 10:37:49,DEL,CCU,2026-09-30,T+15,7271.0,9145.88,4750.0,192.54,92.54,,,
5324,2026-09-15 10:38:03,DEL,HYD,2026-09-16,T+1,7884.0,10006.96,4600.0,217.54,117.54,,,
5325,2026-09-15 10:38:17,DEL,PNQ,2026-09-30,T+15,6929.0,7736.93,4900.0,157.9,57.9,,,
5326,2026-09-15 10:38:32,BOM,GOI,2026-09-30,T+15,7819.0,10434.14,3100.0,336.59,236.59,,,
5327,2026-09-15 10:38:46,BOM,MAA,2026-09-30,T+15,6358.0,6911.95,4200.0,164.57,64.57,,,
5328,2026-09-15 10:39:01,AMD,DEL,2026-09-16,T+1,5985.0,10640.25,3400.0,312.95,212.95,,,
5329,2026-09-15 10:39:15,BLR,HYD,2026-09-30,T+15,4613.0,5575.31,2950.0,188.99,88.99,,,
5330,2026-09-15 10:39:30,DEL,SXR,2026-09-22,T+7,6623.0,8608.83,4100.0,209.97,109.97,,,
5331,2026-09-15 10:39:56,DEL,GAU,2026-09-22,T+7,7655.0,10637.38,4750.0,223.94,123.94,,,
5332,2026-09-15 10:40:23,CCU,GAU,2026-09-16,T+1,3579.0,8623.07,2650.0,325.4,225.4,,,
5333,2026-09-15 10:40:50,DEL,IXZ,2026-09-30,T+15,4991.0,15117.43,6400.0,236.21,136.21,,,
5334,2026-09-15 10:41:05,DEL,IXL,2026-09-16,T+1,7738.0,7851.83,4750.0,165.3,65.3,,,
5335,2026-09-15 10:41:20,DEL,COK,2026-09-30,T+15,13272.0,14719.15,5450.0,270.08,170.08,,,
5336,2026-09-15 10:41:34,DEL,PAT,2026-09-16,T+1,6217.0,6395.53,3650.0,175.22,75.22,,,
5337,2026-09-15 10:41:48,DEL,LKO,2026-09-30,T+15,3955.0,4105.5,2950.0,139.17,39.17,,,
5338,2026-09-15 10:42:03,BOM,JAI,2026-09-16,T+1,6976.0,9865.23,3650.0,270.28,170.28,,,
5339,2026-09-15 10:42:17,BOM,AMD,2026-09-22,T+7,4374.0,7119.65,2450.0,290.6,190.6,,,
5340,2026-09-15 10:42:32,MAA,BLR,2026-09-22,T+7,4129.0,4737.98,2250.0,210.58,110.58,,,
5341,2026-09-15 10:42:47,DEL,BBI,2026-09-16,T+1,11547.0,15423.61,4150.0,371.65,271.65,,,
5342,2026-09-15 10:43:02,DEL,ATQ,2026-09-22,T+7,3695.0,3825.1,2650.0,144.34,44.34,,,
5343,2026-09-15 10:43:16,DEL,IDR,2026-09-30,T+15,6109.0,6496.76,3050.0,213.01,113.01,,,
5344,2026-09-15 10:43:31,BOM,COK,2026-09-16,T+1,7144.0,7155.15,4250.0,168.36,68.36,,,
5345,2026-09-15 10:43:47,DEL,BOM,2026-09-22,T+7,5985.0,6821.92,4850.0,140.66,40.66,,,
5346,2026-09-15 10:44:02,BLR,DEL,2026-09-16,T+1,8257.0,11591.79,5200.0,222.92,122.92,,,
5347,2026-09-15 10:44:19,BLR,BOM,2026-09-30,T+15,4042.0,6380.66,3950.0,161.54,61.54,,,
5348,2026-09-15 10:44:33,DEL,CCU,2026-09-30,T+15,7271.0,9145.88,4750.0,192.54,92.54,,,
5349,2026-09-15 10:44:48,DEL,HYD,2026-09-30,T+15,7884.0,8975.46,4600.0,195.12,95.12,,,
5350,2026-09-15 10:45:03,DEL,PNQ,2026-09-30,T+15,6929.0,7732.93,4900.0,157.81,57.81,,,
5351,2026-09-15 10:45:17,BOM,GOI,2026-09-30,T+15,7819.0,10434.14,3100.0,336.59,236.59,,,
5352,2026-09-15 10:45:32,BOM,MAA,2026-09-16,T+1,6546.0,8189.26,4200.0,194.98,94.98,,,
5353,2026-09-15 10:45:46,AMD,DEL,2026-09-16,T+1,5985.0,10580.31,3400.0,311.19,211.19,,,
5354,2026-09-15 10:46:02,BLR,HYD,2026-09-30,T+15,4613.0,5479.42,2950.0,185.74,85.74,,,
5355,2026-09-15 10:46:16,DEL,SXR,2026-09-22,T+7,6623.0,8608.83,4100.0,209.97,109.97,,,
5356,2026-09-15 10:46:42,DEL,GAU,2026-09-22,T+7,7655.0,10637.38,4750.0,223.94,123.94,,,
5357,2026-09-15 10:47:09,CCU,GAU,2026-09-22,T+7,5335.0,9565.61,2650.0,360.97,260.97,,,
5358,2026-09-15 10:47:37,DEL,IXZ,2026-09-22,T+7,4991.0,13385.12,6400.0,209.14,109.14,,,
5359,2026-09-15 10:47:51,DEL,IXL,2026-09-16,T+1,7738.0,7851.83,4750.0,165.3,65.3,,,
5360,2026-09-15 10:48:06,DEL,COK,2026-09-22,T+7,11346.0,12710.7,5450.0,233.22,133.22,,,
5361,2026-09-15 10:48:20,DEL,PAT,2026-09-30,T+15,6217.0,6342.36,3650.0,173.76,73.76,,,
5362,2026-09-15 10:48:34,DEL,LKO,2026-09-30,T+15,3955.0,4105.5,2950.0,139.17,39.17,,,
5363,2026-09-15 10:48:48,BOM,JAI,2026-09-16,T+1,6976.0,9865.23,3650.0,270.28,170.28,,,
5364,2026-09-15 10:49:03,BOM,AMD,2026-09-16,T+1,4727.0,8674.13,2450.0,354.05,254.05,,,
5365,2026-09-15 10:49:17,MAA,BLR,2026-09-16,T+1,4293.0,5970.22,2250.0,265.34,165.34,,,
5366,2026-09-15 10:49:31,DEL,BBI,2026-09-22,T+7,9145.0,9751.33,4150.0,234.97,134.97,,,
5367,2026-09-15 10:49:46,DEL,ATQ,2026-09-30,T+15,3696.0,4502.81,2650.0,169.92,69.92,,,
5368,2026-09-15 10:50:00,DEL,IDR,2026-09-16,T+1,6109.0,6371.35,3050.0,208.9,108.9,,,
5369,2026-09-15 10:50:14,BOM,COK,2026-09-16,T+1,7144.0,7169.81,4250.0,168.7,68.7,,,
5370,2026-09-15 10:50:29,DEL,BOM,2026-09-16,T+1,6314.0,6869.09,4850.0,141.63,41.63,,,
5371,2026-09-15 10:50:44,BLR,DEL,2026-09-30,T+15,8257.0,9417.56,5200.0,181.11,81.11,,,
5372,2026-09-15 10:50:58,BLR,BOM,2026-09-22,T+7,4164.0,6257.81,3950.0,158.43,58.43,,,
5373,2026-09-15 10:51:13,DEL,CCU,2026-09-16,T+1,7481.0,8917.02,4750.0,187.73,87.73,,,
5374,2026-09-15 10:51:27,DEL,HYD,2026-09-30,T+15,7884.0,8975.46,4600.0,195.12,95.12,,,
5375,2026-09-15 10:51:42,DEL,PNQ,2026-09-30,T+15,6929.0,7736.93,4900.0,157.9,57.9,,,
5376,2026-09-15 10:51:56,BOM,GOI,2026-09-22,T+7,3964.0,5224.44,3100.0,168.53,68.53,,,
5377,2026-09-15 10:52:10,BOM,MAA,2026-09-30,T+15,6358.0,6911.95,4200.0,164.57,64.57,,,
5378,2026-09-15 10:52:24,AMD,DEL,2026-09-16,T+1,5985.0,10434.49,3400.0,306.9,206.9,,,
5379,2026-09-15 10:52:39,BLR,HYD,2026-09-22,T+7,4580.0,5729.83,2950.0,194.23,94.23,,,
5380,2026-09-15 10:52:53,DEL,SXR,2026-09-30,T+15,5398.0,7745.8,4100.0,188.92,88.92,,,
5381,2026-09-15 10:53:17,DEL,GAU,2026-09-16,T+1,8189.0,11421.92,4750.0,240.46,140.46,,,
5382,2026-09-15 10:53:40,CCU,GAU,2026-09-30,T+15,4800.0,9105.94,2650.0,343.62,243.62,,,
5383,2026-09-15 10:54:06,DEL,IXZ,2026-09-22,T+7,4991.0,13385.12,6400.0,209.14,109.14,,,
5384,2026-09-15 10:54:20,DEL,IXL,2026-09-16,T+1,7738.0,7851.83,4750.0,165.3,65.3,,,
5385,2026-09-15 10:54:34,DEL,COK,2026-09-22,T+7,11346.0,12710.7,5450.0,233.22,133.22,,,
5386,2026-09-15 10:54:49,DEL,PAT,2026-09-22,T+7,6029.0,6386.18,3650.0,174.96,74.96,,,
5387,2026-09-15 10:55:03,DEL,LKO,2026-09-22,T+7,3955.0,4089.53,2950.0,138.63,38.63,,,
5388,2026-09-15 10:55:17,BOM,JAI,2026-09-30,T+15,7777.0,8763.81,3650.0,240.1,140.1,,,
5389,2026-09-15 10:55:31,BOM,AMD,2026-09-22,T+7,4374.0,7210.85,2450.0,294.32,194.32,,,
5390,2026-09-15 10:55:46,MAA,BLR,2026-09-22,T+7,4129.0,4737.98,2250.0,210.58,110.58,,,
5391,2026-09-15 10:56:00,DEL,BBI,2026-09-22,T+7,9145.0,9751.33,4150.0,234.97,134.97,,,
5392,2026-09-15 10:56:14,DEL,ATQ,2026-09-22,T+7,3695.0,3825.1,2650.0,144.34,44.34,,,
5393,2026-09-15 10:56:28,DEL,IDR,2026-09-16,T+1,6109.0,6510.21,3050.0,213.45,113.45,,,
5394,2026-09-15 10:56:42,BOM,COK,2026-09-16,T+1,7144.0,7155.15,4250.0,168.36,68.36,,,
5395,2026-09-15 10:56:56,DEL,BOM,2026-09-16,T+1,6314.0,6870.89,4850.0,141.67,41.67,,,
5396,2026-09-15 10:57:11,BLR,DEL,2026-09-16,T+1,8257.0,11866.58,5200.0,228.2,128.2,,,
5397,2026-09-15 10:57:25,BLR,BOM,2026-09-22,T+7,4164.0,6257.81,3950.0,158.43,58.43,,,
5398,2026-09-15 10:57:40,DEL,CCU,2026-09-22,T+7,7263.0,8772.05,4750.0,184.67,84.67,,,
5399,2026-09-15 10:57:54,DEL,HYD,2026-09-16,T+1,7884.0,10020.17,4600.0,217.83,117.83,,,
5400,2026-09-15 10:58:09,DEL,PNQ,2026-09-22,T+7,6555.0,7086.36,4900.0,144.62,44.62,,,
5401,2026-09-15 10:58:23,BOM,GOI,2026-09-16,T+1,5520.0,9125.98,3100.0,294.39,194.39,,,
5402,2026-09-15 10:58:37,BOM,MAA,2026-09-30,T+15,6358.0,6911.95,4200.0,164.57,64.57,,,
5403,2026-09-15 10:58:52,AMD,DEL,2026-09-30,T+15,5985.0,6194.25,3400.0,182.18,82.18,,,
5404,2026-09-15 10:59:06,BLR,HYD,2026-09-22,T+7,4580.0,5812.65,2950.0,197.04,97.04,,,
5405,2026-09-15 10:59:20,DEL,SXR,2026-09-22,T+7,6623.0,8608.83,4100.0,209.97,109.97,,,
5406,2026-09-15 10:59:44,DEL,GAU,2026-09-22,T+7,7655.0,10637.38,4750.0,223.94,123.94,,,
5407,2026-09-15 11:00:08,CCU,GAU,2026-09-16,T+1,3579.0,8585.46,2650.0,323.98,223.98,,,
5408,2026-09-15 11:00:34,DEL,IXZ,2026-09-30,T+15,4991.0,15117.43,6400.0,236.21,136.21,,,
5409,2026-09-15 11:00:48,DEL,IXL,2026-09-16,T+1,7738.0,7851.83,4750.0,165.3,65.3,,,
5410,2026-09-15 11:01:02,DEL,COK,2026-09-30,T+15,13272.0,14719.15,5450.0,270.08,170.08,,,
5411,2026-09-15 11:01:16,DEL,PAT,2026-09-16,T+1,6217.0,6411.32,3650.0,175.65,75.65,,,
5412,2026-09-15 11:01:31,DEL,LKO,2026-09-22,T+7,3955.0,4089.53,2950.0,138.63,38.63,,,
5413,2026-09-15 11:01:45,BOM,JAI,2026-09-16,T+1,6976.0,9865.23,3650.0,270.28,170.28,,,
5414,2026-09-15 11:01:59,BOM,AMD,2026-09-16,T+1,4727.0,8674.13,2450.0,354.05,254.05,,,
5415,2026-09-15 11:02:13,MAA,BLR,2026-09-30,T+15,4293.0,5143.24,2250.0,228.59,128.59,,,
5416,2026-09-15 11:02:28,DEL,BBI,2026-09-22,T+7,9145.0,9751.33,4150.0,234.97,134.97,,,
5417,2026-09-15 11:02:41,DEL,ATQ,2026-09-22,T+7,3695.0,3825.1,2650.0,144.34,44.34,,,
5418,2026-09-15 11:02:55,DEL,IDR,2026-09-22,T+7,6109.0,6695.08,3050.0,219.51,119.51,,,
5419,2026-09-15 11:03:10,BOM,COK,2026-09-22,T+7,7144.0,7269.29,4250.0,171.04,71.04,,,
5420,2026-09-15 11:03:25,DEL,BOM,2026-09-30,T+15,6314.0,7119.86,4850.0,146.8,46.8,,,
5421,2026-09-15 11:03:39,BLR,DEL,2026-09-30,T+15,8257.0,9417.56,5200.0,181.11,81.11,,,
5422,2026-09-15 11:03:54,BLR,BOM,2026-09-16,T+1,5756.0,10140.76,3950.0,256.73,156.73,,,
5423,2026-09-15 11:04:08,DEL,CCU,2026-09-22,T+7,7263.0,8772.05,4750.0,184.67,84.67,,,
5424,2026-09-15 11:04:23,DEL,HYD,2026-09-16,T+1,7884.0,10020.17,4600.0,217.83,117.83,,,
5425,2026-09-15 11:04:37,DEL,PNQ,2026-09-16,T+1,6929.0,8010.43,4900.0,163.48,63.48,,,
5426,2026-09-15 11:04:51,BOM,GOI,2026-09-22,T+7,3964.0,5224.44,3100.0,168.53,68.53,,,
5427,2026-09-15 11:05:05,BOM,MAA,2026-09-16,T+1,6546.0,8158.3,4200.0,194.25,94.25,,,
5428,2026-09-15 11:05:20,AMD,DEL,2026-09-30,T+15,5985.0,6194.25,3400.0,182.18,82.18,,,
5429,2026-09-15 11:05:34,BLR,HYD,2026-09-30,T+15,4613.0,5479.42,2950.0,185.74,85.74,,,
5430,2026-09-15 11:05:49,DEL,SXR,2026-09-16,T+1,5243.0,7636.14,4100.0,186.25,86.25,,,
5431,2026-09-15 11:06:12,DEL,GAU,2026-09-16,T+1,8189.0,11388.45,4750.0,239.76,139.76,,,
5432,2026-09-15 11:06:35,CCU,GAU,2026-09-22,T+7,5335.0,9928.52,2650.0,374.66,274.66,,,
5433,2026-09-15 11:07:01,DEL,IXZ,2026-09-30,T+15,4991.0,15117.43,6400.0,236.21,136.21,,,
5434,2026-09-15 11:07:15,DEL,IXL,2026-09-22,T+7,7738.0,7758.8,4750.0,163.34,63.34,,,
5435,2026-09-15 11:07:30,DEL,COK,2026-09-30,T+15,13272.0,14719.15,5450.0,270.08,170.08,,,
5436,2026-09-15 11:07:44,DEL,PAT,2026-09-22,T+7,6029.0,6388.18,3650.0,175.02,75.02,,,
5437,2026-09-15 11:07:58,DEL,LKO,2026-09-30,T+15,3955.0,4105.5,2950.0,139.17,39.17,,,
5438,2026-09-15 11:08:12,BOM,JAI,2026-09-16,T+1,6976.0,9865.23,3650.0,270.28,170.28,,,
5439,2026-09-15 11:08:27,BOM,AMD,2026-09-16,T+1,4727.0,8674.13,2450.0,354.05,254.05,,,
5440,2026-09-15 11:08:41,MAA,BLR,2026-09-30,T+15,4293.0,5143.24,2250.0,228.59,128.59,,,
5441,2026-09-15 11:08:55,DEL,BBI,2026-09-16,T+1,11547.0,15749.74,4150.0,379.51,279.51,,,
5442,2026-09-15 11:09:10,DEL,ATQ,2026-09-30,T+15,3696.0,4502.81,2650.0,169.92,69.92,,,
5443,2026-09-15 11:09:25,DEL,IDR,2026-09-16,T+1,6109.0,6407.81,3050.0,210.09,110.09,,,
5444,2026-09-15 11:09:39,BOM,COK,2026-09-16,T+1,7144.0,7155.15,4250.0,168.36,68.36,,,
5445,2026-09-15 11:09:54,DEL,BOM,2026-09-16,T+1,6314.0,7450.14,4850.0,153.61,53.61,,,
5446,2026-09-15 11:10:08,BLR,DEL,2026-09-16,T+1,8257.0,11625.9,5200.0,223.57,123.57,,,
5447,2026-09-15 11:10:23,BLR,BOM,2026-09-22,T+7,4164.0,6259.43,3950.0,158.47,58.47,,,
5448,2026-09-15 11:10:38,DEL,CCU,2026-09-22,T+7,7263.0,8809.63,4750.0,185.47,85.47,,,
5449,2026-09-15 11:10:52,DEL,HYD,2026-09-22,T+7,7884.0,8951.2,4600.0,194.59,94.59,,,
5450,2026-09-15 11:11:07,DEL,PNQ,2026-09-16,T+1,6929.0,8001.59,4900.0,163.3,63.3,,,
5451,2026-09-15 11:11:21,BOM,GOI,2026-09-16,T+1,5520.0,9125.98,3100.0,294.39,194.39,,,
5452,2026-09-15 11:11:35,BOM,MAA,2026-09-30,T+15,6358.0,6911.95,4200.0,164.57,64.57,,,
5453,2026-09-15 11:11:50,AMD,DEL,2026-09-22,T+7,5985.0,6194.85,3400.0,182.2,82.2,,,
5454,2026-09-15 11:12:05,BLR,HYD,2026-09-16,T+1,5358.0,8862.4,2950.0,300.42,200.42,,,
5455,2026-09-15 11:12:19,DEL,SXR,2026-09-16,T+1,6908.0,7786.93,4100.0,189.93,89.93,,,
5456,2026-09-15 11:12:51,DEL,GAU,2026-09-16,T+1,8189.0,8196.75,4750.0,172.56,72.56,,,
5457,2026-09-15 11:13:29,CCU,GAU,2026-09-16,T+1,3579.0,8420.41,2650.0,317.75,217.75,,,
5458,2026-09-15 11:14:04,DEL,IXZ,2026-09-22,T+7,4991.0,12735.32,6400.0,198.99,98.99,,,
5459,2026-09-15 11:14:19,DEL,IXL,2026-09-22,T+7,7738.0,7758.8,4750.0,163.34,63.34,,,
5460,2026-09-15 11:14:34,DEL,COK,2026-09-16,T+1,9898.0,10834.04,5450.0,198.79,98.79,,,
5461,2026-09-15 11:14:50,DEL,PAT,2026-09-30,T+15,6217.0,6342.36,3650.0,173.76,73.76,,,
5462,2026-09-15 11:15:05,DEL,LKO,2026-09-22,T+7,3955.0,4089.53,2950.0,138.63,38.63,,,
5463,2026-09-15 11:15:20,BOM,JAI,2026-09-22,T+7,6976.0,8374.34,3650.0,229.43,129.43,,,
5464,2026-09-15 11:15:34,BOM,AMD,2026-09-30,T+15,4584.0,5228.98,2450.0,213.43,113.43,,,
5465,2026-09-15 11:15:49,MAA,BLR,2026-09-30,T+15,4293.0,5143.24,2250.0,228.59,128.59,,,
5466,2026-09-15 11:16:04,DEL,BBI,2026-09-22,T+7,9145.0,9751.33,4150.0,234.97,134.97,,,
5467,2026-09-15 11:16:18,DEL,ATQ,2026-09-16,T+1,3696.0,3860.4,2650.0,145.68,45.68,,,
5468,2026-09-15 11:16:33,DEL,IDR,2026-09-22,T+7,6109.0,6695.08,3050.0,219.51,119.51,,,
5469,2026-09-15 11:16:47,BOM,COK,2026-09-30,T+15,7144.0,11477.42,4250.0,270.06,170.06,,,
5470,2026-09-15 11:17:01,DEL,BOM,2026-09-16,T+1,6314.0,7452.46,4850.0,153.66,53.66,,,
5471,2026-09-15 11:17:16,BLR,DEL,2026-09-30,T+15,8257.0,9445.65,5200.0,181.65,81.65,,,
5472,2026-09-15 11:17:31,BLR,BOM,2026-09-22,T+7,4164.0,6259.43,3950.0,158.47,58.47,,,
5473,2026-09-15 11:17:45,DEL,CCU,2026-09-16,T+1,7481.0,8892.32,4750.0,187.21,87.21,,,
5474,2026-09-15 11:17:59,DEL,HYD,2026-09-22,T+7,7884.0,8973.62,4600.0,195.08,95.08,,,
5475,2026-09-15 11:18:13,DEL,PNQ,2026-09-22,T+7,6555.0,7086.36,4900.0,144.62,44.62,,,
5476,2026-09-15 11:18:28,BOM,GOI,2026-09-30,T+15,7819.0,10579.96,3100.0,341.29,241.29,,,
5477,2026-09-15 11:18:42,BOM,MAA,2026-09-22,T+7,6443.0,6722.69,4200.0,160.06,60.06,,,
5478,2026-09-15 11:18:57,AMD,DEL,2026-09-16,T+1,5985.0,10418.75,3400.0,306.43,206.43,,,
5479,2026-09-15 11:19:11,BLR,HYD,2026-09-16,T+1,5358.0,8945.87,2950.0,303.25,203.25,,,
5480,2026-09-15 11:19:25,DEL,SXR,2026-09-30,T+15,6735.0,7974.41,4100.0,194.5,94.5,,,
5481,2026-09-15 11:19:51,DEL,GAU,2026-09-30,T+15,8189.0,11184.38,4750.0,235.46,135.46,,,
5482,2026-09-15 11:20:18,CCU,GAU,2026-09-30,T+15,4800.0,9105.94,2650.0,343.62,243.62,,,
5483,2026-09-15 11:20:45,DEL,IXZ,2026-09-16,T+1,4991.0,17595.01,6400.0,274.92,174.92,,,
5484,2026-09-15 11:21:00,DEL,IXL,2026-09-30,T+15,5249.0,7649.93,4750.0,161.05,61.05,,,
5485,2026-09-15 11:21:05,DEL,BOM,2026-09-16,T+1,6314.0,7457.22,4850.0,153.76,53.76,156.61,4.36,55.0
5486,2026-09-15 11:21:31,DEL,COK,2026-09-30,T+15,10164.0,14548.12,5450.0,266.94,166.94,,,
5487,2026-09-15 11:21:46,DEL,PAT,2026-09-30,T+15,6217.0,6342.36,3650.0,173.76,73.76,,,
5488,2026-09-15 11:22:00,DEL,LKO,2026-09-16,T+1,3955.0,5141.42,2950.0,174.29,74.29,,,
5489,2026-09-15 11:22:14,BOM,JAI,2026-09-22,T+7,6976.0,8374.34,3650.0,229.43,129.43,,,
5490,2026-09-15 11:22:29,BOM,AMD,2026-09-22,T+7,4374.0,7409.14,2450.0,302.41,202.41,,,
5491,2026-09-15 11:22:43,MAA,BLR,2026-09-22,T+7,4129.0,4737.98,2250.0,210.58,110.58,,,
5492,2026-09-15 11:22:58,DEL,BBI,2026-09-22,T+7,9145.0,9751.33,4150.0,234.97,134.97,,,
5493,2026-09-15 11:23:12,DEL,ATQ,2026-09-22,T+7,3695.0,3825.1,2650.0,144.34,44.34,,,
5494,2026-09-15 11:23:26,DEL,IDR,2026-09-30,T+15,6109.0,6496.76,3050.0,213.01,113.01,,,
5495,2026-09-15 11:23:40,BOM,COK,2026-09-22,T+7,7144.0,7269.29,4250.0,171.04,71.04,,,
5496,2026-09-15 11:23:56,DEL,BOM,2026-09-22,T+7,5985.0,6973.21,4850.0,143.78,43.78,,,
5497,2026-09-15 11:24:10,BLR,DEL,2026-09-16,T+1,8257.0,11990.73,5200.0,230.59,130.59,,,
5498,2026-09-15 11:24:25,BLR,BOM,2026-09-22,T+7,4164.0,6259.43,3950.0,158.47,58.47,,,
5499,2026-09-15 11:24:40,DEL,CCU,2026-09-16,T+1,7481.0,8892.32,4750.0,187.21,87.21,,,
5500,2026-09-15 11:24:55,DEL,HYD,2026-09-22,T+7,7884.0,8973.62,4600.0,195.08,95.08,,,
5501,2026-09-15 11:25:09,DEL,PNQ,2026-09-16,T+1,6929.0,8063.05,4900.0,164.55,64.55,,,
5502,2026-09-15 11:25:24,BOM,GOI,2026-09-30,T+15,7819.0,10579.96,3100.0,341.29,241.29,,,
5503,2026-09-15 11:25:39,BOM,MAA,2026-09-16,T+1,6546.0,8057.52,4200.0,191.85,91.85,,,
5504,2026-09-15 11:25:54,AMD,DEL,2026-09-22,T+7,5985.0,6183.04,3400.0,181.85,81.85,,,
5505,2026-09-15 11:26:08,BLR,HYD,2026-09-30,T+15,4613.0,5510.05,2950.0,186.78,86.78,,,
5506,2026-09-15 11:26:23,DEL,SXR,2026-09-16,T+1,6908.0,7765.31,4100.0,189.4,89.4,,,
5507,2026-09-15 11:26:51,DEL,GAU,2026-09-22,T+7,7655.0,10669.67,4750.0,224.62,124.62,,,
5508,2026-09-15 12:51:12,CCU,GAU,2026-09-22,T+7,3579.0,9136.01,2650.0,344.76,244.76,,,
5509,2026-09-15 12:52:03,DEL,IXZ,2026-09-16,T+1,5215.0,17907.16,6400.0,279.8,179.8,,,
5510,2026-09-15 12:52:18,DEL,IXL,2026-09-22,T+7,7738.0,7758.8,4750.0,163.34,63.34,,,
5511,2026-09-15 12:52:33,DEL,COK,2026-09-22,T+7,11346.0,12710.7,5450.0,233.22,133.22,,,
5512,2026-09-15 12:52:48,DEL,PAT,2026-09-22,T+7,6029.0,6388.18,3650.0,175.02,75.02,,,
5513,2026-09-15 12:53:02,DEL,LKO,2026-09-30,T+15,3955.0,4105.5,2950.0,139.17,39.17,,,
5514,2026-09-15 12:53:17,BOM,JAI,2026-09-16,T+1,6976.0,9794.51,3650.0,268.34,168.34,,,
5515,2026-09-15 12:53:32,BOM,AMD,2026-09-30,T+15,4584.0,5344.62,2450.0,218.15,118.15,,,
5516,2026-09-15 12:53:47,MAA,BLR,2026-09-16,T+1,4293.0,6264.87,2250.0,278.44,178.44,,,
5517,2026-09-15 14:11:43,DEL,BBI,2026-09-22,T+7,9145.0,10358.92,4150.0,249.61,149.61,,,
5518,2026-09-15 14:11:58,DEL,ATQ,2026-09-22,T+7,3695.0,3825.1,2650.0,144.34,44.34,,,
5519,2026-09-15 14:12:13,DEL,IDR,2026-09-16,T+1,6109.0,6444.26,3050.0,211.29,111.29,,,
5520,2026-09-15 14:12:28,BOM,COK,2026-09-22,T+7,7144.0,7269.29,4250.0,171.04,71.04,,,
5521,2026-09-15 14:12:43,DEL,BOM,2026-09-16,T+1,6314.0,7161.18,4850.0,147.65,47.65,,,
5522,2026-09-15 14:12:57,BLR,DEL,2026-09-22,T+7,8065.0,8291.38,5200.0,159.45,59.45,,,
5523,2026-09-15 14:13:12,BLR,BOM,2026-09-22,T+7,4164.0,6262.91,3950.0,158.55,58.55,,,
5524,2026-09-15 14:13:27,DEL,CCU,2026-09-22,T+7,7263.0,8836.99,4750.0,186.04,86.04,,,
5525,2026-09-15 14:13:43,DEL,HYD,2026-09-30,T+15,7884.0,8985.54,4600.0,195.34,95.34,,,
5526,2026-09-15 14:13:57,DEL,PNQ,2026-09-30,T+15,6929.0,7714.02,4900.0,157.43,57.43,,,
5527,2026-09-15 14:14:11,BOM,GOI,2026-09-16,T+1,6114.0,9301.85,3100.0,300.06,200.06,,,
5528,2026-09-15 14:14:26,BOM,MAA,2026-09-22,T+7,6443.0,6722.69,4200.0,160.06,60.06,,,
5529,2026-09-15 14:14:40,AMD,DEL,2026-09-30,T+15,5985.0,6176.6,3400.0,181.66,81.66,,,
5530,2026-09-15 14:14:55,BLR,HYD,2026-09-16,T+1,5358.0,9934.11,2950.0,336.75,236.75,,,
5531,2026-09-15 14:15:10,DEL,SXR,2026-09-22,T+7,6623.0,8581.92,4100.0,209.32,109.32,,,
5532,2026-09-15 14:15:33,DEL,GAU,2026-09-22,T+7,7302.0,10511.82,4750.0,221.3,121.3,,,
5533,2026-09-15 14:15:58,CCU,GAU,2026-09-30,T+15,4800.0,9156.8,2650.0,345.54,245.54,,,
5534,2026-09-15 14:16:27,DEL,IXZ,2026-09-16,T+1,4991.0,17472.19,6400.0,273.0,173.0,,,
5535,2026-09-15 14:16:42,DEL,IXL,2026-09-30,T+15,5249.0,7649.93,4750.0,161.05,61.05,,,
5536,2026-09-15 14:16:57,DEL,COK,2026-09-16,T+1,10715.0,10870.11,5450.0,199.45,99.45,,,
5537,2026-09-15 14:17:11,DEL,PAT,2026-09-22,T+7,6029.0,6388.18,3650.0,175.02,75.02,,,
5538,2026-09-15 14:17:38,DEL,LKO,2026-09-16,T+1,3539.0,5591.16,2950.0,189.53,89.53,,,
5539,2026-09-15 14:17:53,BOM,JAI,2026-09-16,T+1,6976.0,9537.85,3650.0,261.31,161.31,,,
5540,2026-09-15 14:18:08,BOM,AMD,2026-09-16,T+1,4727.0,9386.42,2450.0,383.12,283.12,,,
5541,2026-09-15 14:18:23,MAA,BLR,2026-09-30,T+15,4293.0,5187.19,2250.0,230.54,130.54,,,
5542,2026-09-15 14:18:37,DEL,BBI,2026-09-22,T+7,9145.0,9696.65,4150.0,233.65,133.65,,,
5543,2026-09-15 14:18:52,DEL,ATQ,2026-09-22,T+7,3695.0,3825.1,2650.0,144.34,44.34,,,
5544,2026-09-15 14:19:07,DEL,IDR,2026-09-16,T+1,6109.0,6558.49,3050.0,215.03,115.03,,,
5545,2026-09-15 14:19:22,BOM,COK,2026-09-22,T+7,7144.0,7269.29,4250.0,171.04,71.04,,,
5546,2026-09-15 14:19:37,DEL,BOM,2026-09-22,T+7,5985.0,6832.03,4850.0,140.87,40.87,,,
5547,2026-09-15 14:19:52,BLR,DEL,2026-09-16,T+1,8714.0,11547.2,5200.0,222.06,122.06,,,
5548,2026-09-15 14:20:07,BLR,BOM,2026-09-30,T+15,4164.0,6450.13,3950.0,163.29,63.29,,,
5549,2026-09-15 14:20:22,DEL,CCU,2026-09-16,T+1,7481.0,8782.39,4750.0,184.89,84.89,,,
5550,2026-09-15 14:20:38,DEL,HYD,2026-09-22,T+7,7884.0,8998.56,4600.0,195.62,95.62,,,
5551,2026-09-15 14:20:55,DEL,PNQ,2026-09-30,T+15,6929.0,7714.02,4900.0,157.43,57.43,,,
5552,2026-09-15 14:21:11,BOM,GOI,2026-09-22,T+7,3964.0,5203.04,3100.0,167.84,67.84,,,
5553,2026-09-15 14:21:26,BOM,MAA,2026-09-16,T+1,6546.0,7747.63,4200.0,184.47,84.47,,,
5554,2026-09-15 14:21:41,AMD,DEL,2026-09-22,T+7,5985.0,6183.04,3400.0,181.85,81.85,,,
5555,2026-09-15 14:21:56,BLR,HYD,2026-09-22,T+7,4473.0,5872.9,2950.0,199.08,99.08,,,
5556,2026-09-15 14:22:11,DEL,SXR,2026-09-16,T+1,6908.0,8303.47,4100.0,202.52,102.52,,,
5557,2026-09-15 14:22:36,DEL,GAU,2026-09-22,T+7,7302.0,10511.82,4750.0,221.3,121.3,,,
5558,2026-09-15 14:23:03,CCU,GAU,2026-09-22,T+7,5335.0,9989.53,2650.0,376.96,276.96,,,
5559,2026-09-15 14:23:30,DEL,IXZ,2026-09-16,T+1,4992.0,17587.77,6400.0,274.81,174.81,,,
5560,2026-09-15 14:23:44,DEL,IXL,2026-09-30,T+15,5249.0,7649.93,4750.0,161.05,61.05,,,
5561,2026-09-15 14:23:58,DEL,COK,2026-09-22,T+7,11346.0,12518.23,5450.0,229.69,129.69,,,
5562,2026-09-15 14:24:13,DEL,PAT,2026-09-30,T+15,6217.0,6342.36,3650.0,173.76,73.76,,,
5563,2026-09-15 14:24:28,DEL,LKO,2026-09-16,T+1,3955.0,5858.06,2950.0,198.58,98.58,,,
5564,2026-09-15 14:24:43,BOM,JAI,2026-09-22,T+7,6976.0,7925.27,3650.0,217.13,117.13,,,
5565,2026-09-15 14:24:57,BOM,AMD,2026-09-16,T+1,4727.0,9386.42,2450.0,383.12,283.12,,,
5566,2026-09-15 14:25:12,MAA,BLR,2026-09-22,T+7,4129.0,4724.58,2250.0,209.98,109.98,,,
5567,2026-09-15 14:25:27,DEL,BBI,2026-09-30,T+15,9775.0,11662.18,4150.0,281.02,181.02,,,
5568,2026-09-15 14:25:42,DEL,ATQ,2026-09-22,T+7,3695.0,3825.1,2650.0,144.34,44.34,,,
5569,2026-09-15 14:25:56,DEL,IDR,2026-09-22,T+7,6109.0,6786.22,3050.0,222.5,122.5,,,
5570,2026-09-15 14:26:11,BOM,COK,2026-09-30,T+15,7144.0,11477.42,4250.0,270.06,170.06,,,
5571,2026-09-15 14:26:26,DEL,BOM,2026-09-30,T+15,6314.0,7119.09,4850.0,146.79,46.79,,,
5572,2026-09-15 14:26:42,BLR,DEL,2026-09-22,T+7,8065.0,8291.98,5200.0,159.46,59.46,,,
5573,2026-09-15 14:26:57,BLR,BOM,2026-09-16,T+1,6380.0,10307.18,3950.0,260.94,160.94,,,
5574,2026-09-15 14:27:12,DEL,CCU,2026-09-30,T+15,7271.0,9233.16,4750.0,194.38,94.38,,,
5575,2026-09-15 14:27:26,DEL,HYD,2026-09-22,T+7,7884.0,8998.56,4600.0,195.62,95.62,,,
5576,2026-09-15 14:27:41,DEL,PNQ,2026-09-16,T+1,6929.0,8107.3,4900.0,165.46,65.46,,,
5577,2026-09-15 14:27:55,BOM,GOI,2026-09-22,T+7,3964.0,5203.04,3100.0,167.84,67.84,,,
5578,2026-09-15 14:28:11,BOM,MAA,2026-09-22,T+7,6443.0,6722.69,4200.0,160.06,60.06,,,
5579,2026-09-15 14:28:26,AMD,DEL,2026-09-16,T+1,5985.0,11191.34,3400.0,329.16,229.16,,,
5580,2026-09-15 14:28:40,BLR,HYD,2026-09-30,T+15,4613.0,5479.42,2950.0,185.74,85.74,,,
5581,2026-09-15 14:28:55,DEL,SXR,2026-09-30,T+15,6735.0,7974.41,4100.0,194.5,94.5,,,
5582,2026-09-15 14:29:19,DEL,GAU,2026-09-16,T+1,8189.0,11604.79,4750.0,244.31,144.31,,,
5583,2026-09-15 14:29:46,CCU,GAU,2026-09-22,T+7,5335.0,9989.53,2650.0,376.96,276.96,,,
5584,2026-09-15 14:30:04,DEL,BOM,2026-09-20,T+5,6314.0,7989.99,4850.0,164.74,64.74,157.16,4.4,55.0
5585,2026-09-15 14:30:14,DEL,IXZ,2026-09-30,T+15,17685.0,21646.5,6400.0,338.23,238.23,,,
5586,2026-09-15 14:30:28,DEL,IXL,2026-09-30,T+15,5249.0,7649.93,4750.0,161.05,61.05,,,
5587,2026-09-15 14:30:43,DEL,COK,2026-09-22,T+7,11346.0,12710.7,5450.0,233.22,133.22,,,
5588,2026-09-15 14:30:58,DEL,PAT,2026-09-16,T+1,6249.0,6525.52,3650.0,178.78,78.78,,,
5589,2026-09-15 14:31:13,DEL,LKO,2026-09-22,T+7,3955.0,4089.53,2950.0,138.63,38.63,,,
5590,2026-09-15 14:47:07,DEL,BOM,2026-09-30,T+15,6314.0,7119.09,4850.0,146.79,46.79,,,
5591,2026-09-15 14:47:40,BLR,DEL,2026-09-22,T+7,8065.0,8291.98,5200.0,159.46,59.46,,,
5592,2026-09-15 14:47:56,BLR,BOM,2026-09-16,T+1,6380.0,10366.54,3950.0,262.44,162.44,,,
5593,2026-09-15 14:48:11,DEL,CCU,2026-09-22,T+7,7263.0,8848.35,4750.0,186.28,86.28,,,
5594,2026-09-15 14:48:26,DEL,HYD,2026-09-30,T+15,7884.0,8985.54,4600.0,195.34,95.34,,,
5595,2026-09-15 14:48:41,DEL,PNQ,2026-09-22,T+7,6555.0,7095.52,4900.0,144.81,44.81,,,
5596,2026-09-15 14:48:55,BOM,GOI,2026-09-16,T+1,5982.0,9382.18,3100.0,302.65,202.65,,,
5597,2026-09-15 14:49:10,BOM,MAA,2026-09-16,T+1,6546.0,7747.63,4200.0,184.47,84.47,,,
5598,2026-09-15 14:49:26,AMD,DEL,2026-09-22,T+7,5985.0,6183.04,3400.0,181.85,81.85,,,
5599,2026-09-15 14:49:40,BLR,HYD,2026-09-16,T+1,5358.0,10146.14,2950.0,343.94,243.94,,,
5600,2026-09-15 14:49:53,DEL,BOM,2026-09-16,T+1,6314.0,7141.27,4850.0,147.24,47.24,155.95,4.31,55.0
5601,2026-09-15 14:50:04,UDR,BOM,2026-09-16,T+1,7968.0,8144.34,4500.0,180.99,80.99,155.95,4.31,5.0
5602,2026-09-15 14:50:29,DEL,SXR,2026-09-22,T+7,6623.0,8796.53,4100.0,214.55,114.55,,,
5603,2026-09-15 14:50:54,DEL,GAU,2026-09-30,T+15,8189.0,11211.95,4750.0,236.04,136.04,,,
5604,2026-09-15 14:51:18,CCU,GAU,2026-09-22,T+7,5335.0,10055.32,2650.0,379.45,279.45,,,
5605,2026-09-15 14:51:44,DEL,IXZ,2026-09-22,T+7,4991.0,13576.13,6400.0,212.13,112.13,,,
5606,2026-09-15 14:51:58,DEL,IXL,2026-09-30,T+15,5249.0,7649.93,4750.0,161.05,61.05,,,
5607,2026-09-15 14:52:13,DEL,COK,2026-09-16,T+1,10715.0,10870.11,5450.0,199.45,99.45,,,
5608,2026-09-15 14:52:27,DEL,PAT,2026-09-22,T+7,6029.0,6388.18,3650.0,175.02,75.02,,,
5609,2026-09-15 14:52:42,DEL,LKO,2026-09-30,T+15,3955.0,4105.5,2950.0,139.17,39.17,,,
5610,2026-09-15 14:52:56,BOM,JAI,2026-09-16,T+1,6976.0,9582.78,3650.0,262.54,162.54,,,
5611,2026-09-15 14:53:11,BOM,AMD,2026-09-30,T+15,4584.0,5344.62,2450.0,218.15,118.15,,,
5612,2026-09-15 14:53:26,MAA,BLR,2026-09-22,T+7,4129.0,4724.58,2250.0,209.98,109.98,,,
5613,2026-09-15 14:53:40,DEL,BBI,2026-09-22,T+7,9145.0,9696.65,4150.0,233.65,133.65,,,
5614,2026-09-15 14:53:55,DEL,ATQ,2026-09-22,T+7,3695.0,3825.1,2650.0,144.34,44.34,,,
5615,2026-09-15 14:54:10,DEL,IDR,2026-09-16,T+1,6109.0,6444.26,3050.0,211.29,111.29,,,
5616,2026-09-15 14:54:25,BOM,COK,2026-09-16,T+1,7144.0,7161.88,4250.0,168.51,68.51,,,
5617,2026-09-15 14:54:40,DEL,BOM,2026-09-22,T+7,5985.0,6832.03,4850.0,140.87,40.87,,,
5618,2026-09-15 14:54:56,BLR,DEL,2026-09-22,T+7,8065.0,8291.98,5200.0,159.46,59.46,,,
5619,2026-09-15 14:55:11,BLR,BOM,2026-09-22,T+7,4164.0,6262.91,3950.0,158.55,58.55,,,
5620,2026-09-15 14:55:26,DEL,CCU,2026-09-22,T+7,7263.0,8848.35,4750.0,186.28,86.28,,,
5621,2026-09-15 14:55:41,DEL,HYD,2026-09-22,T+7,7884.0,9013.93,4600.0,195.96,95.95,,,
5622,2026-09-15 14:55:56,DEL,PNQ,2026-09-30,T+15,6929.0,7714.02,4900.0,157.43,57.43,,,
5623,2026-09-15 14:56:11,BOM,GOI,2026-09-30,T+15,7819.0,10434.14,3100.0,336.59,236.59,,,
5624,2026-09-15 14:56:26,BOM,MAA,2026-09-30,T+15,6358.0,6890.13,4200.0,164.05,64.05,,,
5625,2026-09-15 14:56:40,AMD,DEL,2026-09-16,T+1,5985.0,11425.56,3400.0,336.05,236.05,,,
5626,2026-09-15 14:56:55,BLR,HYD,2026-09-16,T+1,5358.0,10140.94,2950.0,343.76,243.76,,,
5627,2026-09-15 14:57:09,DEL,SXR,2026-09-30,T+15,6735.0,7974.41,4100.0,194.5,94.5,,,
5628,2026-09-15 14:57:37,DEL,GAU,2026-09-30,T+15,8189.0,11210.39,4750.0,236.01,136.01,,,
5629,2026-09-15 14:58:02,CCU,GAU,2026-09-16,T+1,3579.0,8691.84,2650.0,327.99,227.99,,,
5630,2026-09-15 14:58:29,DEL,IXZ,2026-09-22,T+7,4991.0,13576.13,6400.0,212.13,112.13,,,
5631,2026-09-15 14:58:43,DEL,IXL,2026-09-22,T+7,7738.0,7758.8,4750.0,163.34,63.34,,,
5632,2026-09-15 14:58:57,DEL,COK,2026-09-16,T+1,9898.0,10773.49,5450.0,197.68,97.68,,,
5633,2026-09-15 14:59:10,DEL,PAT,2026-09-16,T+1,6249.0,6525.52,3650.0,178.78,78.78,,,
5634,2026-09-15 14:59:25,DEL,LKO,2026-09-30,T+15,3955.0,4105.5,2950.0,139.17,39.17,,,
5635,2026-09-15 14:59:39,BOM,JAI,2026-09-16,T+1,6976.0,9672.63,3650.0,265.0,165.0,,,
5636,2026-09-15 14:59:54,BOM,AMD,2026-09-22,T+7,4374.0,7358.79,2450.0,300.36,200.36,,,
5637,2026-09-15 15:00:09,MAA,BLR,2026-09-16,T+1,4293.0,6527.16,2250.0,290.1,190.1,,,
5638,2026-09-15 15:00:23,DEL,BBI,2026-09-22,T+7,9145.0,9696.65,4150.0,233.65,133.65,,,
5639,2026-09-15 15:00:38,DEL,ATQ,2026-09-16,T+1,3696.0,3946.46,2650.0,148.92,48.92,,,
5640,2026-09-15 15:00:52,DEL,IDR,2026-09-22,T+7,6109.0,6786.22,3050.0,222.5,122.5,,,
5641,2026-09-15 15:01:07,BOM,COK,2026-09-22,T+7,7144.0,7269.29,4250.0,171.04,71.04,,,
5642,2026-09-15 15:01:21,DEL,BOM,2026-09-22,T+7,5985.0,6832.03,4850.0,140.87,40.87,,,
5643,2026-09-15 15:01:36,BLR,DEL,2026-09-16,T+1,8714.0,12395.89,5200.0,238.38,138.38,,,
5644,2026-09-15 15:01:50,BLR,BOM,2026-09-16,T+1,6380.0,10114.51,3950.0,256.06,156.06,,,
5645,2026-09-15 15:02:05,DEL,CCU,2026-09-16,T+1,7481.0,8743.78,4750.0,184.08,84.08,,,
5646,2026-09-15 15:02:20,DEL,HYD,2026-09-16,T+1,7884.0,9717.05,4600.0,211.24,111.24,,,
5647,2026-09-15 15:02:35,DEL,PNQ,2026-09-22,T+7,6555.0,7093.95,4900.0,144.77,44.77,,,
5648,2026-09-15 15:02:50,BOM,GOI,2026-09-22,T+7,3964.0,5183.89,3100.0,167.22,67.22,,,
5649,2026-09-15 15:03:05,BOM,MAA,2026-09-30,T+15,6358.0,6890.13,4200.0,164.05,64.05,,,
5650,2026-09-15 15:03:20,AMD,DEL,2026-09-30,T+15,5985.0,6176.6,3400.0,181.66,81.66,,,
5651,2026-09-15 15:03:35,BLR,HYD,2026-09-16,T+1,5358.0,10146.14,2950.0,343.94,243.94,,,
5652,2026-09-15 15:03:49,DEL,SXR,2026-09-30,T+15,6735.0,7974.41,4100.0,194.5,94.5,,,
5653,2026-09-15 15:04:18,DEL,GAU,2026-09-16,T+1,8189.0,11290.65,4750.0,237.7,137.7,,,
5654,2026-09-15 15:17:08,CCU,GAU,2026-09-16,T+1,3579.0,9216.64,2650.0,347.8,247.8,,,
5655,2026-09-15 15:17:38,DEL,IXZ,2026-09-30,T+15,4991.0,15113.34,6400.0,236.15,136.15,,,
5656,2026-09-15 15:17:53,DEL,IXL,2026-09-22,T+7,7738.0,7758.8,4750.0,163.34,63.34,,,
5657,2026-09-15 15:18:07,DEL,COK,2026-09-16,T+1,10715.0,10870.11,5450.0,199.45,99.45,,,
5658,2026-09-15 15:18:21,DEL,PAT,2026-09-22,T+7,6029.0,6388.18,3650.0,175.02,75.02,,,
5659,2026-09-15 15:18:35,DEL,LKO,2026-09-22,T+7,3955.0,4089.53,2950.0,138.63,38.63,,,
5660,2026-09-15 15:18:50,BOM,JAI,2026-09-30,T+15,6994.0,8663.85,3650.0,237.37,137.37,,,
5661,2026-09-15 15:19:04,BOM,AMD,2026-09-30,T+15,4584.0,5344.62,2450.0,218.15,118.15,,,
5662,2026-09-15 15:19:19,MAA,BLR,2026-09-30,T+15,4293.0,5293.53,2250.0,235.27,135.27,,,
5663,2026-09-15 15:19:33,DEL,BBI,2026-09-22,T+7,9145.0,9696.65,4150.0,233.65,133.65,,,
5664,2026-09-15 15:19:47,DEL,ATQ,2026-09-30,T+15,3696.0,4502.81,2650.0,169.92,69.92,,,
5665,2026-09-15 15:20:02,DEL,IDR,2026-09-30,T+15,6109.0,6496.76,3050.0,213.01,113.01,,,
5666,2026-09-15 15:20:18,BOM,COK,2026-09-16,T+1,7144.0,7161.88,4250.0,168.51,68.51,,,
5667,2026-09-15 15:20:33,DEL,BOM,2026-09-16,T+1,6314.0,7132.16,4850.0,147.05,47.05,,,
5668,2026-09-15 15:20:48,BLR,DEL,2026-09-16,T+1,8714.0,12015.22,5200.0,231.06,131.06,,,
5669,2026-09-15 15:21:03,BLR,BOM,2026-09-22,T+7,4164.0,6262.91,3950.0,158.55,58.55,,,
5670,2026-09-15 15:21:18,DEL,CCU,2026-09-30,T+15,7271.0,9251.01,4750.0,194.76,94.76,,,
5671,2026-09-15 15:21:32,DEL,HYD,2026-09-30,T+15,7884.0,8985.54,4600.0,195.34,95.34,,,
5672,2026-09-15 15:21:47,DEL,PNQ,2026-09-22,T+7,6555.0,7095.52,4900.0,144.81,44.81,,,
5673,2026-09-15 15:22:01,BOM,GOI,2026-09-30,T+15,7819.0,10434.14,3100.0,336.59,236.59,,,
5674,2026-09-15 15:22:16,BOM,MAA,2026-09-16,T+1,6546.0,7789.91,4200.0,185.47,85.47,,,
5675,2026-09-15 15:22:30,AMD,DEL,2026-09-30,T+15,5985.0,6176.6,3400.0,181.66,81.66,,,
5676,2026-09-15 15:22:45,BLR,HYD,2026-09-22,T+7,4473.0,5806.01,2950.0,196.81,96.81,,,
5677,2026-09-15 15:23:00,DEL,SXR,2026-09-30,T+15,6735.0,7974.41,4100.0,194.5,94.5,,,
5678,2026-09-15 15:23:25,DEL,GAU,2026-09-22,T+7,7302.0,10571.17,4750.0,222.55,122.55,,,
5679,2026-09-15 15:23:51,CCU,GAU,2026-09-30,T+15,4800.0,9145.27,2650.0,345.1,245.1,,,
5680,2026-09-15 15:24:17,DEL,IXZ,2026-09-30,T+15,4991.0,15113.34,6400.0,236.15,136.15,,,
5681,2026-09-15 15:24:32,DEL,IXL,2026-09-30,T+15,5249.0,7649.93,4750.0,161.05,61.05,,,
5682,2026-09-15 15:24:47,DEL,COK,2026-09-30,T+15,13272.0,14719.15,5450.0,270.08,170.08,,,
5683,2026-09-15 15:25:01,DEL,PAT,2026-09-22,T+7,6029.0,6388.18,3650.0,175.02,75.02,,,
5684,2026-09-15 15:25:15,DEL,LKO,2026-09-16,T+1,3955.0,5545.56,2950.0,187.99,87.99,,,
5685,2026-09-15 15:25:29,BOM,JAI,2026-09-30,T+15,6994.0,8663.85,3650.0,237.37,137.37,,,
5686,2026-09-15 15:25:44,BOM,AMD,2026-09-16,T+1,4727.0,9563.4,2450.0,390.34,290.34,,,
5687,2026-09-15 15:25:58,MAA,BLR,2026-09-22,T+7,4129.0,4724.58,2250.0,209.98,109.98,,,
5688,2026-09-15 15:26:13,DEL,BBI,2026-09-30,T+15,9775.0,11662.18,4150.0,281.02,181.02,,,
5689,2026-09-15 15:26:27,DEL,ATQ,2026-09-16,T+1,3696.0,3921.35,2650.0,147.98,47.98,,,
5690,2026-09-15 15:26:42,DEL,IDR,2026-09-22,T+7,6109.0,6786.22,3050.0,222.5,122.5,,,
5691,2026-09-15 15:26:56,BOM,COK,2026-09-30,T+15,7144.0,11477.42,4250.0,270.06,170.06,,,
5692,2026-09-15 15:27:11,DEL,BOM,2026-09-16,T+1,6314.0,7108.99,4850.0,146.58,46.58,,,
5693,2026-09-15 15:27:26,BLR,DEL,2026-09-30,T+15,8257.0,9409.75,5200.0,180.96,80.96,,,
5694,2026-09-15 15:27:41,BLR,BOM,2026-09-16,T+1,6380.0,10144.6,3950.0,256.83,156.83,,,
5695,2026-09-15 15:27:56,DEL,CCU,2026-09-16,T+1,7481.0,8752.76,4750.0,184.27,84.27,,,
5696,2026-09-15 15:28:10,DEL,HYD,2026-09-22,T+7,7884.0,9013.93,4600.0,195.96,95.95,,,
5697,2026-09-15 15:28:25,DEL,PNQ,2026-09-22,T+7,6555.0,7095.52,4900.0,144.81,44.81,,,
5698,2026-09-15 15:28:39,BOM,GOI,2026-09-22,T+7,3964.0,5224.69,3100.0,168.54,68.54,,,
5699,2026-09-15 15:28:54,BOM,MAA,2026-09-22,T+7,6443.0,6722.69,4200.0,160.06,60.06,,,
5700,2026-09-15 15:29:08,AMD,DEL,2026-09-22,T+7,5985.0,6183.04,3400.0,181.85,81.85,,,
5701,2026-09-15 15:29:23,BLR,HYD,2026-09-22,T+7,4473.0,5806.01,2950.0,196.81,96.81,,,
5702,2026-09-15 15:29:37,DEL,SXR,2026-09-30,T+15,6735.0,7974.41,4100.0,194.5,94.5,,,
5703,2026-09-15 15:30:03,DEL,GAU,2026-09-16,T+1,8189.0,11310.67,4750.0,238.12,138.12,,,
5704,2026-09-15 15:30:30,CCU,GAU,2026-09-16,T+1,3579.0,8693.25,2650.0,328.05,228.05,,,
5705,2026-09-15 15:30:56,DEL,IXZ,2026-09-30,T+15,4991.0,15113.34,6400.0,236.15,136.15,,,
5706,2026-09-15 15:31:10,DEL,IXL,2026-09-16,T+1,7738.0,7898.35,4750.0,166.28,66.28,,,
5707,2026-09-15 15:31:24,DEL,COK,2026-09-30,T+15,13272.0,14719.15,5450.0,270.08,170.08,,,
5708,2026-09-15 15:31:39,DEL,PAT,2026-09-30,T+15,6217.0,6342.36,3650.0,173.76,73.76,,,
5709,2026-09-15 15:31:54,DEL,LKO,2026-09-22,T+7,3955.0,4089.53,2950.0,138.63,38.63,,,
5710,2026-09-15 15:32:08,BOM,JAI,2026-09-16,T+1,6976.0,9672.63,3650.0,265.0,165.0,,,
5711,2026-09-15 15:32:23,BOM,AMD,2026-09-22,T+7,4374.0,7404.96,2450.0,302.24,202.24,,,
5712,2026-09-15 15:32:38,MAA,BLR,2026-09-22,T+7,4129.0,4724.58,2250.0,209.98,109.98,,,
5713,2026-09-15 15:32:52,DEL,BBI,2026-09-30,T+15,9775.0,11662.18,4150.0,281.02,181.02,,,
5714,2026-09-15 15:33:07,DEL,ATQ,2026-09-30,T+15,3696.0,4502.81,2650.0,169.92,69.92,,,
5715,2026-09-15 15:33:21,DEL,IDR,2026-09-22,T+7,6109.0,6786.22,3050.0,222.5,122.5,,,
5716,2026-09-15 15:33:35,BOM,COK,2026-09-30,T+15,7144.0,11477.42,4250.0,270.06,170.06,,,
5717,2026-09-15 15:33:50,DEL,BOM,2026-09-30,T+15,6314.0,6686.36,4850.0,137.86,37.86,,,
5718,2026-09-15 15:34:04,BLR,DEL,2026-09-16,T+1,8714.0,11973.14,5200.0,230.25,130.25,,,
5719,2026-09-15 15:34:19,BLR,BOM,2026-09-16,T+1,6727.0,10235.7,3950.0,259.13,159.13,,,
5720,2026-09-15 15:34:34,DEL,CCU,2026-09-22,T+7,7263.0,8848.35,4750.0,186.28,86.28,,,
5721,2026-09-15 15:34:49,DEL,HYD,2026-09-30,T+15,7884.0,8985.54,4600.0,195.34,95.34,,,
5722,2026-09-15 15:35:04,DEL,PNQ,2026-09-22,T+7,6555.0,7095.52,4900.0,144.81,44.81,,,
5723,2026-09-15 15:35:18,BOM,GOI,2026-09-30,T+15,7819.0,10434.14,3100.0,336.59,236.59,,,
5724,2026-09-15 15:35:33,BOM,MAA,2026-09-30,T+15,6358.0,6890.13,4200.0,164.05,64.05,,,
5725,2026-09-15 15:35:47,AMD,DEL,2026-09-16,T+1,5985.0,11472.09,3400.0,337.41,237.41,,,
5726,2026-09-15 15:36:01,BLR,HYD,2026-09-22,T+7,4473.0,5806.01,2950.0,196.81,96.81,,,
5727,2026-09-15 15:36:16,DEL,SXR,2026-09-22,T+7,6623.0,8581.92,4100.0,209.32,109.32,,,
5728,2026-09-15 15:36:42,DEL,GAU,2026-09-16,T+1,8189.0,11414.35,4750.0,240.3,140.3,,,
5729,2026-09-15 15:37:10,CCU,GAU,2026-09-16,T+1,3579.0,8680.55,2650.0,327.57,227.57,,,
5730,2026-09-15 15:37:36,DEL,IXZ,2026-09-30,T+15,4991.0,15113.34,6400.0,236.15,136.15,,,
5731,2026-09-15 15:37:50,DEL,IXL,2026-09-22,T+7,7738.0,7758.8,4750.0,163.34,63.34,,,
5732,2026-09-15 15:38:05,DEL,COK,2026-09-22,T+7,11346.0,12710.7,5450.0,233.22,133.22,,,
5733,2026-09-15 15:38:19,DEL,PAT,2026-09-30,T+15,6217.0,6342.36,3650.0,173.76,73.76,,,
5734,2026-09-15 15:38:33,DEL,LKO,2026-09-22,T+7,3955.0,4089.53,2950.0,138.63,38.63,,,
5735,2026-09-15 15:38:47,BOM,JAI,2026-09-16,T+1,6976.0,9672.63,3650.0,265.0,165.0,,,
5736,2026-09-15 15:39:02,BOM,AMD,2026-09-30,T+15,4584.0,5344.62,2450.0,218.15,118.15,,,
5737,2026-09-15 15:39:17,MAA,BLR,2026-09-30,T+15,4293.0,5235.49,2250.0,232.69,132.69,,,
5738,2026-09-15 15:39:31,DEL,BBI,2026-09-30,T+15,9775.0,11662.18,4150.0,281.02,181.02,,,
5739,2026-09-15 15:39:45,DEL,ATQ,2026-09-16,T+1,3696.0,3921.35,2650.0,147.98,47.98,,,
5740,2026-09-15 15:40:00,DEL,IDR,2026-09-30,T+15,6109.0,6496.76,3050.0,213.01,113.01,,,
5741,2026-09-15 15:40:14,BOM,COK,2026-09-16,T+1,7144.0,7176.53,4250.0,168.86,68.86,,,
5742,2026-09-15 15:40:30,DEL,BOM,2026-09-22,T+7,5985.0,6817.91,4850.0,140.58,40.58,,,
5743,2026-09-15 15:40:45,BLR,DEL,2026-09-30,T+15,8257.0,9401.95,5200.0,180.81,80.81,,,
5744,2026-09-15 15:40:59,BLR,BOM,2026-09-16,T+1,6727.0,10235.7,3950.0,259.13,159.13,,,
5745,2026-09-15 15:41:14,DEL,CCU,2026-09-16,T+1,7481.0,8735.96,4750.0,183.91,83.91,,,
5746,2026-09-15 15:41:29,DEL,HYD,2026-09-30,T+15,7884.0,8985.54,4600.0,195.34,95.34,,,
5747,2026-09-15 15:41:44,DEL,PNQ,2026-09-22,T+7,6686.0,7017.37,4900.0,143.21,43.21,,,
5748,2026-09-15 15:41:59,BOM,GOI,2026-09-30,T+15,7819.0,10434.14,3100.0,336.59,236.59,,,
5749,2026-09-15 15:42:13,BOM,MAA,2026-09-16,T+1,6546.0,7956.17,4200.0,189.43,89.43,,,
5750,2026-09-15 15:42:28,AMD,DEL,2026-09-22,T+7,5985.0,6183.04,3400.0,181.85,81.85,,,
5751,2026-09-15 15:42:42,BLR,HYD,2026-09-16,T+1,5358.0,10151.44,2950.0,344.12,244.12,,,
5752,2026-09-15 15:42:57,DEL,SXR,2026-09-22,T+7,6623.0,8797.59,4100.0,214.58,114.58,,,
5753,2026-09-15 15:43:20,DEL,GAU,2026-09-30,T+15,8189.0,11212.43,4750.0,236.05,136.05,,,
5754,2026-09-15 15:43:45,CCU,GAU,2026-09-22,T+7,5335.0,10050.54,2650.0,379.27,279.27,,,
5755,2026-09-15 15:44:11,DEL,IXZ,2026-09-30,T+15,4991.0,15123.6,6400.0,236.31,136.31,,,
5756,2026-09-15 15:44:25,DEL,IXL,2026-09-30,T+15,5249.0,7649.93,4750.0,161.05,61.05,,,
5757,2026-09-15 15:44:40,DEL,COK,2026-09-30,T+15,13272.0,14719.15,5450.0,270.08,170.08,,,
5758,2026-09-15 15:44:55,DEL,PAT,2026-09-16,T+1,6249.0,6574.04,3650.0,180.11,80.11,,,
5759,2026-09-15 15:45:09,DEL,LKO,2026-09-16,T+1,3955.0,5936.13,2950.0,201.22,101.22,,,
5760,2026-09-15 15:45:23,BOM,JAI,2026-09-30,T+15,6994.0,8663.85,3650.0,237.37,137.37,,,
5761,2026-09-15 15:45:38,BOM,AMD,2026-09-30,T+15,4584.0,5344.62,2450.0,218.15,118.15,,,
5762,2026-09-15 15:45:53,MAA,BLR,2026-09-30,T+15,4293.0,5235.49,2250.0,232.69,132.69,,,
5763,2026-09-15 15:46:07,DEL,BBI,2026-09-30,T+15,9775.0,11662.18,4150.0,281.02,181.02,,,
5764,2026-09-15 15:46:21,DEL,ATQ,2026-09-30,T+15,3696.0,4502.81,2650.0,169.92,69.92,,,
5765,2026-09-15 15:46:36,DEL,IDR,2026-09-16,T+1,6109.0,6640.8,3050.0,217.73,117.73,,,
5766,2026-09-15 15:46:50,BOM,COK,2026-09-22,T+7,7144.0,7269.29,4250.0,171.04,71.04,,,
5767,2026-09-15 15:47:05,DEL,BOM,2026-09-30,T+15,6314.0,7119.09,4850.0,146.79,46.79,,,
5768,2026-09-15 15:47:19,BLR,DEL,2026-09-16,T+1,9038.0,11799.47,5200.0,226.91,126.91,,,
5769,2026-09-15 15:47:34,BLR,BOM,2026-09-22,T+7,4164.0,6262.91,3950.0,158.55,58.55,,,
5770,2026-09-15 15:47:48,DEL,CCU,2026-09-16,T+1,7481.0,8805.41,4750.0,185.38,85.38,,,
5771,2026-09-15 15:48:03,DEL,HYD,2026-09-30,T+15,7884.0,8985.54,4600.0,195.34,95.34,,,
5772,2026-09-15 15:48:18,DEL,PNQ,2026-09-30,T+15,6929.0,7707.77,4900.0,157.3,57.3,,,
5773,2026-09-15 15:48:32,BOM,GOI,2026-09-30,T+15,7819.0,10434.14,3100.0,336.59,236.59,,,
5774,2026-09-15 15:48:47,BOM,MAA,2026-09-30,T+15,6358.0,6890.13,4200.0,164.05,64.05,,,
5775,2026-09-15 15:49:01,AMD,DEL,2026-09-30,T+15,5985.0,6176.6,3400.0,181.66,81.66,,,
5776,2026-09-15 15:49:16,BLR,HYD,2026-09-22,T+7,4473.0,5806.01,2950.0,196.81,96.81,,,
5777,2026-09-15 15:49:31,DEL,SXR,2026-09-30,T+15,6735.0,7974.41,4100.0,194.5,94.5,,,
5778,2026-09-15 15:49:56,DEL,GAU,2026-09-16,T+1,8189.0,11481.3,4750.0,241.71,141.71,,,
5779,2026-09-15 15:50:22,CCU,GAU,2026-09-30,T+15,4800.0,9145.27,2650.0,345.1,245.1,,,
5780,2026-09-15 15:50:47,DEL,IXZ,2026-09-30,T+15,4991.0,15123.6,6400.0,236.31,136.31,,,
5781,2026-09-15 15:51:02,DEL,IXL,2026-09-16,T+1,7738.0,7898.35,4750.0,166.28,66.28,,,
5782,2026-09-15 15:51:16,DEL,COK,2026-09-16,T+1,10715.0,10870.11,5450.0,199.45,99.45,,,
5783,2026-09-15 15:51:30,DEL,PAT,2026-09-22,T+7,6029.0,6388.18,3650.0,175.02,75.02,,,
5784,2026-09-15 15:51:45,DEL,LKO,2026-09-30,T+15,3955.0,4105.5,2950.0,139.17,39.17,,,
5785,2026-09-15 15:51:59,BOM,JAI,2026-09-30,T+15,6994.0,8663.85,3650.0,237.37,137.37,,,
5786,2026-09-15 15:52:13,BOM,AMD,2026-09-16,T+1,4727.0,9502.78,2450.0,387.87,287.87,,,
5787,2026-09-15 15:52:28,MAA,BLR,2026-09-16,T+1,4293.0,6522.47,2250.0,289.89,189.89,,,
5788,2026-09-15 15:52:42,DEL,BBI,2026-09-30,T+15,9775.0,11662.18,4150.0,281.02,181.02,,,
5789,2026-09-15 15:52:56,DEL,ATQ,2026-09-16,T+1,3696.0,3921.35,2650.0,147.98,47.98,,,
5790,2026-09-15 15:53:10,DEL,IDR,2026-09-16,T+1,6109.0,6640.8,3050.0,217.73,117.73,,,
5791,2026-09-15 15:53:25,BOM,COK,2026-09-22,T+7,7144.0,7269.29,4250.0,171.04,71.04,,,
5792,2026-09-15 15:53:40,DEL,BOM,2026-09-22,T+7,5985.0,6832.03,4850.0,140.87,40.87,,,
5793,2026-09-15 15:53:55,BLR,DEL,2026-09-30,T+15,8257.0,9401.95,5200.0,180.81,80.81,,,
5794,2026-09-15 15:54:10,BLR,BOM,2026-09-30,T+15,4164.0,6464.54,3950.0,163.66,63.66,,,
5795,2026-09-15 15:54:25,DEL,CCU,2026-09-30,T+15,7271.0,9251.01,4750.0,194.76,94.76,,,
5796,2026-09-15 15:54:40,DEL,HYD,2026-09-22,T+7,7884.0,9013.93,4600.0,195.96,95.95,,,
5797,2026-09-15 15:54:54,DEL,PNQ,2026-09-22,T+7,6686.0,7027.4,4900.0,143.42,43.42,,,
5798,2026-09-15 15:55:08,BOM,GOI,2026-09-30,T+15,7819.0,10434.14,3100.0,336.59,236.59,,,
5799,2026-09-15 15:55:23,BOM,MAA,2026-09-30,T+15,6358.0,6890.13,4200.0,164.05,64.05,,,
5800,2026-09-15 15:55:38,AMD,DEL,2026-09-22,T+7,5985.0,6183.04,3400.0,181.85,81.85,,,
5801,2026-09-15 15:55:52,BLR,HYD,2026-09-16,T+1,5358.0,10197.55,2950.0,345.68,245.68,,,
5802,2026-09-15 15:56:07,DEL,SXR,2026-09-22,T+7,6623.0,8581.92,4100.0,209.32,109.32,,,
5803,2026-09-15 15:56:25,DEL,BOM,2026-09-22,T+7,5985.0,6832.03,4850.0,140.87,40.87,,,
5804,2026-09-15 15:56:39,BLR,DEL,2026-09-30,T+15,8257.0,9401.95,5200.0,180.81,80.81,,,
5805,2026-09-15 15:56:53,BLR,BOM,2026-09-16,T+1,6727.0,10482.91,3950.0,265.39,165.39,,,
5806,2026-09-15 15:57:08,DEL,CCU,2026-09-30,T+15,7271.0,9251.01,4750.0,194.76,94.76,,,
5807,2026-09-15 15:57:22,DEL,HYD,2026-09-30,T+15,7884.0,8985.54,4600.0,195.34,95.34,,,
5808,2026-09-15 15:57:37,DEL,PNQ,2026-09-22,T+7,6686.0,7027.4,4900.0,143.42,43.42,,,
5809,2026-09-15 15:57:51,BOM,GOI,2026-09-16,T+1,5982.0,9285.91,3100.0,299.55,199.55,,,
5810,2026-09-15 15:58:06,BOM,MAA,2026-09-16,T+1,6546.0,7956.17,4200.0,189.43,89.43,,,
5811,2026-09-15 15:58:20,AMD,DEL,2026-09-22,T+7,5985.0,6183.04,3400.0,181.85,81.85,,,
5812,2026-09-15 15:58:24,DEL,BOM,2026-09-16,T+1,6314.0,7535.36,4850.0,155.37,55.37,138.37,2.95,54.0
5813,2026-09-15 15:58:28,DEL,BOM,2026-09-16,T+1,6314.0,7535.36,4850.0,155.37,55.37,138.37,2.95,54.0
5814,2026-09-15 15:58:53,BLR,HYD,2026-09-16,T+1,5358.0,10197.55,2950.0,345.68,245.68,,,
5815,2026-09-15 15:59:07,DEL,SXR,2026-09-16,T+1,6908.0,7927.46,4100.0,193.35,93.35,,,
5816,2026-09-15 15:59:35,DEL,GAU,2026-09-22,T+7,7302.0,10530.56,4750.0,221.7,121.7,,,
5817,2026-09-15 16:00:00,CCU,GAU,2026-09-22,T+7,5335.0,10050.54,2650.0,379.27,279.27,,,
5818,2026-09-15 16:00:21,DEL,SXR,2026-09-16,T+1,6908.0,7927.46,4100.0,193.35,93.35,146.67,3.59,12.0
5819,2026-09-15 16:00:26,DEL,IXZ,2026-09-30,T+15,4999.0,15121.73,6400.0,236.28,136.28,,,
5820,2026-09-15 16:00:46,DEL,IXL,2026-09-22,T+7,7738.0,7758.8,4750.0,163.34,63.34,,,
5821,2026-09-15 16:01:01,DEL,COK,2026-09-22,T+7,11346.0,12488.26,5450.0,229.14,129.14,,,
5822,2026-09-15 16:01:15,DEL,PAT,2026-09-16,T+1,6249.0,6539.16,3650.0,179.16,79.16,,,
5823,2026-09-15 16:01:30,DEL,LKO,2026-09-16,T+1,3955.0,5915.96,2950.0,200.54,100.54,,,
5824,2026-09-15 16:01:44,BOM,JAI,2026-09-30,T+15,6994.0,8663.85,3650.0,237.37,137.37,,,
5825,2026-09-15 16:01:58,BOM,AMD,2026-09-16,T+1,4727.0,9610.36,2450.0,392.26,292.26,,,
5826,2026-09-15 16:02:13,MAA,BLR,2026-09-22,T+7,4129.0,4724.58,2250.0,209.98,109.98,,,
5827,2026-09-15 16:02:27,DEL,BBI,2026-09-16,T+1,13463.0,15010.75,4150.0,361.7,261.7,,,
5828,2026-09-15 16:02:41,DEL,ATQ,2026-09-22,T+7,3695.0,3825.1,2650.0,144.34,44.34,,,
5829,2026-09-15 16:02:55,DEL,IDR,2026-09-30,T+15,6109.0,6496.76,3050.0,213.01,113.01,,,
5830,2026-09-15 16:03:09,BOM,COK,2026-09-16,T+1,7144.0,7171.16,4250.0,168.73,68.73,,,
5831,2026-09-15 16:03:23,DEL,BOM,2026-09-16,T+1,6314.0,7022.89,4850.0,144.8,44.8,,,
5832,2026-09-15 16:03:38,BLR,DEL,2026-09-16,T+1,9038.0,12239.03,5200.0,235.37,135.37,,,
5833,2026-09-15 16:03:53,BLR,BOM,2026-09-16,T+1,6727.0,10482.91,3950.0,265.39,165.39,,,
5834,2026-09-15 16:04:07,DEL,CCU,2026-09-22,T+7,7263.0,8867.64,4750.0,186.69,86.69,,,
5835,2026-09-15 16:04:22,DEL,HYD,2026-09-22,T+7,7884.0,9013.93,4600.0,195.96,95.95,,,
5836,2026-09-15 16:04:37,DEL,PNQ,2026-09-22,T+7,6686.0,7027.4,4900.0,143.42,43.42,,,
5837,2026-09-15 16:04:51,BOM,GOI,2026-09-16,T+1,5982.0,9358.82,3100.0,301.9,201.9,,,
5838,2026-09-15 16:05:06,BOM,MAA,2026-09-16,T+1,6546.0,7956.17,4200.0,189.43,89.43,,,
5839,2026-09-15 16:05:20,AMD,DEL,2026-09-22,T+7,5985.0,6183.04,3400.0,181.85,81.85,,,
5840,2026-09-15 16:05:34,BLR,HYD,2026-09-30,T+15,4613.0,5516.69,2950.0,187.01,87.01,,,
5841,2026-09-15 16:05:48,DEL,SXR,2026-09-16,T+1,6908.0,7927.46,4100.0,193.35,93.35,,,
5842,2026-09-15 16:06:15,DEL,GAU,2026-09-30,T+15,8189.0,11188.56,4750.0,235.55,135.55,,,
5843,2026-09-15 16:06:54,DEL,BOM,2026-09-22,T+7,5985.0,6832.03,4850.0,140.87,40.87,,,
5844,2026-09-15 16:07:08,BLR,DEL,2026-09-30,T+15,8257.0,9401.95,5200.0,180.81,80.81,,,
5845,2026-09-15 16:07:23,BLR,BOM,2026-09-16,T+1,6727.0,10215.09,3950.0,258.61,158.61,,,
5846,2026-09-15 16:07:37,DEL,CCU,2026-09-30,T+15,7271.0,9251.01,4750.0,194.76,94.76,,,
5847,2026-09-15 16:07:52,DEL,HYD,2026-09-22,T+7,7884.0,9013.93,4600.0,195.96,95.95,,,
5848,2026-09-15 16:08:06,DEL,PNQ,2026-09-22,T+7,6686.0,7027.4,4900.0,143.42,43.42,,,
5849,2026-09-15 16:08:18,DEL,BOM,2026-09-20,T+5,6314.0,7946.92,4850.0,163.85,63.85,133.29,2.56,55.0
5850,2026-09-15 16:08:43,BOM,GOI,2026-09-22,T+7,3964.0,5179.61,3100.0,167.08,67.08,,,
5851,2026-09-15 16:08:57,BOM,MAA,2026-09-16,T+1,6546.0,7956.17,4200.0,189.43,89.43,,,
5852,2026-09-15 16:09:12,AMD,DEL,2026-09-16,T+1,5985.0,11550.33,3400.0,339.72,239.72,,,
5853,2026-09-15 16:09:15,DEL,BOM,2026-09-16,T+1,6314.0,7191.75,4850.0,148.28,48.28,137.34,2.88,54.0
5854,2026-09-15 16:09:40,BLR,HYD,2026-09-16,T+1,5358.0,10191.31,2950.0,345.47,245.47,,,
5855,2026-09-15 16:09:56,DEL,SXR,2026-09-16,T+1,6908.0,7869.47,4100.0,191.94,91.94,,,
5856,2026-09-15 16:10:21,DEL,GAU,2026-09-30,T+15,8189.0,11188.56,4750.0,235.55,135.55,,,
5857,2026-09-15 16:10:47,CCU,GAU,2026-09-22,T+7,5335.0,10050.54,2650.0,379.27,279.27,,,
5858,2026-09-19 03:29:30,DEL,BOM,2026-10-04,T+15,6314.0,8829.08,4850.0,182.04,82.04,,,
5859,2026-09-19 03:30:00,BLR,DEL,2026-10-04,T+15,7584.0,10817.77,5200.0,208.03,108.03,,,
5860,2026-09-19 03:30:27,BLR,BOM,2026-09-20,T+1,5676.0,11288.74,3950.0,285.79,185.79,,,
5861,2026-09-19 03:30:52,DEL,CCU,2026-10-04,T+15,7185.0,11858.05,4750.0,249.64,149.64,,,
5862,2026-09-19 03:31:20,DEL,HYD,2026-09-20,T+1,4987.0,12675.67,4600.0,275.56,175.56,,,
5863,2026-09-19 03:31:44,DEL,PNQ,2026-10-04,T+15,7860.0,11515.85,4900.0,235.02,135.02,,,
5864,2026-09-19 03:32:10,BOM,GOI,2026-09-20,T+1,4315.0,9437.59,3100.0,304.44,204.44,,,
5865,2026-09-19 03:32:36,BOM,MAA,2026-09-26,T+7,5742.0,7929.89,4200.0,188.81,88.81,,,
5866,2026-09-19 03:33:01,AMD,DEL,2026-09-26,T+7,5985.0,8016.86,3400.0,235.79,135.79,,,
5867,2026-09-19 03:33:26,BLR,HYD,2026-09-26,T+7,4474.0,7518.32,2950.0,254.86,154.86,,,
5868,2026-09-19 03:33:51,DEL,SXR,2026-09-20,T+1,6048.0,9718.98,4100.0,237.05,137.05,,,
5869,2026-09-19 03:34:15,DEL,GAU,2026-09-26,T+7,8189.0,11670.09,4750.0,245.69,145.69,,,
5870,2026-09-19 03:34:38,CCU,GAU,2026-10-04,T+15,5102.0,9504.87,2650.0,358.67,258.67,,,
5871,2026-09-19 03:35:03,DEL,IXZ,2026-09-26,T+7,4987.0,18813.28,6400.0,293.96,193.96,,,
5872,2026-09-19 03:35:31,DEL,IXL,2026-10-04,T+15,4524.0,11124.76,4750.0,234.21,134.21,,,
5873,2026-09-19 03:35:59,DEL,COK,2026-09-26,T+7,5003.0,11648.39,5450.0,213.73,113.73,,,
5874,2026-09-19 03:36:26,DEL,PAT,2026-09-20,T+1,5777.0,7569.35,3650.0,207.38,107.38,,,
5875,2026-09-19 03:36:59,DEL,LKO,2026-10-04,T+15,3553.0,6042.3,2950.0,204.82,104.82,,,
5876,2026-09-19 03:37:24,BOM,JAI,2026-09-20,T+1,6369.0,11343.38,3650.0,310.78,210.78,,,
5877,2026-09-19 03:37:49,BOM,AMD,2026-10-04,T+15,5322.0,7551.44,2450.0,308.22,208.22,,,
5878,2026-09-19 03:38:14,MAA,BLR,2026-10-04,T+15,3973.0,8338.32,2250.0,370.59,270.59,,,
5879,2026-09-19 03:38:40,DEL,BBI,2026-10-04,T+15,4993.0,10298.04,4150.0,248.15,148.15,,,
5880,2026-09-19 03:39:04,DEL,ATQ,2026-09-26,T+7,3309.0,7450.36,2650.0,281.15,181.15,,,
5881,2026-09-19 03:39:29,DEL,IDR,2026-09-26,T+7,5565.0,7345.75,3050.0,240.84,140.84,,,
5882,2026-09-19 03:39:55,BOM,COK,2026-09-26,T+7,6499.0,11017.22,4250.0,259.23,159.23,,,
5883,2026-09-19 03:40:26,DEL,BOM,2026-09-26,T+7,6425.0,8196.37,4850.0,169.0,69.0,,,
5884,2026-09-19 03:40:58,BLR,DEL,2026-09-26,T+7,8549.0,10955.88,5200.0,210.69,110.69,,,
5885,2026-09-19 03:41:31,BLR,BOM,2026-10-04,T+15,4164.0,9862.65,3950.0,249.69,149.69,,,
5886,2026-09-19 03:42:00,DEL,CCU,2026-09-20,T+1,7507.0,13218.4,4750.0,278.28,178.28,,,
5887,2026-09-19 03:42:30,DEL,HYD,2026-09-26,T+7,8211.0,10568.91,4600.0,229.76,129.76,,,
5888,2026-09-19 03:42:55,DEL,PNQ,2026-09-20,T+1,6528.0,10913.81,4900.0,222.73,122.73,,,
5889,2026-09-19 03:43:20,BOM,GOI,2026-09-26,T+7,4774.0,9578.65,3100.0,308.99,208.99,,,
5890,2026-09-19 03:43:45,BOM,MAA,2026-09-20,T+1,5976.0,11365.23,4200.0,270.6,170.6,,,
5891,2026-09-19 03:44:12,AMD,DEL,2026-10-04,T+15,5439.0,7511.65,3400.0,220.93,120.93,,,
5892,2026-09-19 03:44:38,BLR,HYD,2026-09-26,T+7,4474.0,7518.32,2950.0,254.86,154.86,,,
5893,2026-09-19 03:45:07,DEL,SXR,2026-10-04,T+15,6147.0,7850.54,4100.0,191.48,91.48,,,
5894,2026-09-19 03:45:30,DEL,GAU,2026-10-04,T+15,8189.0,11853.1,4750.0,249.54,149.54,,,
5895,2026-09-19 03:45:55,CCU,GAU,2026-10-04,T+15,5102.0,9504.87,2650.0,358.67,258.67,,,
5896,2026-09-19 04:02:39,DEL,BOM,2026-09-26,T+7,6425.0,8192.11,4850.0,168.91,68.91,,,
5897,2026-09-19 04:02:42,DEL,BOM,2026-09-20,T+1,6314.0,14595.36,4850.0,300.94,200.94,127.47,2.12,466.0
5898,2026-09-19 04:03:02,BLR,HYD,2026-09-20,T+1,5358.0,12056.21,2950.0,408.69,308.69,127.47,2.12,346.0
5899,2026-09-19 04:03:28,BLR,DEL,2026-09-20,T+1,8364.0,13121.42,5200.0,252.34,152.34,,,
5900,2026-09-19 04:03:59,BLR,BOM,2026-09-20,T+1,5504.0,11279.51,3950.0,285.56,185.56,,,
5901,2026-09-19 04:04:25,DEL,CCU,2026-10-04,T+15,7185.0,11860.06,4750.0,249.69,149.69,,,
5902,2026-09-19 04:04:54,DEL,HYD,2026-10-04,T+15,8010.0,11609.56,4600.0,252.38,152.38,,,
5903,2026-09-19 04:05:20,DEL,PNQ,2026-09-26,T+7,6341.0,9239.9,4900.0,188.57,88.57,,,
5904,2026-09-19 04:05:47,BOM,GOI,2026-10-04,T+15,3531.0,6156.61,3100.0,198.6,98.6,,,
5905,2026-09-19 04:06:16,BOM,MAA,2026-10-04,T+15,5742.0,10063.07,4200.0,239.6,139.6,,,
5906,2026-09-19 04:06:23,DEL,BOM,2026-09-20,T+1,6314.0,14607.47,4850.0,301.18,201.18,152.06,4.01,480.0
5907,2026-09-19 04:06:44,AMD,DEL,2026-09-26,T+7,5439.0,7976.81,3400.0,234.61,134.61,,,
5908,2026-09-19 04:07:11,BLR,HYD,2026-10-04,T+15,4150.0,8809.5,2950.0,298.63,198.63,,,
5909,2026-09-19 04:07:29,DEL,BOM,2026-09-19,T+0,6314.0,11372.06,4850.0,234.48,134.48,159.21,4.56,408.0
5910,2026-09-19 04:07:49,DEL,SXR,2026-09-26,T+7,6016.0,8136.11,4100.0,198.44,98.44,,,
5911,2026-09-19 04:08:14,DEL,GAU,2026-09-26,T+7,8189.0,11676.41,4750.0,245.82,145.82,,,
5912,2026-09-19 04:08:40,CCU,GAU,2026-09-20,T+1,4800.0,10085.1,2650.0,380.57,280.57,,,
5913,2026-09-19 04:09:05,DEL,IXZ,2026-10-04,T+15,4997.0,15176.77,6400.0,237.14,137.14,,,
5914,2026-09-19 04:09:30,DEL,IXL,2026-09-20,T+1,7219.0,11976.31,4750.0,252.13,152.13,,,
5915,2026-09-19 04:09:57,DEL,COK,2026-09-26,T+7,5000.0,11826.88,5450.0,217.01,117.01,,,
5916,2026-09-19 04:10:22,DEL,PAT,2026-10-04,T+15,6217.0,8210.07,3650.0,224.93,124.93,,,
5917,2026-09-19 04:10:52,DEL,LKO,2026-09-20,T+1,3683.0,7210.2,2950.0,244.41,144.41,,,
5918,2026-09-19 04:11:22,BOM,JAI,2026-09-20,T+1,6362.0,11287.97,3650.0,309.26,209.26,,,
5919,2026-09-19 04:11:52,BOM,AMD,2026-09-20,T+1,4616.0,8917.58,2450.0,363.98,263.98,,,
5920,2026-09-19 04:12:26,MAA,BLR,2026-09-20,T+1,3913.0,11855.12,2250.0,526.89,426.89,,,
5921,2026-09-19 04:12:40,DEL,BOM,2026-09-19,T+0,6425.0,11418.58,4850.0,235.43,135.43,181.07,6.24,401.0
5922,2026-09-19 04:13:05,DEL,BBI,2026-10-04,T+15,4984.0,10314.16,4150.0,248.53,148.53,,,
5923,2026-09-19 04:13:45,DEL,BOM,2026-09-20,T+1,6425.0,14640.0,4850.0,301.86,201.86,182.99,6.39,481.0
5924,2026-09-19 04:13:47,DEL,BOM,2026-09-20,T+1,6425.0,14640.0,4850.0,301.86,201.86,182.99,6.39,481.0
5925,2026-09-19 04:13:48,BLR,DEL,2026-09-20,T+1,8364.0,13140.31,5200.0,252.7,152.7,182.99,6.39,426.0
5926,2026-09-19 04:13:59,DEL,ATQ,2026-10-04,T+15,3475.0,7085.42,2650.0,267.37,167.37,,,
5927,2026-09-19 04:14:30,DEL,IDR,2026-10-04,T+15,6002.0,8353.27,3050.0,273.88,173.88,,,
5928,2026-09-19 04:15:11,BOM,COK,2026-10-04,T+15,5685.0,11180.73,4250.0,263.08,163.08,,,
5929,2026-09-19 04:15:43,DEL,BOM,2026-10-04,T+15,6245.0,9808.09,4850.0,202.23,102.23,,,
5930,2026-09-19 04:16:15,BLR,DEL,2026-09-26,T+7,8515.0,10947.59,5200.0,210.53,110.53,,,
5931,2026-09-19 04:16:46,BLR,BOM,2026-09-26,T+7,4136.0,7553.73,3950.0,191.23,91.23,,,
5932,2026-09-19 04:17:17,DEL,CCU,2026-10-04,T+15,7185.0,11856.69,4750.0,249.61,149.61,,,
5933,2026-09-19 04:17:46,DEL,HYD,2026-10-04,T+15,8510.0,12988.77,4600.0,282.36,182.36,,,
5934,2026-09-19 04:18:18,DEL,PNQ,2026-09-20,T+1,6538.0,10822.47,4900.0,220.87,120.87,,,
5935,2026-09-19 04:18:49,BOM,GOI,2026-10-04,T+15,3915.0,7826.13,3100.0,252.46,152.46,,,
5936,2026-09-19 04:19:21,BOM,MAA,2026-09-26,T+7,5742.0,7926.41,4200.0,188.72,88.72,,,
5937,2026-09-19 04:19:57,AMD,DEL,2026-09-26,T+7,5439.0,7976.81,3400.0,234.61,134.61,,,
5938,2026-09-19 04:20:29,BLR,HYD,2026-09-26,T+7,4502.0,7500.42,2950.0,254.25,154.25,,,
5939,2026-09-19 04:21:00,DEL,SXR,2026-09-20,T+1,6035.0,9578.79,4100.0,233.63,133.63,,,
5940,2026-09-19 04:21:28,DEL,GAU,2026-10-04,T+15,8189.0,11853.1,4750.0,249.54,149.54,,,
5941,2026-09-19 04:21:55,CCU,GAU,2026-09-26,T+7,6396.0,10059.76,2650.0,379.61,279.61,,,
5942,2026-09-19 04:22:26,DEL,IXZ,2026-10-04,T+15,4997.0,15191.97,6400.0,237.37,137.37,,,
5943,2026-09-19 04:22:55,DEL,IXL,2026-09-20,T+1,7219.0,12022.82,4750.0,253.11,153.11,,,
5944,2026-09-19 04:23:25,DEL,COK,2026-09-20,T+1,10715.0,33920.57,5450.0,622.4,522.4,,,
5945,2026-09-19 04:23:55,DEL,PAT,2026-10-04,T+15,6217.0,8210.07,3650.0,224.93,124.93,,,
5946,2026-09-19 04:24:25,DEL,LKO,2026-10-04,T+15,3527.0,5897.65,2950.0,199.92,99.92,,,
5947,2026-09-19 04:24:57,BOM,JAI,2026-10-04,T+15,6807.0,8997.68,3650.0,246.51,146.51,,,
5948,2026-09-19 04:25:09,DEL,BOM,2026-09-20,T+1,6314.0,14617.52,4850.0,301.39,201.39,195.46,7.35,469.0
5949,2026-09-19 04:25:32,BOM,AMD,2026-10-04,T+15,5381.0,7515.08,2450.0,306.74,206.74,,,
5950,2026-09-19 04:25:45,DEL,BOM,2026-09-20,T+1,6314.0,14589.53,4850.0,300.82,200.82,196.43,7.43,483.0
5951,2026-09-19 04:26:09,MAA,BLR,2026-10-04,T+15,3930.0,8659.75,2250.0,384.88,284.88,,,
5952,2026-09-19 04:26:25,DEL,BOM,2026-09-21,T+2,6245.0,11040.71,4850.0,227.64,127.64,196.07,7.4,470.0
5953,2026-09-19 04:26:47,DEL,BBI,2026-09-26,T+7,4980.0,10542.99,4150.0,254.05,154.05,,,
5954,2026-09-19 04:27:19,DEL,ATQ,2026-10-04,T+15,3475.0,7085.42,2650.0,267.37,167.37,,,
5955,2026-09-19 04:27:48,DEL,IDR,2026-10-04,T+15,6002.0,8353.27,3050.0,273.88,173.88,,,
5956,2026-09-19 04:28:19,BOM,COK,2026-09-20,T+1,6216.0,9907.43,4250.0,233.12,133.12,,,
5957,2026-09-19 04:28:57,DEL,BOM,2026-09-26,T+7,6425.0,8240.84,4850.0,169.91,69.91,,,
5958,2026-09-19 04:29:04,BLR,BOM,2026-09-20,T+1,5504.0,11103.81,3950.0,281.11,181.11,188.96,6.85,363.0
5959,2026-09-19 04:29:47,BLR,DEL,2026-09-20,T+1,9305.0,11901.58,5200.0,228.88,128.88,,,
5960,2026-09-19 04:30:44,BLR,BOM,2026-09-26,T+7,4584.0,8836.94,3950.0,223.72,123.72,,,
5961,2026-09-19 04:31:36,DEL,CCU,2026-10-04,T+15,5315.0,11344.79,4750.0,238.84,138.84,,,
5962,2026-09-19 04:31:36,DEL,BOM,2026-09-20,T+1,6314.0,14604.71,4850.0,301.13,201.13,190.02,6.93,483.0
5963,2026-09-19 04:32:18,DEL,HYD,2026-09-20,T+1,4994.0,12844.16,4600.0,279.22,179.22,,,
5964,2026-09-19 04:32:51,DEL,PNQ,2026-10-04,T+15,7860.0,11412.63,4900.0,232.91,132.91,,,
5965,2026-09-19 04:33:20,BOM,GOI,2026-10-04,T+15,3531.0,6161.5,3100.0,198.76,98.76,,,
5966,2026-09-19 04:33:50,BOM,MAA,2026-09-26,T+7,5742.0,7926.32,4200.0,188.72,88.72,,,
5967,2026-09-19 04:34:22,AMD,DEL,2026-10-04,T+15,5439.0,7506.57,3400.0,220.78,120.78,,,
5968,2026-09-19 04:34:52,BLR,HYD,2026-09-26,T+7,4914.0,9435.46,2950.0,319.85,219.85,,,
5969,2026-09-19 04:35:44,DEL,SXR,2026-09-20,T+1,6294.0,12463.4,4100.0,303.99,203.99,,,
5970,2026-09-19 04:36:16,DEL,GAU,2026-10-04,T+15,8189.0,11853.1,4750.0,249.54,149.54,,,
5971,2026-09-19 04:36:49,CCU,GAU,2026-09-26,T+7,6396.0,10059.76,2650.0,379.61,279.61,,,
5972,2026-09-19 04:37:21,DEL,IXZ,2026-09-26,T+7,4997.0,18800.57,6400.0,293.76,193.76,,,
5973,2026-09-19 04:37:52,DEL,IXL,2026-09-26,T+7,9418.0,14757.93,4750.0,310.69,210.69,,,
5974,2026-09-19 04:38:25,DEL,COK,2026-10-04,T+15,4984.0,12962.72,5450.0,237.85,137.85,,,
5975,2026-09-19 04:38:57,DEL,PAT,2026-09-20,T+1,5751.0,7268.21,3650.0,199.13,99.13,,,
5976,2026-09-19 04:39:45,DEL,LKO,2026-10-04,T+15,3769.0,7938.36,2950.0,269.1,169.1,,,
5977,2026-09-19 04:40:32,BOM,JAI,2026-10-04,T+15,7449.0,10007.89,3650.0,274.19,174.19,,,
5978,2026-09-19 04:41:04,BOM,AMD,2026-09-20,T+1,4616.0,8892.81,2450.0,362.97,262.97,,,
5979,2026-09-19 04:41:37,MAA,BLR,2026-09-26,T+7,3930.0,7083.45,2250.0,314.82,214.82,,,
5980,2026-09-19 04:42:25,DEL,BBI,2026-10-04,T+15,5335.0,13192.06,4150.0,317.88,217.88,,,
5981,2026-09-19 04:42:54,DEL,ATQ,2026-09-20,T+1,3284.0,6572.25,2650.0,248.01,148.01,,,
5982,2026-09-19 04:43:27,DEL,IDR,2026-10-04,T+15,6444.0,9560.36,3050.0,313.45,213.45,,,
5983,2026-09-19 04:44:00,BOM,COK,2026-09-20,T+1,6216.0,9905.24,4250.0,233.06,133.06,,,
5984,2026-09-19 04:44:32,DEL,BOM,2026-09-26,T+7,6425.0,8231.49,4850.0,169.72,69.72,,,
5985,2026-09-19 04:45:03,BLR,DEL,2026-10-04,T+15,7592.0,10793.26,5200.0,207.56,107.56,,,
5986,2026-09-19 04:45:34,BLR,BOM,2026-09-20,T+1,5504.0,11248.71,3950.0,284.78,184.78,,,
5987,2026-09-19 04:46:07,DEL,CCU,2026-10-04,T+15,7185.0,11876.74,4750.0,250.04,150.04,,,
5988,2026-09-19 04:46:38,DEL,HYD,2026-09-26,T+7,8199.0,10809.59,4600.0,234.99,134.99,,,
5989,2026-09-19 04:47:08,DEL,PNQ,2026-09-26,T+7,6341.0,9213.16,4900.0,188.02,88.02,,,
5990,2026-09-19 04:47:46,BOM,GOI,2026-10-04,T+15,3915.0,7962.01,3100.0,256.84,156.84,,,
5991,2026-09-19 04:48:20,BOM,MAA,2026-09-20,T+1,5958.0,11282.54,4200.0,268.63,168.63,,,
5992,2026-09-19 04:48:53,AMD,DEL,2026-09-20,T+1,5929.0,9041.13,3400.0,265.92,165.92,,,
5993,2026-09-19 04:49:43,BLR,HYD,2026-10-04,T+15,4392.0,11034.34,2950.0,374.05,274.05,,,
5994,2026-09-19 04:50:19,DEL,SXR,2026-09-20,T+1,6035.0,9619.54,4100.0,234.62,134.62,,,
5995,2026-09-19 04:50:27,DEL,BOM,2026-09-20,T+1,6425.0,14873.91,4850.0,306.68,206.68,192.32,7.11,444.0
5996,2026-09-19 04:50:55,DEL,GAU,2026-09-20,T+1,8189.0,14997.48,4750.0,315.74,215.74,,,
5997,2026-09-19 04:51:27,CCU,GAU,2026-10-04,T+15,5102.0,9504.87,2650.0,358.67,258.67,,,
5998,2026-09-19 04:52:00,DEL,IXZ,2026-10-04,T+15,4997.0,15172.87,6400.0,237.08,137.08,,,
5999,2026-09-19 04:52:32,DEL,IXL,2026-09-20,T+1,7219.0,12005.09,4750.0,252.74,152.74,,,
6000,2026-09-19 04:53:04,DEL,COK,2026-09-26,T+7,5000.0,11810.42,5450.0,216.7,116.7,,,
6001,2026-09-19 04:53:36,DEL,PAT,2026-09-20,T+1,5751.0,7553.59,3650.0,206.95,106.95,,,
6002,2026-09-19 04:54:06,DEL,LKO,2026-09-20,T+1,3683.0,7233.17,2950.0,245.19,145.19,,,
6003,2026-09-19 04:54:40,BOM,JAI,2026-10-04,T+15,6807.0,8974.27,3650.0,245.87,145.87,,,
6004,2026-09-19 04:55:35,BOM,AMD,2026-09-20,T+1,5109.0,10482.38,2450.0,427.85,327.85,,,
6005,2026-09-19 04:56:36,MAA,BLR,2026-10-04,T+15,4187.0,11064.6,2250.0,491.76,391.76,,,
6006,2026-09-19 04:57:08,DEL,BBI,2026-09-26,T+7,5335.0,13359.51,4150.0,321.92,221.92,,,
6007,2026-09-19 04:57:31,DEL,ATQ,2026-10-04,T+15,3879.0,8262.8,2650.0,311.8,211.8,,,
6008,2026-09-19 04:57:50,DEL,IDR,2026-09-20,T+1,6444.0,9683.88,3050.0,317.5,217.5,,,
6009,2026-09-19 04:58:16,BOM,COK,2026-10-04,T+15,7902.0,12529.95,4250.0,294.82,194.82,,,
6010,2026-09-19 05:01:15,DEL,BOM,2026-09-20,T+1,22736.0,24463.67,4850.0,504.41,404.41,,,
6011,2026-09-19 05:03:54,BLR,DEL,2026-09-26,T+7,10704.0,14734.39,5200.0,283.35,183.35,,,
6012,2026-09-19 05:04:37,BLR,BOM,2026-09-26,T+7,10027.0,16294.51,3950.0,412.52,312.52,,,
6013,2026-09-19 05:05:31,DEL,CCU,2026-10-04,T+15,5315.0,11344.79,4750.0,238.84,138.84,,,
6014,2026-09-19 05:06:06,DEL,HYD,2026-09-20,T+1,4994.0,12680.76,4600.0,275.67,175.67,,,
6015,2026-09-19 05:06:41,DEL,PNQ,2026-09-20,T+1,6767.0,10866.33,4900.0,221.76,121.76,,,
6016,2026-09-19 05:07:16,BOM,GOI,2026-09-20,T+1,4315.0,9511.68,3100.0,306.83,206.83,,,
6017,2026-09-19 05:07:48,BOM,MAA,2026-10-04,T+15,5742.0,10002.46,4200.0,238.15,138.15,,,
6018,2026-09-19 05:08:21,AMD,DEL,2026-10-04,T+15,5439.0,7510.84,3400.0,220.91,120.91,,,
6019,2026-09-19 05:08:54,BLR,HYD,2026-10-04,T+15,4150.0,8813.71,2950.0,298.77,198.77,,,
6020,2026-09-19 05:09:41,DEL,SXR,2026-09-26,T+7,6358.0,10393.41,4100.0,253.5,153.5,,,
6021,2026-09-19 05:10:21,DEL,GAU,2026-09-20,T+1,8189.0,15010.28,4750.0,316.01,216.01,,,
6022,2026-09-19 05:10:57,CCU,GAU,2026-10-04,T+15,5102.0,9504.87,2650.0,358.67,258.67,,,
6023,2026-09-19 05:11:38,DEL,IXZ,2026-10-04,T+15,4997.0,15172.87,6400.0,237.08,137.08,,,
6024,2026-09-19 05:12:17,DEL,IXL,2026-09-20,T+1,7219.0,11771.1,4750.0,247.81,147.81,,,
6025,2026-09-19 05:13:14,DEL,COK,2026-10-04,T+15,5370.0,15115.94,5450.0,277.36,177.36,,,
6026,2026-09-19 05:13:52,DEL,PAT,2026-09-26,T+7,6155.0,8143.56,3650.0,223.11,123.11,,,
6027,2026-09-19 05:14:39,DEL,LKO,2026-09-20,T+1,3948.0,9498.35,2950.0,321.98,221.98,,,
6028,2026-09-19 05:15:17,BOM,JAI,2026-10-04,T+15,7449.0,10007.89,3650.0,274.19,174.19,,,
6029,2026-09-19 05:15:50,BOM,AMD,2026-09-26,T+7,4429.0,5890.67,2450.0,240.44,140.44,,,
6030,2026-09-19 05:16:36,MAA,BLR,2026-09-20,T+1,3913.0,12400.42,2250.0,551.13,451.13,,,
6031,2026-09-19 05:17:21,DEL,BBI,2026-09-26,T+7,5335.0,12904.37,4150.0,310.95,210.95,,,
6032,2026-09-19 05:18:07,DEL,ATQ,2026-10-04,T+15,3475.0,6738.53,2650.0,254.28,154.28,,,
6033,2026-09-19 05:18:41,DEL,IDR,2026-10-04,T+15,6002.0,8332.64,3050.0,273.2,173.2,,,
6034,2026-09-19 05:19:13,BOM,COK,2026-09-20,T+1,6499.0,10121.69,4250.0,238.16,138.16,,,
6035,2026-09-19 05:19:59,DEL,BOM,2026-09-20,T+1,6425.0,12472.69,4850.0,257.17,157.17,,,
6036,2026-09-19 05:20:44,BLR,DEL,2026-10-04,T+15,7592.0,10794.89,5200.0,207.59,107.59,,,
6037,2026-09-19 05:21:32,BLR,BOM,2026-10-04,T+15,4164.0,10087.98,3950.0,255.39,155.39,,,
6038,2026-09-19 05:22:06,DEL,CCU,2026-10-04,T+15,7185.0,11876.74,4750.0,250.04,150.04,,,
6039,2026-09-19 05:23:03,DEL,HYD,2026-09-26,T+7,8711.0,14409.27,4600.0,313.25,213.25,,,
6040,2026-09-19 05:24:29,DEL,PNQ,2026-09-20,T+1,9522.0,14031.94,4900.0,286.37,186.37,,,
6041,2026-09-19 05:27:53,BOM,GOI,2026-10-04,T+15,5523.0,12946.87,3100.0,417.64,317.64,,,
6042,2026-09-19 05:28:24,BOM,MAA,2026-09-26,T+7,5742.0,8105.56,4200.0,192.99,92.99,,,
6043,2026-09-19 05:28:58,AMD,DEL,2026-09-20,T+1,5490.0,8831.12,3400.0,259.74,159.74,,,
6044,2026-09-19 05:29:30,BLR,HYD,2026-09-20,T+1,5358.0,12080.95,2950.0,409.52,309.52,,,
6045,2026-09-19 05:30:02,DEL,SXR,2026-09-26,T+7,6016.0,8009.04,4100.0,195.34,95.34,,,
6046,2026-09-19 05:30:34,DEL,GAU,2026-10-04,T+15,8189.0,11943.08,4750.0,251.43,151.43,,,
6047,2026-09-19 05:31:04,CCU,GAU,2026-09-26,T+7,6396.0,10062.84,2650.0,379.73,279.73,,,
6048,2026-09-19 05:31:35,DEL,IXZ,2026-09-20,T+1,4997.0,16713.92,6400.0,261.15,161.15,,,
6049,2026-09-19 05:32:05,DEL,IXL,2026-09-20,T+1,7097.0,11750.97,4750.0,247.39,147.39,,,
6050,2026-09-19 05:32:39,DEL,COK,2026-09-26,T+7,5000.0,11828.14,5450.0,217.03,117.03,,,
6051,2026-09-19 05:33:10,DEL,PAT,2026-10-04,T+15,6217.0,7980.92,3650.0,218.66,118.66,,,
6052,2026-09-19 05:33:40,DEL,LKO,2026-10-04,T+15,3531.0,5993.1,2950.0,203.16,103.16,,,
6053,2026-09-19 05:34:11,BOM,JAI,2026-10-04,T+15,6807.0,8974.27,3650.0,245.87,145.87,,,
6054,2026-09-19 05:34:43,BOM,AMD,2026-09-26,T+7,4429.0,5890.67,2450.0,240.44,140.44,,,
6055,2026-09-19 05:35:15,MAA,BLR,2026-09-20,T+1,3913.0,12383.77,2250.0,550.39,450.39,,,
6056,2026-09-19 05:35:47,DEL,BBI,2026-10-04,T+15,4984.0,10120.56,4150.0,243.87,143.87,,,
6057,2026-09-19 05:36:19,DEL,ATQ,2026-10-04,T+15,3670.0,8524.57,2650.0,321.68,221.68,,,
6058,2026-09-19 05:36:49,DEL,IDR,2026-09-20,T+1,5570.0,10330.67,3050.0,338.71,238.71,,,
6059,2026-09-19 05:37:21,BOM,COK,2026-09-20,T+1,6499.0,9972.38,4250.0,234.64,134.64,,,
6060,2026-09-19 05:37:56,DEL,BOM,2026-09-26,T+7,6425.0,8235.29,4850.0,169.8,69.8,,,
6061,2026-09-19 05:38:43,BLR,DEL,2026-09-26,T+7,8549.0,11333.54,5200.0,217.95,117.95,,,
6062,2026-09-19 05:39:15,BLR,BOM,2026-09-26,T+7,4136.0,7556.52,3950.0,191.3,91.3,,,
6063,2026-09-19 05:39:48,DEL,CCU,2026-09-26,T+7,4984.0,9302.22,4750.0,195.84,95.84,,,
6064,2026-09-19 05:40:26,DEL,HYD,2026-09-20,T+1,4994.0,12729.27,4600.0,276.72,176.72,,,
6065,2026-09-19 05:40:59,DEL,PNQ,2026-09-26,T+7,6341.0,9232.66,4900.0,188.42,88.42,,,
6066,2026-09-19 05:41:31,BOM,GOI,2026-09-20,T+1,4315.0,9448.24,3100.0,304.78,204.78,,,
6067,2026-09-19 05:42:17,BOM,MAA,2026-10-04,T+15,5742.0,10899.5,4200.0,259.51,159.51,,,
6068,2026-09-19 05:42:52,AMD,DEL,2026-09-26,T+7,5985.0,8000.03,3400.0,235.29,135.29,,,
6069,2026-09-19 05:43:27,BLR,HYD,2026-10-04,T+15,4150.0,8806.02,2950.0,298.51,198.51,,,
6070,2026-09-19 05:43:59,DEL,SXR,2026-09-20,T+1,6035.0,9989.78,4100.0,243.65,143.65,,,
6071,2026-09-19 05:44:33,DEL,GAU,2026-09-20,T+1,8189.0,15055.5,4750.0,316.96,216.96,,,
6072,2026-09-19 05:45:05,CCU,GAU,2026-10-04,T+15,5102.0,9504.87,2650.0,358.67,258.67,,,
6073,2026-09-19 05:45:51,DEL,IXZ,2026-09-20,T+1,20308.0,30060.51,6400.0,469.7,369.7,,,
6074,2026-09-19 05:46:06,DEL,IXL,2026-09-26,T+7,7157.0,11866.61,4750.0,249.82,149.82,,,
6075,2026-09-19 06:07:03,DEL,BOM,2026-10-04,T+15,6245.0,9843.9,4850.0,202.97,102.97,,,
6076,2026-09-19 06:08:04,BLR,DEL,2026-09-20,T+1,8817.0,13141.76,5200.0,252.73,152.73,,,
6077,2026-09-19 06:08:59,BLR,BOM,2026-10-04,T+15,3752.0,8285.56,3950.0,209.76,109.76,,,
6078,2026-09-19 06:09:58,DEL,CCU,2026-10-04,T+15,7185.0,11844.98,4750.0,249.37,149.37,,,
6079,2026-09-19 06:10:53,DEL,HYD,2026-10-04,T+15,8027.0,12036.71,4600.0,261.67,161.67,,,
6080,2026-09-19 06:11:48,DEL,PNQ,2026-09-20,T+1,6706.0,10975.97,4900.0,224.0,124.0,,,
6081,2026-09-19 06:12:38,BOM,GOI,2026-10-04,T+15,3610.0,6218.51,3100.0,200.6,100.6,,,
6082,2026-09-19 06:13:16,BOM,MAA,2026-10-04,T+15,8302.0,12264.42,4200.0,292.01,192.01,,,
6083,2026-09-19 06:18:26,AMD,DEL,2026-09-26,T+7,6571.0,8993.42,3400.0,264.51,164.51,,,
6084,2026-09-19 06:19:59,BLR,HYD,2026-10-04,T+15,7073.0,13026.48,2950.0,441.58,341.58,,,
6085,2026-09-19 08:12:27,DEL,SXR,2026-09-26,T+7,6979.0,12031.57,4100.0,293.45,193.45,,,
6086,2026-09-19 08:12:46,DEL,GAU,2026-10-04,T+15,8189.0,15655.08,4750.0,329.58,229.58,,,
6087,2026-09-19 08:13:17,CCU,GAU,2026-09-26,T+7,5102.0,9691.29,2650.0,365.71,265.71,,,
6088,2026-09-19 08:14:21,DEL,IXZ,2026-09-26,T+7,5357.0,17158.83,6400.0,268.11,168.11,,,
6089,2026-09-19 08:15:06,DEL,IXL,2026-10-04,T+15,4685.0,11175.58,4750.0,235.28,135.28,,,
6090,2026-09-19 08:15:51,DEL,COK,2026-09-20,T+1,5642.0,16756.53,5450.0,307.46,207.46,,,
6091,2026-09-19 08:16:43,DEL,PAT,2026-09-26,T+7,6217.0,9949.76,3650.0,272.6,172.6,,,
6092,2026-09-19 08:17:29,DEL,LKO,2026-09-26,T+7,3781.0,7313.27,2950.0,247.91,147.91,,,
6093,2026-09-19 08:18:32,BOM,JAI,2026-09-26,T+7,6895.0,10636.08,3650.0,291.4,191.4,,,
6094,2026-09-19 08:19:24,BOM,AMD,2026-09-26,T+7,4779.0,5726.78,2450.0,233.75,133.75,,,
6095,2026-09-19 08:20:09,MAA,BLR,2026-10-04,T+15,4187.0,11791.29,2250.0,524.06,424.06,,,
6096,2026-09-19 08:20:50,DEL,BBI,2026-10-04,T+15,4973.0,10113.19,4150.0,243.69,143.69,,,
6097,2026-09-19 08:21:39,DEL,ATQ,2026-10-04,T+15,3670.0,8620.73,2650.0,325.31,225.31,,,
6098,2026-09-19 08:22:31,DEL,IDR,2026-10-04,T+15,6583.0,9303.11,3050.0,305.02,205.02,,,
6099,2026-09-19 08:23:23,BOM,COK,2026-10-04,T+15,5685.0,11201.08,4250.0,263.55,163.55,,,
6100,2026-09-19 08:24:03,DEL,BOM,2026-09-26,T+7,6425.0,8262.16,4850.0,170.35,70.35,,,
6101,2026-09-19 08:24:56,BLR,DEL,2026-09-26,T+7,8549.0,11380.13,5200.0,218.85,118.85,,,
6102,2026-09-19 08:25:45,BLR,BOM,2026-09-20,T+1,5761.0,12502.38,3950.0,316.52,216.52,,,
6103,2026-09-19 08:26:23,DEL,CCU,2026-09-20,T+1,7927.0,13426.15,4750.0,282.66,182.66,,,
6104,2026-09-19 08:27:00,DEL,HYD,2026-10-04,T+15,7999.0,11718.8,4600.0,254.76,154.76,,,
6105,2026-09-19 08:28:00,DEL,PNQ,2026-10-04,T+15,7860.0,12629.64,4900.0,257.75,157.75,,,
6106,2026-09-19 08:28:55,BOM,GOI,2026-09-26,T+7,4315.0,11049.78,3100.0,356.44,256.44,,,
6107,2026-09-19 08:29:48,BOM,MAA,2026-09-26,T+7,5742.0,8471.7,4200.0,201.71,101.71,,,
6108,2026-09-19 08:30:26,AMD,DEL,2026-10-04,T+15,5985.0,8069.0,3400.0,237.32,137.32,,,
6109,2026-09-19 08:31:16,BLR,HYD,2026-09-20,T+1,5358.0,14868.42,2950.0,504.01,404.01,,,
6110,2026-09-19 08:32:06,DEL,SXR,2026-09-20,T+1,6294.0,10913.48,4100.0,266.18,166.18,,,
6111,2026-09-19 08:32:52,DEL,GAU,2026-09-20,T+1,8189.0,15493.13,4750.0,326.17,226.17,,,
6112,2026-09-19 08:33:27,CCU,GAU,2026-09-26,T+7,6396.0,10089.66,2650.0,380.74,280.74,,,
6113,2026-09-19 08:34:04,DEL,IXZ,2026-10-04,T+15,14651.0,20060.03,6400.0,313.44,213.44,,,
6114,2026-09-19 08:34:35,DEL,IXL,2026-10-04,T+15,4685.0,11175.58,4750.0,235.28,135.28,,,
6115,2026-09-19 08:35:12,DEL,COK,2026-09-26,T+7,4973.0,11835.41,5450.0,217.16,117.16,,,
6116,2026-09-19 08:35:44,DEL,PAT,2026-09-26,T+7,6146.0,8053.04,3650.0,220.63,120.63,,,
6117,2026-09-19 08:36:17,DEL,LKO,2026-09-26,T+7,3528.0,5300.39,2950.0,179.67,79.67,,,
6118,2026-09-19 08:37:07,BOM,JAI,2026-10-04,T+15,7449.0,10041.73,3650.0,275.12,175.12,,,
6119,2026-09-19 08:37:44,BOM,AMD,2026-09-26,T+7,4376.0,6180.95,2450.0,252.28,152.28,,,
6120,2026-09-19 08:38:39,MAA,BLR,2026-09-20,T+1,4187.0,7043.03,2250.0,313.02,213.02,,,
6121,2026-09-19 08:39:33,DEL,BBI,2026-09-20,T+1,5429.0,11388.11,4150.0,274.41,174.41,,,
6122,2026-09-19 08:40:25,DEL,ATQ,2026-10-04,T+15,3670.0,8620.73,2650.0,325.31,225.31,,,
6123,2026-09-19 08:41:12,DEL,IDR,2026-10-04,T+15,6583.0,9662.71,3050.0,316.81,216.81,,,
6124,2026-09-19 08:41:48,BOM,COK,2026-09-26,T+7,6499.0,9135.96,4250.0,214.96,114.96,,,
6125,2026-09-19 08:42:41,DEL,BOM,2026-09-26,T+7,5313.0,8313.86,4850.0,171.42,71.42,,,
6126,2026-09-19 08:43:17,BLR,DEL,2026-09-20,T+1,9202.0,13529.12,5200.0,260.18,160.18,,,
6127,2026-09-19 08:44:06,BLR,BOM,2026-10-04,T+15,4164.0,10189.86,3950.0,257.97,157.97,,,
6128,2026-09-19 08:45:00,DEL,CCU,2026-09-26,T+7,7271.0,11161.85,4750.0,234.99,134.99,,,
6129,2026-09-19 08:45:53,DEL,HYD,2026-09-26,T+7,8510.0,11660.61,4600.0,253.49,153.49,,,
6130,2026-09-19 08:46:47,DEL,PNQ,2026-10-04,T+15,7860.0,12607.08,4900.0,257.29,157.29,,,
6131,2026-09-19 08:47:41,BOM,GOI,2026-10-04,T+15,3915.0,7356.35,3100.0,237.3,137.3,,,
6132,2026-09-19 08:48:34,BOM,MAA,2026-10-04,T+15,5742.0,10945.15,4200.0,260.6,160.6,,,
6133,2026-09-19 08:49:26,AMD,DEL,2026-09-26,T+7,5985.0,8911.32,3400.0,262.1,162.1,,,
6134,2026-09-19 08:50:15,BLR,HYD,2026-09-26,T+7,4284.0,9422.85,2950.0,319.42,219.42,,,
6135,2026-09-19 08:51:10,DEL,SXR,2026-10-04,T+15,6446.0,9497.49,4100.0,231.65,131.65,,,
6136,2026-09-19 08:51:51,DEL,GAU,2026-09-26,T+7,8189.0,11780.24,4750.0,248.01,148.01,,,
6137,2026-09-19 08:52:28,CCU,GAU,2026-09-26,T+7,6396.0,10101.53,2650.0,381.19,281.19,,,
6138,2026-09-19 08:53:09,DEL,IXZ,2026-10-04,T+15,4981.0,15597.49,6400.0,243.71,143.71,,,
6139,2026-09-19 08:54:01,DEL,IXL,2026-09-20,T+1,7539.0,14518.09,4750.0,305.64,205.64,,,
6140,2026-09-19 08:54:48,DEL,COK,2026-09-20,T+1,5642.0,16662.58,5450.0,305.74,205.74,,,
6141,2026-09-19 08:55:21,DEL,PAT,2026-09-20,T+1,5742.0,7274.62,3650.0,199.3,99.3,,,
6142,2026-09-19 08:55:54,DEL,LKO,2026-09-26,T+7,3528.0,5069.87,2950.0,171.86,71.86,,,
6143,2026-09-19 08:56:42,BOM,JAI,2026-09-20,T+1,6994.0,12161.91,3650.0,333.2,233.2,,,
6144,2026-09-19 08:57:17,BOM,AMD,2026-09-26,T+7,4376.0,6169.45,2450.0,251.81,151.81,,,
6145,2026-09-19 08:57:52,MAA,BLR,2026-10-04,T+15,3991.0,8589.64,2250.0,381.76,281.76,,,
6146,2026-09-19 08:58:39,DEL,BBI,2026-10-04,T+15,4973.0,10113.19,4150.0,243.69,143.69,,,
6147,2026-09-19 08:59:12,DEL,ATQ,2026-09-20,T+1,3275.0,6650.44,2650.0,250.96,150.96,,,
6148,2026-09-19 08:59:48,DEL,IDR,2026-09-20,T+1,5543.0,10029.95,3050.0,328.85,228.85,,,
6149,2026-09-19 09:00:41,BOM,COK,2026-09-26,T+7,6499.0,9881.15,4250.0,232.5,132.5,,,
6150,2026-09-19 09:01:38,DEL,BOM,2026-09-20,T+1,6314.0,12144.48,4850.0,250.4,150.4,,,
6151,2026-09-19 09:02:34,BLR,DEL,2026-09-26,T+7,8549.0,11463.08,5200.0,220.44,120.44,,,
6152,2026-09-19 09:03:24,BLR,BOM,2026-10-04,T+15,4164.0,9900.84,3950.0,250.65,150.65,,,
6153,2026-09-19 09:04:00,DEL,CCU,2026-09-20,T+1,7927.0,13498.24,4750.0,284.17,184.17,,,
6154,2026-09-19 09:04:35,DEL,HYD,2026-10-04,T+15,7999.0,11714.67,4600.0,254.67,154.67,,,
6155,2026-09-19 09:05:27,DEL,PNQ,2026-09-26,T+7,6929.0,10071.52,4900.0,205.54,105.54,,,
6156,2026-09-19 09:06:18,BOM,GOI,2026-09-20,T+1,4315.0,11122.56,3100.0,358.79,258.79,,,
6157,2026-09-19 09:07:09,BOM,MAA,2026-09-26,T+7,5742.0,9300.92,4200.0,221.45,121.45,,,
6158,2026-09-19 09:07:59,AMD,DEL,2026-10-04,T+15,5985.0,7569.08,3400.0,222.62,122.62,,,
6159,2026-09-19 09:08:49,BLR,HYD,2026-09-26,T+7,4284.0,9419.49,2950.0,319.3,219.3,,,
6160,2026-09-19 09:09:32,DEL,SXR,2026-09-26,T+7,6358.0,10627.75,4100.0,259.21,159.21,,,
6161,2026-09-19 09:10:23,DEL,GAU,2026-10-04,T+15,8189.0,11917.51,4750.0,250.89,150.89,,,
6162,2026-09-19 09:11:15,CCU,GAU,2026-09-26,T+7,6396.0,10101.53,2650.0,381.19,281.19,,,
6163,2026-09-19 09:12:08,DEL,IXZ,2026-09-20,T+1,5759.0,16250.59,6400.0,253.92,153.92,,,
6164,2026-09-19 09:13:01,DEL,IXL,2026-09-26,T+7,10207.0,13024.42,4750.0,274.2,174.2,,,
6165,2026-09-19 09:13:56,DEL,COK,2026-09-20,T+1,5642.0,10273.03,5450.0,188.5,88.5,,,
6166,2026-09-19 09:14:46,DEL,PAT,2026-09-20,T+1,6249.0,6368.45,3650.0,174.48,74.48,,,
6167,2026-09-19 09:15:37,DEL,LKO,2026-09-26,T+7,3781.0,4059.48,2950.0,137.61,37.61,,,
6168,2026-09-19 09:16:21,BOM,JAI,2026-09-26,T+7,6895.0,12126.22,3650.0,332.23,232.23,,,
6169,2026-09-19 09:17:09,BOM,AMD,2026-09-20,T+1,5109.0,10568.06,2450.0,431.35,331.35,,,
6170,2026-09-19 09:17:57,MAA,BLR,2026-09-20,T+1,4187.0,16065.21,2250.0,714.01,614.01,,,
6171,2026-09-19 09:18:54,DEL,BBI,2026-10-04,T+15,5429.0,13365.25,4150.0,322.05,222.05,,,
6172,2026-09-19 09:19:44,DEL,ATQ,2026-09-26,T+7,3663.0,8387.35,2650.0,316.5,216.5,,,
6173,2026-09-19 09:20:27,DEL,IDR,2026-09-26,T+7,6109.0,8487.2,3050.0,278.27,178.27,,,
6174,2026-09-19 09:21:18,BOM,COK,2026-10-04,T+15,5685.0,11143.08,4250.0,262.19,162.19,,,
6175,2026-09-19 09:22:15,DEL,BOM,2026-09-26,T+7,6425.0,8336.78,4850.0,171.89,71.89,,,
6176,2026-09-19 09:23:10,BLR,DEL,2026-09-26,T+7,8549.0,11403.96,5200.0,219.31,119.31,,,
6177,2026-09-19 09:24:01,BLR,BOM,2026-09-20,T+1,5987.0,12541.47,3950.0,317.51,217.51,,,
6178,2026-09-19 09:24:49,DEL,CCU,2026-10-04,T+15,5382.0,11328.03,4750.0,238.48,138.48,,,
6179,2026-09-19 09:25:27,DEL,HYD,2026-09-26,T+7,8090.0,10789.54,4600.0,234.56,134.56,,,
6180,2026-09-19 09:26:11,DEL,PNQ,2026-10-04,T+15,7860.0,12639.62,4900.0,257.95,157.95,,,
6181,2026-09-19 09:26:46,BOM,GOI,2026-09-26,T+7,4315.0,9535.15,3100.0,307.59,207.59,,,
6182,2026-09-19 09:27:38,BOM,MAA,2026-10-04,T+15,5742.0,10940.12,4200.0,260.48,160.48,,,
6183,2026-09-19 09:28:25,AMD,DEL,2026-09-20,T+1,5929.0,10127.87,3400.0,297.88,197.88,,,
6184,2026-09-19 09:29:01,BLR,HYD,2026-09-20,T+1,5358.0,12473.73,2950.0,422.84,322.84,,,
6185,2026-09-19 09:29:35,DEL,SXR,2026-09-26,T+7,6017.0,8350.53,4100.0,203.67,103.67,,,
6186,2026-09-19 09:30:24,DEL,GAU,2026-10-04,T+15,8189.0,12137.7,4750.0,255.53,155.53,,,
6187,2026-09-19 09:31:07,CCU,GAU,2026-10-04,T+15,5102.0,9483.18,2650.0,357.86,257.86,,,
6188,2026-09-19 09:31:48,DEL,IXZ,2026-09-26,T+7,21110.0,24995.78,6400.0,390.56,290.56,,,
6189,2026-09-19 09:32:25,DEL,IXL,2026-10-04,T+15,4915.0,12283.59,4750.0,258.6,158.6,,,
