base_year,series,year,month,state,sector,division,group,class,sub_class,item,code,index,inflation,imputation
2024,Current,2026,July,All India,Rural,Transport,Passenger transport services,Passenger transport by air,07.3.3,134.43,30.18,,,
2024,Current,2026,July,All India,Urban,Transport,Passenger transport services,Passenger transport by air,07.3.3,119.60,18.12,,,
2024,Current,2026,July,All India,Combined,Transport,Passenger transport services,Passenger transport by air,07.3.3,125.46,22.94,,,
2024,Current,2026,July,Andaman And Nicobar Islands,Rural,Transport,Passenger transport services,Passenger transport by air,07.3.3,97.37,41.06,,,
2024,Current,2026,July,Andaman And Nicobar Islands,Urban,Transport,Passenger transport services,Passenger transport by air,07.3.3,97.37,41.06,,,
2024,Current,2026,July,Andaman And Nicobar Islands,Combined,Transport,Passenger transport services,Passenger transport by air,07.3.3,97.37,41.06,,,
2024,Current,2026,July,Andhra Pradesh,Rural,Transport,Passenger transport services,Passenger transport by air,07.3.3,56.60,-35.57,,,
2024,Current,2026,July,Andhra Pradesh,Urban,Transport,Passenger transport services,Passenger transport by air,07.3.3,56.60,-35.57,,,
2024,Current,2026,July,Andhra Pradesh,Combined,Transport,Passenger transport services,Passenger transport by air,07.3.3,56.60,-35.57,,,
2024,Current,2026,July,Arunachal Pradesh,Rural,Transport,Passenger transport services,Passenger transport by air,07.3.3,130.27,-6.79,,,
2024,Current,2026,July,Arunachal Pradesh,Urban,Transport,Passenger transport services,Passenger transport by air,07.3.3,130.27,-6.79,,,
2024,Current,2026,July,Arunachal Pradesh,Combined,Transport,Passenger transport services,Passenger transport by air,07.3.3,130.27,-6.79,,,
2024,Current,2026,July,Assam,Rural,Transport,Passenger transport services,Passenger transport by air,07.3.3,122.66,-6.77,,,
2024,Current,2026,July,Assam,Urban,Transport,Passenger transport services,Passenger transport by air,07.3.3,122.66,-6.77,,,
2024,Current,2026,July,Assam,Combined,Transport,Passenger transport services,Passenger transport by air,07.3.3,122.66,-6.77,,,
2024,Current,2026,July,Bihar,Rural,Transport,Passenger transport services,Passenger transport by air,07.3.3,92.57,12.71,,,
2024,Current,2026,July,Bihar,Urban,Transport,Passenger transport services,Passenger transport by air,07.3.3,92.57,12.71,,,
2024,Current,2026,July,Bihar,Combined,Transport,Passenger transport services,Passenger transport by air,07.3.3,92.57,12.71,,,
2024,Current,2026,July,Chhattisgarh,Urban,Transport,Passenger transport services,Passenger transport by air,07.3.3,113.44,-4.90,,,
2024,Current,2026,July,Chhattisgarh,Combined,Transport,Passenger transport services,Passenger transport by air,07.3.3,113.44,-4.90,,,
2024,Current,2026,July,Goa,Rural,Transport,Passenger transport services,Passenger transport by air,07.3.3,147.57,34.14,,,
2024,Current,2026,July,Goa,Urban,Transport,Passenger transport services,Passenger transport by air,07.3.3,147.57,34.14,,,
2024,Current,2026,July,Goa,Combined,Transport,Passenger transport services,Passenger transport by air,07.3.3,147.57,34.14,,,
2024,Current,2026,July,Gujarat,Rural,Transport,Passenger transport services,Passenger transport by air,07.3.3,107.99,4.18,,,
2024,Current,2026,July,Gujarat,Urban,Transport,Passenger transport services,Passenger transport by air,07.3.3,107.99,4.18,,,
2024,Current,2026,July,Gujarat,Combined,Transport,Passenger transport services,Passenger transport by air,07.3.3,107.99,4.18,,,
2024,Current,2026,July,Haryana,Rural,Transport,Passenger transport services,Passenger transport by air,07.3.3,131.72,45.60,,,
2024,Current,2026,July,Haryana,Urban,Transport,Passenger transport services,Passenger transport by air,07.3.3,131.72,45.60,,,
2024,Current,2026,July,Haryana,Combined,Transport,Passenger transport services,Passenger transport by air,07.3.3,131.72,45.60,,,
2024,Current,2026,July,Himachal Pradesh,Rural,Transport,Passenger transport services,Passenger transport by air,07.3.3,154.11,72.95,,,
2024,Current,2026,July,Himachal Pradesh,Urban,Transport,Passenger transport services,Passenger transport by air,07.3.3,154.11,72.95,,,
2024,Current,2026,July,Himachal Pradesh,Combined,Transport,Passenger transport services,Passenger transport by air,07.3.3,154.11,72.95,,,
2024,Current,2026,July,Jammu And Kashmir,Urban,Transport,Passenger transport services,Passenger transport by air,07.3.3,110.79,-2.59,,,
2024,Current,2026,July,Jammu And Kashmir,Combined,Transport,Passenger transport services,Passenger transport by air,07.3.3,110.79,-2.59,,,
2024,Current,2026,July,Jharkhand,Urban,Transport,Passenger transport services,Passenger transport by air,07.3.3,81.84,-8.84,,,
2024,Current,2026,July,Jharkhand,Combined,Transport,Passenger transport services,Passenger transport by air,07.3.3,81.84,-8.84,,,
2024,Current,2026,July,Karnataka,Rural,Transport,Passenger transport services,Passenger transport by air,07.3.3,119.02,10.45,,,
2024,Current,2026,July,Karnataka,Urban,Transport,Passenger transport services,Passenger transport by air,07.3.3,119.02,10.45,,,
2024,Current,2026,July,Karnataka,Combined,Transport,Passenger transport services,Passenger transport by air,07.3.3,119.02,10.45,,,
2024,Current,2026,July,Kerala,Rural,Transport,Passenger transport services,Passenger transport by air,07.3.3,117.96,22.72,,,
2024,Current,2026,July,Kerala,Urban,Transport,Passenger transport services,Passenger transport by air,07.3.3,117.96,22.72,,,
2024,Current,2026,July,Kerala,Combined,Transport,Passenger transport services,Passenger transport by air,07.3.3,117.96,22.72,,,
2024,Current,2026,July,Ladakh,Urban,Transport,Passenger transport services,Passenger transport by air,07.3.3,181.90,30.91,,,
2024,Current,2026,July,Ladakh,Combined,Transport,Passenger transport services,Passenger transport by air,07.3.3,181.90,30.91,,,
2024,Current,2026,July,Lakshadweep,Rural,Transport,Passenger transport services,Passenger transport by air,07.3.3,139.61,14.33,,,
2024,Current,2026,July,Lakshadweep,Urban,Transport,Passenger transport services,Passenger transport by air,07.3.3,139.61,14.33,,,
2024,Current,2026,July,Lakshadweep,Combined,Transport,Passenger transport services,Passenger transport by air,07.3.3,139.61,14.33,,,
2024,Current,2026,July,Madhya Pradesh,Rural,Transport,Passenger transport services,Passenger transport by air,07.3.3,93.34,14.25,,,
2024,Current,2026,July,Madhya Pradesh,Urban,Transport,Passenger transport services,Passenger transport by air,07.3.3,93.34,14.25,,,
2024,Current,2026,July,Madhya Pradesh,Combined,Transport,Passenger transport services,Passenger transport by air,07.3.3,93.34,14.25,,,
2024,Current,2026,July,Maharashtra,Rural,Transport,Passenger transport services,Passenger transport by air,07.3.3,125.83,34.86,,,
2024,Current,2026,July,Maharashtra,Urban,Transport,Passenger transport services,Passenger transport by air,07.3.3,125.83,34.86,,,
2024,Current,2026,July,Maharashtra,Combined,Transport,Passenger transport services,Passenger transport by air,07.3.3,125.83,34.86,,,
2024,Current,2026,July,Manipur,Rural,Transport,Passenger transport services,Passenger transport by air,07.3.3,113.03,-14.59,,,
2024,Current,2026,July,Manipur,Urban,Transport,Passenger transport services,Passenger transport by air,07.3.3,113.03,-14.59,,,
2024,Current,2026,July,Manipur,Combined,Transport,Passenger transport services,Passenger transport by air,07.3.3,113.03,-14.59,,,
2024,Current,2026,July,Meghalaya,Urban,Transport,Passenger transport services,Passenger transport by air,07.3.3,154.06,14.89,,,
2024,Current,2026,July,Meghalaya,Combined,Transport,Passenger transport services,Passenger transport by air,07.3.3,154.06,14.89,,,
2024,Current,2026,July,Mizoram,Rural,Transport,Passenger transport services,Passenger transport by air,07.3.3,136.49,-41.97,,,
2024,Current,2026,July,Mizoram,Urban,Transport,Passenger transport services,Passenger transport by air,07.3.3,136.49,-41.97,,,
2024,Current,2026,July,Mizoram,Combined,Transport,Passenger transport services,Passenger transport by air,07.3.3,136.49,-41.97,,,
2024,Current,2026,July,Nagaland,Rural,Transport,Passenger transport services,Passenger transport by air,07.3.3,83.68,15.29,,,
2024,Current,2026,July,Nagaland,Urban,Transport,Passenger transport services,Passenger transport by air,07.3.3,83.68,15.29,,,
2024,Current,2026,July,Nagaland,Combined,Transport,Passenger transport services,Passenger transport by air,07.3.3,83.68,15.29,,,
2024,Current,2026,July,NCT of Delhi,Urban,Transport,Passenger transport services,Passenger transport by air,07.3.3,131.72,45.60,,,
2024,Current,2026,July,NCT of Delhi,Combined,Transport,Passenger transport services,Passenger transport by air,07.3.3,131.72,45.60,,,
2024,Current,2026,July,Odisha,Urban,Transport,Passenger transport services,Passenger transport by air,07.3.3,245.50,148.83,,,
2024,Current,2026,July,Odisha,Combined,Transport,Passenger transport services,Passenger transport by air,07.3.3,245.50,148.83,,,
2024,Current,2026,July,Punjab,Rural,Transport,Passenger transport services,Passenger transport by air,07.3.3,432.69,172.01,,,
2024,Current,2026,July,Punjab,Urban,Transport,Passenger transport services,Passenger transport by air,07.3.3,432.69,172.01,,,
2024,Current,2026,July,Punjab,Combined,Transport,Passenger transport services,Passenger transport by air,07.3.3,432.69,172.01,,,
2024,Current,2026,July,Rajasthan,Rural,Transport,Passenger transport services,Passenger transport by air,07.3.3,76.73,-36.78,,,
2024,Current,2026,July,Rajasthan,Urban,Transport,Passenger transport services,Passenger transport by air,07.3.3,76.73,-36.78,,,
2024,Current,2026,July,Rajasthan,Combined,Transport,Passenger transport services,Passenger transport by air,07.3.3,76.73,-36.78,,,
2024,Current,2026,July,Sikkim,Rural,Transport,Passenger transport services,Passenger transport by air,07.3.3,100.00,0.00,,,
2024,Current,2026,July,Sikkim,Urban,Transport,Passenger transport services,Passenger transport by air,07.3.3,100.00,0.00,,,
2024,Current,2026,July,Sikkim,Combined,Transport,Passenger transport services,Passenger transport by air,07.3.3,100.00,0.00,,,
2024,Current,2026,July,Tamil Nadu,Rural,Transport,Passenger transport services,Passenger transport by air,07.3.3,115.75,-1.05,,,
2024,Current,2026,July,Tamil Nadu,Urban,Transport,Passenger transport services,Passenger transport by air,07.3.3,115.75,-1.05,,,
2024,Current,2026,July,Tamil Nadu,Combined,Transport,Passenger transport services,Passenger transport by air,07.3.3,115.75,-1.05,,,
2024,Current,2026,July,Telangana,Rural,Transport,Passenger transport services,Passenger transport by air,07.3.3,120.36,16.94,,,
2024,Current,2026,July,Telangana,Urban,Transport,Passenger transport services,Passenger transport by air,07.3.3,120.36,16.94,,,
2024,Current,2026,July,Telangana,Combined,Transport,Passenger transport services,Passenger transport by air,07.3.3,120.36,16.94,,,
2024,Current,2026,July,Tripura,Rural,Transport,Passenger transport services,Passenger transport by air,07.3.3,98.22,13.08,,,
2024,Current,2026,July,Tripura,Urban,Transport,Passenger transport services,Passenger transport by air,07.3.3,98.22,13.08,,,
2024,Current,2026,July,Tripura,Combined,Transport,Passenger transport services,Passenger transport by air,07.3.3,98.22,13.08,,,
2024,Current,2026,July,Uttar Pradesh,Rural,Transport,Passenger transport services,Passenger transport by air,07.3.3,81.72,-14.92,,,
2024,Current,2026,July,Uttar Pradesh,Urban,Transport,Passenger transport services,Passenger transport by air,07.3.3,81.72,-14.92,,,
2024,Current,2026,July,Uttar Pradesh,Combined,Transport,Passenger transport services,Passenger transport by air,07.3.3,81.72,-14.92,,,
2024,Current,2026,July,Uttarakhand,Urban,Transport,Passenger transport services,Passenger transport by air,07.3.3,154.48,61.57,,,
2024,Current,2026,July,Uttarakhand,Combined,Transport,Passenger transport services,Passenger transport by air,07.3.3,154.48,61.57,,,
2024,Current,2026,July,West Bengal,Rural,Transport,Passenger transport services,Passenger transport by air,07.3.3,112.53,19.09,,,
2024,Current,2026,July,West Bengal,Urban,Transport,Passenger transport services,Passenger transport by air,07.3.3,112.53,19.09,,,
2024,Current,2026,July,West Bengal,Combined,Transport,Passenger transport services,Passenger transport by air,07.3.3,112.53,19.09,,,
2024,Current,2026,June,All India,Rural,Transport,Passenger transport services,Passenger transport by air,07.3.3,134.56,7.54,,,
2024,Current,2026,June,All India,Urban,Transport,Passenger transport services,Passenger transport by air,07.3.3,120.55,12.12,,,
2024,Current,2026,June,All India,Combined,Transport,Passenger transport services,Passenger transport by air,07.3.3,126.09,10.14,,,
2024,Current,2026,June,Andaman And Nicobar Islands,Rural,Transport,Passenger transport services,Passenger transport by air,07.3.3,131.12,-11.56,,,
2024,Current,2026,June,Andaman And Nicobar Islands,Urban,Transport,Passenger transport services,Passenger transport by air,07.3.3,131.12,-11.56,,,
2024,Current,2026,June,Andaman And Nicobar Islands,Combined,Transport,Passenger transport services,Passenger transport by air,07.3.3,131.12,-11.56,,,
2024,Current,2026,June,Andhra Pradesh,Rural,Transport,Passenger transport services,Passenger transport by air,07.3.3,55.47,-37.73,,,
2024,Current,2026,June,Andhra Pradesh,Urban,Transport,Passenger transport services,Passenger transport by air,07.3.3,55.47,-37.73,,,
2024,Current,2026,June,Andhra Pradesh,Combined,Transport,Passenger transport services,Passenger transport by air,07.3.3,55.47,-37.73,,,
2024,Current,2026,June,Arunachal Pradesh,Rural,Transport,Passenger transport services,Passenger transport by air,07.3.3,141.06,9.16,,,
2024,Current,2026,June,Arunachal Pradesh,Urban,Transport,Passenger transport services,Passenger transport by air,07.3.3,141.06,9.16,,,
2024,Current,2026,June,Arunachal Pradesh,Combined,Transport,Passenger transport services,Passenger transport by air,07.3.3,141.06,9.16,,,
2024,Current,2026,June,Assam,Rural,Transport,Passenger transport services,Passenger transport by air,07.3.3,128.88,-1.71,,,
2024,Current,2026,June,Assam,Urban,Transport,Passenger transport services,Passenger transport by air,07.3.3,128.88,-1.71,,,
2024,Current,2026,June,Assam,Combined,Transport,Passenger transport services,Passenger transport by air,07.3.3,128.88,-1.71,,,
2024,Current,2026,June,Bihar,Rural,Transport,Passenger transport services,Passenger transport by air,07.3.3,110.07,-1.49,,,
2024,Current,2026,June,Bihar,Urban,Transport,Passenger transport services,Passenger transport by air,07.3.3,110.07,-1.49,,,
2024,Current,2026,June,Bihar,Combined,Transport,Passenger transport services,Passenger transport by air,07.3.3,110.07,-1.49,,,
2024,Current,2026,June,Chhattisgarh,Urban,Transport,Passenger transport services,Passenger transport by air,07.3.3,193.07,23.59,,,
2024,Current,2026,June,Chhattisgarh,Combined,Transport,Passenger transport services,Passenger transport by air,07.3.3,193.07,23.59,,,
2024,Current,2026,June,Goa,Rural,Transport,Passenger transport services,Passenger transport by air,07.3.3,156.77,29.07,,,
2024,Current,2026,June,Goa,Urban,Transport,Passenger transport services,Passenger transport by air,07.3.3,156.77,29.07,,,
2024,Current,2026,June,Goa,Combined,Transport,Passenger transport services,Passenger transport by air,07.3.3,156.77,29.07,,,
2024,Current,2026,June,Gujarat,Rural,Transport,Passenger transport services,Passenger transport by air,07.3.3,117.82,12.88,,,
2024,Current,2026,June,Gujarat,Urban,Transport,Passenger transport services,Passenger transport by air,07.3.3,117.82,12.88,,,
2024,Current,2026,June,Gujarat,Combined,Transport,Passenger transport services,Passenger transport by air,07.3.3,117.82,12.88,,,
2024,Current,2026,June,Haryana,Rural,Transport,Passenger transport services,Passenger transport by air,07.3.3,110.35,-2.32,,,
2024,Current,2026,June,Haryana,Urban,Transport,Passenger transport services,Passenger transport by air,07.3.3,110.35,-2.32,,,
2024,Current,2026,June,Haryana,Combined,Transport,Passenger transport services,Passenger transport by air,07.3.3,110.35,-2.32,,,
2024,Current,2026,June,Himachal Pradesh,Rural,Transport,Passenger transport services,Passenger transport by air,07.3.3,185.06,68.92,,,
2024,Current,2026,June,Himachal Pradesh,Urban,Transport,Passenger transport services,Passenger transport by air,07.3.3,185.06,68.92,,,
2024,Current,2026,June,Himachal Pradesh,Combined,Transport,Passenger transport services,Passenger transport by air,07.3.3,185.06,68.92,,,
2024,Current,2026,June,Jammu And Kashmir,Urban,Transport,Passenger transport services,Passenger transport by air,07.3.3,131.55,70.72,,,
2024,Current,2026,June,Jammu And Kashmir,Combined,Transport,Passenger transport services,Passenger transport by air,07.3.3,131.55,70.72,,,
2024,Current,2026,June,Jharkhand,Urban,Transport,Passenger transport services,Passenger transport by air,07.3.3,101.14,-15.48,,,
2024,Current,2026,June,Jharkhand,Combined,Transport,Passenger transport services,Passenger transport by air,07.3.3,101.14,-15.48,,,
2024,Current,2026,June,Karnataka,Rural,Transport,Passenger transport services,Passenger transport by air,07.3.3,115.35,12.82,,,
2024,Current,2026,June,Karnataka,Urban,Transport,Passenger transport services,Passenger transport by air,07.3.3,115.35,12.82,,,
2024,Current,2026,June,Karnataka,Combined,Transport,Passenger transport services,Passenger transport by air,07.3.3,115.35,12.82,,,
2024,Current,2026,June,Kerala,Rural,Transport,Passenger transport services,Passenger transport by air,07.3.3,124.21,8.89,,,
2024,Current,2026,June,Kerala,Urban,Transport,Passenger transport services,Passenger transport by air,07.3.3,124.21,8.89,,,
2024,Current,2026,June,Kerala,Combined,Transport,Passenger transport services,Passenger transport by air,07.3.3,124.21,8.89,,,
2024,Current,2026,June,Ladakh,Urban,Transport,Passenger transport services,Passenger transport by air,07.3.3,237.55,79.74,,,
2024,Current,2026,June,Ladakh,Combined,Transport,Passenger transport services,Passenger transport by air,07.3.3,237.55,79.74,,,
2024,Current,2026,June,Lakshadweep,Rural,Transport,Passenger transport services,Passenger transport by air,07.3.3,138.49,13.76,,,
2024,Current,2026,June,Lakshadweep,Urban,Transport,Passenger transport services,Passenger transport by air,07.3.3,138.49,13.76,,,
2024,Current,2026,June,Lakshadweep,Combined,Transport,Passenger transport services,Passenger transport by air,07.3.3,138.49,13.76,,,
2024,Current,2026,June,Madhya Pradesh,Rural,Transport,Passenger transport services,Passenger transport by air,07.3.3,93.36,29.50,,,
2024,Current,2026,June,Madhya Pradesh,Urban,Transport,Passenger transport services,Passenger transport by air,07.3.3,93.36,29.50,,,
2024,Current,2026,June,Madhya Pradesh,Combined,Transport,Passenger transport services,Passenger transport by air,07.3.3,93.36,29.50,,,
2024,Current,2026,June,Maharashtra,Rural,Transport,Passenger transport services,Passenger transport by air,07.3.3,114.18,-3.13,,,
2024,Current,2026,June,Maharashtra,Urban,Transport,Passenger transport services,Passenger transport by air,07.3.3,114.18,-3.13,,,
2024,Current,2026,June,Maharashtra,Combined,Transport,Passenger transport services,Passenger transport by air,07.3.3,114.18,-3.13,,,
2024,Current,2026,June,Manipur,Rural,Transport,Passenger transport services,Passenger transport by air,07.3.3,114.56,21.72,,,
2024,Current,2026,June,Manipur,Urban,Transport,Passenger transport services,Passenger transport by air,07.3.3,114.56,21.72,,,
2024,Current,2026,June,Manipur,Combined,Transport,Passenger transport services,Passenger transport by air,07.3.3,114.56,21.72,,,
2024,Current,2026,June,Meghalaya,Urban,Transport,Passenger transport services,Passenger transport by air,07.3.3,202.84,36.87,,,
2024,Current,2026,June,Meghalaya,Combined,Transport,Passenger transport services,Passenger transport by air,07.3.3,202.84,36.87,,,
2024,Current,2026,June,Mizoram,Rural,Transport,Passenger transport services,Passenger transport by air,07.3.3,136.49,-12.15,,,
2024,Current,2026,June,Mizoram,Urban,Transport,Passenger transport services,Passenger transport by air,07.3.3,136.49,-12.15,,,
2024,Current,2026,June,Mizoram,Combined,Transport,Passenger transport services,Passenger transport by air,07.3.3,136.49,-12.15,,,
2024,Current,2026,June,Nagaland,Rural,Transport,Passenger transport services,Passenger transport by air,07.3.3,92.61,29.59,,,
2024,Current,2026,June,Nagaland,Urban,Transport,Passenger transport services,Passenger transport by air,07.3.3,92.61,29.59,,,
2024,Current,2026,June,Nagaland,Combined,Transport,Passenger transport services,Passenger transport by air,07.3.3,92.61,29.59,,,
2024,Current,2026,June,NCT of Delhi,Urban,Transport,Passenger transport services,Passenger transport by air,07.3.3,110.35,-2.32,,,
2024,Current,2026,June,NCT of Delhi,Combined,Transport,Passenger transport services,Passenger transport by air,07.3.3,110.35,-2.32,,,
2024,Current,2026,June,Odisha,Urban,Transport,Passenger transport services,Passenger transport by air,07.3.3,210.48,111.42,,,
2024,Current,2026,June,Odisha,Combined,Transport,Passenger transport services,Passenger transport by air,07.3.3,210.48,111.42,,,
2024,Current,2026,June,Punjab,Rural,Transport,Passenger transport services,Passenger transport by air,07.3.3,343.96,26.25,,,
2024,Current,2026,June,Punjab,Urban,Transport,Passenger transport services,Passenger transport by air,07.3.3,343.96,26.25,,,
2024,Current,2026,June,Punjab,Combined,Transport,Passenger transport services,Passenger transport by air,07.3.3,343.96,26.25,,,
2024,Current,2026,June,Rajasthan,Rural,Transport,Passenger transport services,Passenger transport by air,07.3.3,74.40,-36.20,,,
2024,Current,2026,June,Rajasthan,Urban,Transport,Passenger transport services,Passenger transport by air,07.3.3,74.40,-36.20,,,
2024,Current,2026,June,Rajasthan,Combined,Transport,Passenger transport services,Passenger transport by air,07.3.3,74.40,-36.20,,,
2024,Current,2026,June,Sikkim,Rural,Transport,Passenger transport services,Passenger transport by air,07.3.3,100.00,0.00,,,
2024,Current,2026,June,Sikkim,Urban,Transport,Passenger transport services,Passenger transport by air,07.3.3,100.00,0.00,,,
2024,Current,2026,June,Sikkim,Combined,Transport,Passenger transport services,Passenger transport by air,07.3.3,100.00,0.00,,,
2024,Current,2026,June,Tamil Nadu,Rural,Transport,Passenger transport services,Passenger transport by air,07.3.3,132.65,25.67,,,
2024,Current,2026,June,Tamil Nadu,Urban,Transport,Passenger transport services,Passenger transport by air,07.3.3,132.65,25.67,,,
2024,Current,2026,June,Tamil Nadu,Combined,Transport,Passenger transport services,Passenger transport by air,07.3.3,132.65,25.67,,,
2024,Current,2026,June,Telangana,Rural,Transport,Passenger transport services,Passenger transport by air,07.3.3,120.11,7.21,,,
2024,Current,2026,June,Telangana,Urban,Transport,Passenger transport services,Passenger transport by air,07.3.3,120.11,7.21,,,
2024,Current,2026,June,Telangana,Combined,Transport,Passenger transport services,Passenger transport by air,07.3.3,120.11,7.21,,,
2024,Current,2026,June,Tripura,Rural,Transport,Passenger transport services,Passenger transport by air,07.3.3,111.89,32.73,,,
2024,Current,2026,June,Tripura,Urban,Transport,Passenger transport services,Passenger transport by air,07.3.3,111.89,32.73,,,
2024,Current,2026,June,Tripura,Combined,Transport,Passenger transport services,Passenger transport by air,07.3.3,111.89,32.73,,,
2024,Current,2026,June,Uttar Pradesh,Rural,Transport,Passenger transport services,Passenger transport by air,07.3.3,97.83,-19.01,,,
2024,Current,2026,June,Uttar Pradesh,Urban,Transport,Passenger transport services,Passenger transport by air,07.3.3,97.83,-19.01,,,
2024,Current,2026,June,Uttar Pradesh,Combined,Transport,Passenger transport services,Passenger transport by air,07.3.3,97.83,-19.01,,,
2024,Current,2026,June,Uttarakhand,Urban,Transport,Passenger transport services,Passenger transport by air,07.3.3,143.15,22.16,,,
2024,Current,2026,June,Uttarakhand,Combined,Transport,Passenger transport services,Passenger transport by air,07.3.3,143.15,22.16,,,
2024,Current,2026,June,West Bengal,Rural,Transport,Passenger transport services,Passenger transport by air,07.3.3,119.86,21.46,,,
2024,Current,2026,June,West Bengal,Urban,Transport,Passenger transport services,Passenger transport by air,07.3.3,119.86,21.46,,,
2024,Current,2026,June,West Bengal,Combined,Transport,Passenger transport services,Passenger transport by air,07.3.3,119.86,21.46,,,
2024,Current,2026,May,All India,Rural,Transport,Passenger transport services,Passenger transport by air,07.3.3,135.29,18.04,,,
2024,Current,2026,May,All India,Urban,Transport,Passenger transport services,Passenger transport by air,07.3.3,122.61,13.01,,,
2024,Current,2026,May,All India,Combined,Transport,Passenger transport services,Passenger transport by air,07.3.3,127.62,15.06,,,
2024,Current,2026,May,Andaman And Nicobar Islands,Rural,Transport,Passenger transport services,Passenger transport by air,07.3.3,143.75,-36.37,,,
2024,Current,2026,May,Andaman And Nicobar Islands,Urban,Transport,Passenger transport services,Passenger transport by air,07.3.3,143.75,-36.37,,,
2024,Current,2026,May,Andaman And Nicobar Islands,Combined,Transport,Passenger transport services,Passenger transport by air,07.3.3,143.75,-36.37,,,
2024,Current,2026,May,Andhra Pradesh,Rural,Transport,Passenger transport services,Passenger transport by air,07.3.3,56.89,-36.65,,,
2024,Current,2026,May,Andhra Pradesh,Urban,Transport,Passenger transport services,Passenger transport by air,07.3.3,56.89,-36.65,,,
2024,Current,2026,May,Andhra Pradesh,Combined,Transport,Passenger transport services,Passenger transport by air,07.3.3,56.89,-36.65,,,
2024,Current,2026,May,Arunachal Pradesh,Rural,Transport,Passenger transport services,Passenger transport by air,07.3.3,135.20,11.21,,,
2024,Current,2026,May,Arunachal Pradesh,Urban,Transport,Passenger transport services,Passenger transport by air,07.3.3,135.20,11.21,,,
2024,Current,2026,May,Arunachal Pradesh,Combined,Transport,Passenger transport services,Passenger transport by air,07.3.3,135.20,11.21,,,
2024,Current,2026,May,Assam,Rural,Transport,Passenger transport services,Passenger transport by air,07.3.3,136.63,-7.98,,,
2024,Current,2026,May,Assam,Urban,Transport,Passenger transport services,Passenger transport by air,07.3.3,136.63,-7.98,,,
2024,Current,2026,May,Assam,Combined,Transport,Passenger transport services,Passenger transport by air,07.3.3,136.63,-7.98,,,
2024,Current,2026,May,Bihar,Rural,Transport,Passenger transport services,Passenger transport by air,07.3.3,112.20,27.14,,,
2024,Current,2026,May,Bihar,Urban,Transport,Passenger transport services,Passenger transport by air,07.3.3,112.20,27.14,,,
2024,Current,2026,May,Bihar,Combined,Transport,Passenger transport services,Passenger transport by air,07.3.3,112.20,27.14,,,
2024,Current,2026,May,Chhattisgarh,Urban,Transport,Passenger transport services,Passenger transport by air,07.3.3,163.32,14.86,,,
2024,Current,2026,May,Chhattisgarh,Combined,Transport,Passenger transport services,Passenger transport by air,07.3.3,163.32,14.86,,,
2024,Current,2026,May,Goa,Rural,Transport,Passenger transport services,Passenger transport by air,07.3.3,141.00,20.99,,,
2024,Current,2026,May,Goa,Urban,Transport,Passenger transport services,Passenger transport by air,07.3.3,141.00,20.99,,,
2024,Current,2026,May,Goa,Combined,Transport,Passenger transport services,Passenger transport by air,07.3.3,141.00,20.99,,,
2024,Current,2026,May,Gujarat,Rural,Transport,Passenger transport services,Passenger transport by air,07.3.3,110.56,6.70,,,
2024,Current,2026,May,Gujarat,Urban,Transport,Passenger transport services,Passenger transport by air,07.3.3,110.56,6.70,,,
2024,Current,2026,May,Gujarat,Combined,Transport,Passenger transport services,Passenger transport by air,07.3.3,110.56,6.70,,,
2024,Current,2026,May,Haryana,Rural,Transport,Passenger transport services,Passenger transport by air,07.3.3,108.83,6.36,,,
2024,Current,2026,May,Haryana,Urban,Transport,Passenger transport services,Passenger transport by air,07.3.3,108.83,6.36,,,
2024,Current,2026,May,Haryana,Combined,Transport,Passenger transport services,Passenger transport by air,07.3.3,108.83,6.36,,,
2024,Current,2026,May,Himachal Pradesh,Rural,Transport,Passenger transport services,Passenger transport by air,07.3.3,144.33,40.20,,,
2024,Current,2026,May,Himachal Pradesh,Urban,Transport,Passenger transport services,Passenger transport by air,07.3.3,144.33,40.20,,,
2024,Current,2026,May,Himachal Pradesh,Combined,Transport,Passenger transport services,Passenger transport by air,07.3.3,144.33,40.20,,,
2024,Current,2026,May,Jammu And Kashmir,Urban,Transport,Passenger transport services,Passenger transport by air,07.3.3,136.80,72.23,,,
2024,Current,2026,May,Jammu And Kashmir,Combined,Transport,Passenger transport services,Passenger transport by air,07.3.3,136.80,72.23,,,
2024,Current,2026,May,Jharkhand,Urban,Transport,Passenger transport services,Passenger transport by air,07.3.3,96.81,14.10,,,
2024,Current,2026,May,Jharkhand,Combined,Transport,Passenger transport services,Passenger transport by air,07.3.3,96.81,14.10,,,
2024,Current,2026,May,Karnataka,Rural,Transport,Passenger transport services,Passenger transport by air,07.3.3,117.94,-9.40,,,
2024,Current,2026,May,Karnataka,Urban,Transport,Passenger transport services,Passenger transport by air,07.3.3,117.94,-9.40,,,
2024,Current,2026,May,Karnataka,Combined,Transport,Passenger transport services,Passenger transport by air,07.3.3,117.94,-9.40,,,
2024,Current,2026,May,Kerala,Rural,Transport,Passenger transport services,Passenger transport by air,07.3.3,122.62,7.01,,,
2024,Current,2026,May,Kerala,Urban,Transport,Passenger transport services,Passenger transport by air,07.3.3,122.62,7.01,,,
2024,Current,2026,May,Kerala,Combined,Transport,Passenger transport services,Passenger transport by air,07.3.3,122.62,7.01,,,
2024,Current,2026,May,Ladakh,Urban,Transport,Passenger transport services,Passenger transport by air,07.3.3,97.21,12.43,,,
2024,Current,2026,May,Ladakh,Combined,Transport,Passenger transport services,Passenger transport by air,07.3.3,97.21,12.43,,,
2024,Current,2026,May,Lakshadweep,Rural,Transport,Passenger transport services,Passenger transport by air,07.3.3,123.76,-5.14,,,
2024,Current,2026,May,Lakshadweep,Urban,Transport,Passenger transport services,Passenger transport by air,07.3.3,123.76,-5.14,,,
2024,Current,2026,May,Lakshadweep,Combined,Transport,Passenger transport services,Passenger transport by air,07.3.3,123.76,-5.14,,,
2024,Current,2026,May,Madhya Pradesh,Rural,Transport,Passenger transport services,Passenger transport by air,07.3.3,91.66,18.26,,,
2024,Current,2026,May,Madhya Pradesh,Urban,Transport,Passenger transport services,Passenger transport by air,07.3.3,91.66,18.26,,,
2024,Current,2026,May,Madhya Pradesh,Combined,Transport,Passenger transport services,Passenger transport by air,07.3.3,91.66,18.26,,,
2024,Current,2026,May,Maharashtra,Rural,Transport,Passenger transport services,Passenger transport by air,07.3.3,130.26,6.38,,,
2024,Current,2026,May,Maharashtra,Urban,Transport,Passenger transport services,Passenger transport by air,07.3.3,130.26,6.38,,,
2024,Current,2026,May,Maharashtra,Combined,Transport,Passenger transport services,Passenger transport by air,07.3.3,130.26,6.38,,,
2024,Current,2026,May,Manipur,Rural,Transport,Passenger transport services,Passenger transport by air,07.3.3,95.88,-20.01,,,
2024,Current,2026,May,Manipur,Urban,Transport,Passenger transport services,Passenger transport by air,07.3.3,95.88,-20.01,,,
2024,Current,2026,May,Manipur,Combined,Transport,Passenger transport services,Passenger transport by air,07.3.3,95.88,-20.01,,,
2024,Current,2026,May,Meghalaya,Urban,Transport,Passenger transport services,Passenger transport by air,07.3.3,200.64,14.45,,,
2024,Current,2026,May,Meghalaya,Combined,Transport,Passenger transport services,Passenger transport by air,07.3.3,200.64,14.45,,,
2024,Current,2026,May,Mizoram,Rural,Transport,Passenger transport services,Passenger transport by air,07.3.3,103.35,-12.78,,,
2024,Current,2026,May,Mizoram,Urban,Transport,Passenger transport services,Passenger transport by air,07.3.3,103.35,-12.78,,,
2024,Current,2026,May,Mizoram,Combined,Transport,Passenger transport services,Passenger transport by air,07.3.3,103.35,-12.78,,,
2024,Current,2026,May,Nagaland,Rural,Transport,Passenger transport services,Passenger transport by air,07.3.3,107.31,37.43,,,
2024,Current,2026,May,Nagaland,Urban,Transport,Passenger transport services,Passenger transport by air,07.3.3,107.31,37.43,,,
2024,Current,2026,May,Nagaland,Combined,Transport,Passenger transport services,Passenger transport by air,07.3.3,107.31,37.43,,,
2024,Current,2026,May,NCT of Delhi,Urban,Transport,Passenger transport services,Passenger transport by air,07.3.3,108.83,6.36,,,
2024,Current,2026,May,NCT of Delhi,Combined,Transport,Passenger transport services,Passenger transport by air,07.3.3,108.83,6.36,,,
2024,Current,2026,May,Odisha,Urban,Transport,Passenger transport services,Passenger transport by air,07.3.3,235.15,135.01,,,
2024,Current,2026,May,Odisha,Combined,Transport,Passenger transport services,Passenger transport by air,07.3.3,235.15,135.01,,,
2024,Current,2026,May,Punjab,Rural,Transport,Passenger transport services,Passenger transport by air,07.3.3,361.81,123.83,,,
2024,Current,2026,May,Punjab,Urban,Transport,Passenger transport services,Passenger transport by air,07.3.3,361.81,123.83,,,
2024,Current,2026,May,Punjab,Combined,Transport,Passenger transport services,Passenger transport by air,07.3.3,361.81,123.83,,,
2024,Current,2026,May,Rajasthan,Rural,Transport,Passenger transport services,Passenger transport by air,07.3.3,73.81,-35.64,,,
2024,Current,2026,May,Rajasthan,Urban,Transport,Passenger transport services,Passenger transport by air,07.3.3,73.81,-35.64,,,
2024,Current,2026,May,Rajasthan,Combined,Transport,Passenger transport services,Passenger transport by air,07.3.3,73.81,-35.64,,,
2024,Current,2026,May,Sikkim,Rural,Transport,Passenger transport services,Passenger transport by air,07.3.3,100.00,0.00,,,
2024,Current,2026,May,Sikkim,Urban,Transport,Passenger transport services,Passenger transport by air,07.3.3,100.00,0.00,,,
2024,Current,2026,May,Sikkim,Combined,Transport,Passenger transport services,Passenger transport by air,07.3.3,100.00,0.00,,,
2024,Current,2026,May,Tamil Nadu,Rural,Transport,Passenger transport services,Passenger transport by air,07.3.3,137.36,31.57,,,
2024,Current,2026,May,Tamil Nadu,Urban,Transport,Passenger transport services,Passenger transport by air,07.3.3,137.36,31.57,,,
2024,Current,2026,May,Tamil Nadu,Combined,Transport,Passenger transport services,Passenger transport by air,07.3.3,137.36,31.57,,,
2024,Current,2026,May,Telangana,Rural,Transport,Passenger transport services,Passenger transport by air,07.3.3,116.15,4.78,,,
2024,Current,2026,May,Telangana,Urban,Transport,Passenger transport services,Passenger transport by air,07.3.3,116.15,4.78,,,
2024,Current,2026,May,Telangana,Combined,Transport,Passenger transport services,Passenger transport by air,07.3.3,116.15,4.78,,,
2024,Current,2026,May,Tripura,Rural,Transport,Passenger transport services,Passenger transport by air,07.3.3,119.49,42.81,,,
2024,Current,2026,May,Tripura,Urban,Transport,Passenger transport services,Passenger transport by air,07.3.3,119.49,42.81,,,
2024,Current,2026,May,Tripura,Combined,Transport,Passenger transport services,Passenger transport by air,07.3.3,119.49,42.81,,,
2024,Current,2026,May,Uttar Pradesh,Rural,Transport,Passenger transport services,Passenger transport by air,07.3.3,100.69,-1.32,,,
2024,Current,2026,May,Uttar Pradesh,Urban,Transport,Passenger transport services,Passenger transport by air,07.3.3,100.69,-1.32,,,
2024,Current,2026,May,Uttar Pradesh,Combined,Transport,Passenger transport services,Passenger transport by air,07.3.3,100.69,-1.32,,,
2024,Current,2026,May,Uttarakhand,Urban,Transport,Passenger transport services,Passenger transport by air,07.3.3,151.75,50.61,,,
2024,Current,2026,May,Uttarakhand,Combined,Transport,Passenger transport services,Passenger transport by air,07.3.3,151.75,50.61,,,
2024,Current,2026,May,West Bengal,Rural,Transport,Passenger transport services,Passenger transport by air,07.3.3,135.99,35.97,,,
2024,Current,2026,May,West Bengal,Urban,Transport,Passenger transport services,Passenger transport by air,07.3.3,135.99,35.97,,,
2024,Current,2026,May,West Bengal,Combined,Transport,Passenger transport services,Passenger transport by air,07.3.3,135.99,35.97,,,
2024,Current,2026,April,All India,Rural,Transport,Passenger transport services,Passenger transport by air,07.3.3,132.86,13.29,,,
2024,Current,2026,April,All India,Urban,Transport,Passenger transport services,Passenger transport by air,07.3.3,117.01,9.55,,,
2024,Current,2026,April,All India,Combined,Transport,Passenger transport services,Passenger transport by air,07.3.3,123.27,11.11,,,
2024,Current,2026,April,Andaman And Nicobar Islands,Rural,Transport,Passenger transport services,Passenger transport by air,07.3.3,128.76,-22.98,,,
2024,Current,2026,April,Andaman And Nicobar Islands,Urban,Transport,Passenger transport services,Passenger transport by air,07.3.3,128.76,-22.98,,,
2024,Current,2026,April,Andaman And Nicobar Islands,Combined,Transport,Passenger transport services,Passenger transport by air,07.3.3,128.76,-22.98,,,
2024,Current,2026,April,Andhra Pradesh,Rural,Transport,Passenger transport services,Passenger transport by air,07.3.3,64.29,-26.77,,,
2024,Current,2026,April,Andhra Pradesh,Urban,Transport,Passenger transport services,Passenger transport by air,07.3.3,64.29,-26.77,,,
2024,Current,2026,April,Andhra Pradesh,Combined,Transport,Passenger transport services,Passenger transport by air,07.3.3,64.29,-26.77,,,
2024,Current,2026,April,Arunachal Pradesh,Rural,Transport,Passenger transport services,Passenger transport by air,07.3.3,134.19,-10.58,,,
2024,Current,2026,April,Arunachal Pradesh,Urban,Transport,Passenger transport services,Passenger transport by air,07.3.3,134.19,-10.58,,,
2024,Current,2026,April,Arunachal Pradesh,Combined,Transport,Passenger transport services,Passenger transport by air,07.3.3,134.19,-10.58,,,
2024,Current,2026,April,Assam,Rural,Transport,Passenger transport services,Passenger transport by air,07.3.3,134.62,2.60,,,
2024,Current,2026,April,Assam,Urban,Transport,Passenger transport services,Passenger transport by air,07.3.3,134.62,2.60,,,
2024,Current,2026,April,Assam,Combined,Transport,Passenger transport services,Passenger transport by air,07.3.3,134.62,2.60,,,
2024,Current,2026,April,Bihar,Rural,Transport,Passenger transport services,Passenger transport by air,07.3.3,103.85,-5.72,,,
2024,Current,2026,April,Bihar,Urban,Transport,Passenger transport services,Passenger transport by air,07.3.3,103.85,-5.72,,,
2024,Current,2026,April,Bihar,Combined,Transport,Passenger transport services,Passenger transport by air,07.3.3,103.85,-5.72,,,
2024,Current,2026,April,Chhattisgarh,Urban,Transport,Passenger transport services,Passenger transport by air,07.3.3,154.82,13.35,,,
2024,Current,2026,April,Chhattisgarh,Combined,Transport,Passenger transport services,Passenger transport by air,07.3.3,154.82,13.35,,,
2024,Current,2026,April,Goa,Rural,Transport,Passenger transport services,Passenger transport by air,07.3.3,157.30,-4.52,,,
2024,Current,2026,April,Goa,Urban,Transport,Passenger transport services,Passenger transport by air,07.3.3,157.30,-4.52,,,
2024,Current,2026,April,Goa,Combined,Transport,Passenger transport services,Passenger transport by air,07.3.3,157.30,-4.52,,,
2024,Current,2026,April,Gujarat,Rural,Transport,Passenger transport services,Passenger transport by air,07.3.3,111.35,6.95,,,
2024,Current,2026,April,Gujarat,Urban,Transport,Passenger transport services,Passenger transport by air,07.3.3,111.35,6.95,,,
2024,Current,2026,April,Gujarat,Combined,Transport,Passenger transport services,Passenger transport by air,07.3.3,111.35,6.95,,,
2024,Current,2026,April,Haryana,Rural,Transport,Passenger transport services,Passenger transport by air,07.3.3,109.35,9.98,,,
2024,Current,2026,April,Haryana,Urban,Transport,Passenger transport services,Passenger transport by air,07.3.3,109.35,9.98,,,
2024,Current,2026,April,Haryana,Combined,Transport,Passenger transport services,Passenger transport by air,07.3.3,109.35,9.98,,,
2024,Current,2026,April,Himachal Pradesh,Rural,Transport,Passenger transport services,Passenger transport by air,07.3.3,132.79,41.44,,,
2024,Current,2026,April,Himachal Pradesh,Urban,Transport,Passenger transport services,Passenger transport by air,07.3.3,132.79,41.44,,,
2024,Current,2026,April,Himachal Pradesh,Combined,Transport,Passenger transport services,Passenger transport by air,07.3.3,132.79,41.44,,,
2024,Current,2026,April,Jammu And Kashmir,Urban,Transport,Passenger transport services,Passenger transport by air,07.3.3,113.91,33.55,,,
2024,Current,2026,April,Jammu And Kashmir,Combined,Transport,Passenger transport services,Passenger transport by air,07.3.3,113.91,33.55,,,
2024,Current,2026,April,Jharkhand,Urban,Transport,Passenger transport services,Passenger transport by air,07.3.3,93.23,-3.45,,,
2024,Current,2026,April,Jharkhand,Combined,Transport,Passenger transport services,Passenger transport by air,07.3.3,93.23,-3.45,,,
2024,Current,2026,April,Karnataka,Rural,Transport,Passenger transport services,Passenger transport by air,07.3.3,113.93,-0.02,,,
2024,Current,2026,April,Karnataka,Urban,Transport,Passenger transport services,Passenger transport by air,07.3.3,113.93,-0.02,,,
2024,Current,2026,April,Karnataka,Combined,Transport,Passenger transport services,Passenger transport by air,07.3.3,113.93,-0.02,,,
2024,Current,2026,April,Kerala,Rural,Transport,Passenger transport services,Passenger transport by air,07.3.3,124.36,4.90,,,
2024,Current,2026,April,Kerala,Urban,Transport,Passenger transport services,Passenger transport by air,07.3.3,124.36,4.90,,,
2024,Current,2026,April,Kerala,Combined,Transport,Passenger transport services,Passenger transport by air,07.3.3,124.36,4.90,,,
2024,Current,2026,April,Ladakh,Urban,Transport,Passenger transport services,Passenger transport by air,07.3.3,75.46,-18.73,,,
2024,Current,2026,April,Ladakh,Combined,Transport,Passenger transport services,Passenger transport by air,07.3.3,75.46,-18.73,,,
2024,Current,2026,April,Lakshadweep,Rural,Transport,Passenger transport services,Passenger transport by air,07.3.3,122.94,-9.82,,,
2024,Current,2026,April,Lakshadweep,Urban,Transport,Passenger transport services,Passenger transport by air,07.3.3,122.94,-9.82,,,
2024,Current,2026,April,Lakshadweep,Combined,Transport,Passenger transport services,Passenger transport by air,07.3.3,122.94,-9.82,,,
2024,Current,2026,April,Madhya Pradesh,Rural,Transport,Passenger transport services,Passenger transport by air,07.3.3,89.69,14.01,,,
2024,Current,2026,April,Madhya Pradesh,Urban,Transport,Passenger transport services,Passenger transport by air,07.3.3,89.69,14.01,,,
2024,Current,2026,April,Madhya Pradesh,Combined,Transport,Passenger transport services,Passenger transport by air,07.3.3,89.69,14.01,,,
2024,Current,2026,April,Maharashtra,Rural,Transport,Passenger transport services,Passenger transport by air,07.3.3,121.66,16.30,,,
2024,Current,2026,April,Maharashtra,Urban,Transport,Passenger transport services,Passenger transport by air,07.3.3,121.66,16.30,,,
2024,Current,2026,April,Maharashtra,Combined,Transport,Passenger transport services,Passenger transport by air,07.3.3,121.66,16.30,,,
2024,Current,2026,April,Manipur,Rural,Transport,Passenger transport services,Passenger transport by air,07.3.3,105.70,-12.03,,,
2024,Current,2026,April,Manipur,Urban,Transport,Passenger transport services,Passenger transport by air,07.3.3,105.70,-12.03,,,
2024,Current,2026,April,Manipur,Combined,Transport,Passenger transport services,Passenger transport by air,07.3.3,105.70,-12.03,,,
2024,Current,2026,April,Meghalaya,Urban,Transport,Passenger transport services,Passenger transport by air,07.3.3,152.62,13.02,,,
2024,Current,2026,April,Meghalaya,Combined,Transport,Passenger transport services,Passenger transport by air,07.3.3,152.62,13.02,,,
2024,Current,2026,April,Mizoram,Rural,Transport,Passenger transport services,Passenger transport by air,07.3.3,98.83,17.05,,,
2024,Current,2026,April,Mizoram,Urban,Transport,Passenger transport services,Passenger transport by air,07.3.3,98.83,17.05,,,
2024,Current,2026,April,Mizoram,Combined,Transport,Passenger transport services,Passenger transport by air,07.3.3,98.83,17.05,,,
2024,Current,2026,April,Nagaland,Rural,Transport,Passenger transport services,Passenger transport by air,07.3.3,107.09,31.93,,,
2024,Current,2026,April,Nagaland,Urban,Transport,Passenger transport services,Passenger transport by air,07.3.3,107.09,31.93,,,
2024,Current,2026,April,Nagaland,Combined,Transport,Passenger transport services,Passenger transport by air,07.3.3,107.09,31.93,,,
2024,Current,2026,April,NCT of Delhi,Urban,Transport,Passenger transport services,Passenger transport by air,07.3.3,109.35,9.98,,,
2024,Current,2026,April,NCT of Delhi,Combined,Transport,Passenger transport services,Passenger transport by air,07.3.3,109.35,9.98,,,
2024,Current,2026,April,Odisha,Urban,Transport,Passenger transport services,Passenger transport by air,07.3.3,179.43,67.74,,,
2024,Current,2026,April,Odisha,Combined,Transport,Passenger transport services,Passenger transport by air,07.3.3,179.43,67.74,,,
2024,Current,2026,April,Punjab,Rural,Transport,Passenger transport services,Passenger transport by air,07.3.3,332.84,142.79,,,
2024,Current,2026,April,Punjab,Urban,Transport,Passenger transport services,Passenger transport by air,07.3.3,332.84,142.79,,,
2024,Current,2026,April,Punjab,Combined,Transport,Passenger transport services,Passenger transport by air,07.3.3,332.84,142.79,,,
2024,Current,2026,April,Rajasthan,Rural,Transport,Passenger transport services,Passenger transport by air,07.3.3,98.04,-29.48,,,
2024,Current,2026,April,Rajasthan,Urban,Transport,Passenger transport services,Passenger transport by air,07.3.3,98.04,-29.48,,,
2024,Current,2026,April,Rajasthan,Combined,Transport,Passenger transport services,Passenger transport by air,07.3.3,98.04,-29.48,,,
2024,Current,2026,April,Sikkim,Rural,Transport,Passenger transport services,Passenger transport by air,07.3.3,100.00,0.00,,,
2024,Current,2026,April,Sikkim,Urban,Transport,Passenger transport services,Passenger transport by air,07.3.3,100.00,0.00,,,
2024,Current,2026,April,Sikkim,Combined,Transport,Passenger transport services,Passenger transport by air,07.3.3,100.00,0.00,,,
2024,Current,2026,April,Tamil Nadu,Rural,Transport,Passenger transport services,Passenger transport by air,07.3.3,132.09,23.06,,,
2024,Current,2026,April,Tamil Nadu,Urban,Transport,Passenger transport services,Passenger transport by air,07.3.3,132.09,23.06,,,
2024,Current,2026,April,Tamil Nadu,Combined,Transport,Passenger transport services,Passenger transport by air,07.3.3,132.09,23.06,,,
2024,Current,2026,April,Telangana,Rural,Transport,Passenger transport services,Passenger transport by air,07.3.3,113.45,0.77,,,
2024,Current,2026,April,Telangana,Urban,Transport,Passenger transport services,Passenger transport by air,07.3.3,113.45,0.77,,,
2024,Current,2026,April,Telangana,Combined,Transport,Passenger transport services,Passenger transport by air,07.3.3,113.45,0.77,,,
2024,Current,2026,April,Tripura,Rural,Transport,Passenger transport services,Passenger transport by air,07.3.3,122.19,40.71,,,
2024,Current,2026,April,Tripura,Urban,Transport,Passenger transport services,Passenger transport by air,07.3.3,122.19,40.71,,,
2024,Current,2026,April,Tripura,Combined,Transport,Passenger transport services,Passenger transport by air,07.3.3,122.19,40.71,,,
2024,Current,2026,April,Uttar Pradesh,Rural,Transport,Passenger transport services,Passenger transport by air,07.3.3,84.88,-14.98,,,
2024,Current,2026,April,Uttar Pradesh,Urban,Transport,Passenger transport services,Passenger transport by air,07.3.3,84.88,-14.98,,,
2024,Current,2026,April,Uttar Pradesh,Combined,Transport,Passenger transport services,Passenger transport by air,07.3.3,84.88,-14.98,,,
2024,Current,2026,April,Uttarakhand,Urban,Transport,Passenger transport services,Passenger transport by air,07.3.3,106.19,-36.39,,,
2024,Current,2026,April,Uttarakhand,Combined,Transport,Passenger transport services,Passenger transport by air,07.3.3,106.19,-36.39,,,
2024,Current,2026,April,West Bengal,Rural,Transport,Passenger transport services,Passenger transport by air,07.3.3,116.95,14.53,,,
2024,Current,2026,April,West Bengal,Urban,Transport,Passenger transport services,Passenger transport by air,07.3.3,116.95,14.53,,,
2024,Current,2026,April,West Bengal,Combined,Transport,Passenger transport services,Passenger transport by air,07.3.3,116.95,14.53,,,
2024,Current,2026,March,All India,Rural,Transport,Passenger transport services,Passenger transport by air,07.3.3,135.84,20.98,,,
2024,Current,2026,March,All India,Urban,Transport,Passenger transport services,Passenger transport by air,07.3.3,115.52,9.48,,,
2024,Current,2026,March,All India,Combined,Transport,Passenger transport services,Passenger transport by air,07.3.3,123.55,14.20,,,
2024,Current,2026,March,Andaman And Nicobar Islands,Rural,Transport,Passenger transport services,Passenger transport by air,07.3.3,127.02,-23.01,,,
2024,Current,2026,March,Andaman And Nicobar Islands,Urban,Transport,Passenger transport services,Passenger transport by air,07.3.3,127.02,-23.01,,,
2024,Current,2026,March,Andaman And Nicobar Islands,Combined,Transport,Passenger transport services,Passenger transport by air,07.3.3,127.02,-23.01,,,
2024,Current,2026,March,Andhra Pradesh,Rural,Transport,Passenger transport services,Passenger transport by air,07.3.3,55.43,-36.15,,,
2024,Current,2026,March,Andhra Pradesh,Urban,Transport,Passenger transport services,Passenger transport by air,07.3.3,55.43,-36.15,,,
2024,Current,2026,March,Andhra Pradesh,Combined,Transport,Passenger transport services,Passenger transport by air,07.3.3,55.43,-36.15,,,
2024,Current,2026,March,Arunachal Pradesh,Rural,Transport,Passenger transport services,Passenger transport by air,07.3.3,111.91,-16.54,,,
2024,Current,2026,March,Arunachal Pradesh,Urban,Transport,Passenger transport services,Passenger transport by air,07.3.3,111.91,-16.54,,,
2024,Current,2026,March,Arunachal Pradesh,Combined,Transport,Passenger transport services,Passenger transport by air,07.3.3,111.91,-16.54,,,
2024,Current,2026,March,Assam,Rural,Transport,Passenger transport services,Passenger transport by air,07.3.3,129.05,-9.26,,,
2024,Current,2026,March,Assam,Urban,Transport,Passenger transport services,Passenger transport by air,07.3.3,129.05,-9.26,,,
2024,Current,2026,March,Assam,Combined,Transport,Passenger transport services,Passenger transport by air,07.3.3,129.05,-9.26,,,
2024,Current,2026,March,Bihar,Rural,Transport,Passenger transport services,Passenger transport by air,07.3.3,114.88,0.38,,,
2024,Current,2026,March,Bihar,Urban,Transport,Passenger transport services,Passenger transport by air,07.3.3,114.88,0.38,,,
2024,Current,2026,March,Bihar,Combined,Transport,Passenger transport services,Passenger transport by air,07.3.3,114.88,0.38,,,
2024,Current,2026,March,Chhattisgarh,Urban,Transport,Passenger transport services,Passenger transport by air,07.3.3,151.85,16.71,,,
2024,Current,2026,March,Chhattisgarh,Combined,Transport,Passenger transport services,Passenger transport by air,07.3.3,151.85,16.71,,,
2024,Current,2026,March,Goa,Rural,Transport,Passenger transport services,Passenger transport by air,07.3.3,151.96,33.19,,,
2024,Current,2026,March,Goa,Urban,Transport,Passenger transport services,Passenger transport by air,07.3.3,151.96,33.19,,,
2024,Current,2026,March,Goa,Combined,Transport,Passenger transport services,Passenger transport by air,07.3.3,151.96,33.19,,,
2024,Current,2026,March,Gujarat,Rural,Transport,Passenger transport services,Passenger transport by air,07.3.3,111.73,12.78,,,
2024,Current,2026,March,Gujarat,Urban,Transport,Passenger transport services,Passenger transport by air,07.3.3,111.73,12.78,,,
2024,Current,2026,March,Gujarat,Combined,Transport,Passenger transport services,Passenger transport by air,07.3.3,111.73,12.78,,,
2024,Current,2026,March,Haryana,Rural,Transport,Passenger transport services,Passenger transport by air,07.3.3,101.69,-12.64,,,
2024,Current,2026,March,Haryana,Urban,Transport,Passenger transport services,Passenger transport by air,07.3.3,101.69,-12.64,,,
2024,Current,2026,March,Haryana,Combined,Transport,Passenger transport services,Passenger transport by air,07.3.3,101.69,-12.64,,,
2024,Current,2026,March,Himachal Pradesh,Rural,Transport,Passenger transport services,Passenger transport by air,07.3.3,113.44,51.64,,,
2024,Current,2026,March,Himachal Pradesh,Urban,Transport,Passenger transport services,Passenger transport by air,07.3.3,113.44,51.64,,,
2024,Current,2026,March,Himachal Pradesh,Combined,Transport,Passenger transport services,Passenger transport by air,07.3.3,113.44,51.64,,,
2024,Current,2026,March,Jammu And Kashmir,Urban,Transport,Passenger transport services,Passenger transport by air,07.3.3,101.73,-5.05,,,
2024,Current,2026,March,Jammu And Kashmir,Combined,Transport,Passenger transport services,Passenger transport by air,07.3.3,101.73,-5.05,,,
2024,Current,2026,March,Jharkhand,Urban,Transport,Passenger transport services,Passenger transport by air,07.3.3,99.48,-14.15,,,
2024,Current,2026,March,Jharkhand,Combined,Transport,Passenger transport services,Passenger transport by air,07.3.3,99.48,-14.15,,,
2024,Current,2026,March,Karnataka,Rural,Transport,Passenger transport services,Passenger transport by air,07.3.3,119.21,9.43,,,
2024,Current,2026,March,Karnataka,Urban,Transport,Passenger transport services,Passenger transport by air,07.3.3,119.21,9.43,,,
2024,Current,2026,March,Karnataka,Combined,Transport,Passenger transport services,Passenger transport by air,07.3.3,119.21,9.43,,,
2024,Current,2026,March,Kerala,Rural,Transport,Passenger transport services,Passenger transport by air,07.3.3,126.86,28.76,,,
2024,Current,2026,March,Kerala,Urban,Transport,Passenger transport services,Passenger transport by air,07.3.3,126.86,28.76,,,
2024,Current,2026,March,Kerala,Combined,Transport,Passenger transport services,Passenger transport by air,07.3.3,126.86,28.76,,,
2024,Current,2026,March,Ladakh,Urban,Transport,Passenger transport services,Passenger transport by air,07.3.3,68.51,26.48,,,
2024,Current,2026,March,Ladakh,Combined,Transport,Passenger transport services,Passenger transport by air,07.3.3,68.51,26.48,,,
2024,Current,2026,March,Lakshadweep,Rural,Transport,Passenger transport services,Passenger transport by air,07.3.3,122.53,-8.65,,,
2024,Current,2026,March,Lakshadweep,Urban,Transport,Passenger transport services,Passenger transport by air,07.3.3,122.53,-8.65,,,
2024,Current,2026,March,Lakshadweep,Combined,Transport,Passenger transport services,Passenger transport by air,07.3.3,122.53,-8.65,,,
2024,Current,2026,March,Madhya Pradesh,Rural,Transport,Passenger transport services,Passenger transport by air,07.3.3,88.09,-9.75,,,
2024,Current,2026,March,Madhya Pradesh,Urban,Transport,Passenger transport services,Passenger transport by air,07.3.3,88.09,-9.75,,,
2024,Current,2026,March,Madhya Pradesh,Combined,Transport,Passenger transport services,Passenger transport by air,07.3.3,88.09,-9.75,,,
2024,Current,2026,March,Maharashtra,Rural,Transport,Passenger transport services,Passenger transport by air,07.3.3,114.71,3.71,,,
2024,Current,2026,March,Maharashtra,Urban,Transport,Passenger transport services,Passenger transport by air,07.3.3,114.71,3.71,,,
2024,Current,2026,March,Maharashtra,Combined,Transport,Passenger transport services,Passenger transport by air,07.3.3,114.71,3.71,,,
2024,Current,2026,March,Manipur,Rural,Transport,Passenger transport services,Passenger transport by air,07.3.3,103.50,-7.96,,,
2024,Current,2026,March,Manipur,Urban,Transport,Passenger transport services,Passenger transport by air,07.3.3,103.50,-7.96,,,
2024,Current,2026,March,Manipur,Combined,Transport,Passenger transport services,Passenger transport by air,07.3.3,103.50,-7.96,,,
2024,Current,2026,March,Meghalaya,Urban,Transport,Passenger transport services,Passenger transport by air,07.3.3,152.62,-2.91,,,
2024,Current,2026,March,Meghalaya,Combined,Transport,Passenger transport services,Passenger transport by air,07.3.3,152.62,-2.91,,,
2024,Current,2026,March,Mizoram,Rural,Transport,Passenger transport services,Passenger transport by air,07.3.3,114.48,4.97,,,
2024,Current,2026,March,Mizoram,Urban,Transport,Passenger transport services,Passenger transport by air,07.3.3,114.48,4.97,,,
2024,Current,2026,March,Mizoram,Combined,Transport,Passenger transport services,Passenger transport by air,07.3.3,114.48,4.97,,,
2024,Current,2026,March,Nagaland,Rural,Transport,Passenger transport services,Passenger transport by air,07.3.3,71.99,-5.80,,,
2024,Current,2026,March,Nagaland,Urban,Transport,Passenger transport services,Passenger transport by air,07.3.3,71.99,-5.80,,,
2024,Current,2026,March,Nagaland,Combined,Transport,Passenger transport services,Passenger transport by air,07.3.3,71.99,-5.80,,,
2024,Current,2026,March,NCT of Delhi,Urban,Transport,Passenger transport services,Passenger transport by air,07.3.3,101.69,-12.64,,,
2024,Current,2026,March,NCT of Delhi,Combined,Transport,Passenger transport services,Passenger transport by air,07.3.3,101.69,-12.64,,,
2024,Current,2026,March,Odisha,Urban,Transport,Passenger transport services,Passenger transport by air,07.3.3,226.54,112.66,,,
2024,Current,2026,March,Odisha,Combined,Transport,Passenger transport services,Passenger transport by air,07.3.3,226.54,112.66,,,
2024,Current,2026,March,Punjab,Rural,Transport,Passenger transport services,Passenger transport by air,07.3.3,344.15,103.13,,,
2024,Current,2026,March,Punjab,Urban,Transport,Passenger transport services,Passenger transport by air,07.3.3,344.15,103.13,,,
2024,Current,2026,March,Punjab,Combined,Transport,Passenger transport services,Passenger transport by air,07.3.3,344.15,103.13,,,
2024,Current,2026,March,Rajasthan,Rural,Transport,Passenger transport services,Passenger transport by air,07.3.3,80.15,-39.30,,,
2024,Current,2026,March,Rajasthan,Urban,Transport,Passenger transport services,Passenger transport by air,07.3.3,80.15,-39.30,,,
2024,Current,2026,March,Rajasthan,Combined,Transport,Passenger transport services,Passenger transport by air,07.3.3,80.15,-39.30,,,
2024,Current,2026,March,Sikkim,Rural,Transport,Passenger transport services,Passenger transport by air,07.3.3,100.00,0.00,,,
2024,Current,2026,March,Sikkim,Urban,Transport,Passenger transport services,Passenger transport by air,07.3.3,100.00,0.00,,,
2024,Current,2026,March,Sikkim,Combined,Transport,Passenger transport services,Passenger transport by air,07.3.3,100.00,0.00,,,
2024,Current,2026,March,Tamil Nadu,Rural,Transport,Passenger transport services,Passenger transport by air,07.3.3,101.44,-3.85,,,
2024,Current,2026,March,Tamil Nadu,Urban,Transport,Passenger transport services,Passenger transport by air,07.3.3,101.44,-3.85,,,
2024,Current,2026,March,Tamil Nadu,Combined,Transport,Passenger transport services,Passenger transport by air,07.3.3,101.44,-3.85,,,
2024,Current,2026,March,Telangana,Rural,Transport,Passenger transport services,Passenger transport by air,07.3.3,113.70,26.82,,,
2024,Current,2026,March,Telangana,Urban,Transport,Passenger transport services,Passenger transport by air,07.3.3,113.70,26.82,,,
2024,Current,2026,March,Telangana,Combined,Transport,Passenger transport services,Passenger transport by air,07.3.3,113.70,26.82,,,
2024,Current,2026,March,Tripura,Rural,Transport,Passenger transport services,Passenger transport by air,07.3.3,98.88,1.81,,,
2024,Current,2026,March,Tripura,Urban,Transport,Passenger transport services,Passenger transport by air,07.3.3,98.88,1.81,,,
2024,Current,2026,March,Tripura,Combined,Transport,Passenger transport services,Passenger transport by air,07.3.3,98.88,1.81,,,
2024,Current,2026,March,Uttar Pradesh,Rural,Transport,Passenger transport services,Passenger transport by air,07.3.3,120.81,-13.97,,,
2024,Current,2026,March,Uttar Pradesh,Urban,Transport,Passenger transport services,Passenger transport by air,07.3.3,120.81,-13.97,,,
2024,Current,2026,March,Uttar Pradesh,Combined,Transport,Passenger transport services,Passenger transport by air,07.3.3,120.81,-13.97,,,
2024,Current,2026,March,Uttarakhand,Urban,Transport,Passenger transport services,Passenger transport by air,07.3.3,120.46,-20.79,,,
2024,Current,2026,March,Uttarakhand,Combined,Transport,Passenger transport services,Passenger transport by air,07.3.3,120.46,-20.79,,,
2024,Current,2026,March,West Bengal,Rural,Transport,Passenger transport services,Passenger transport by air,07.3.3,117.09,14.24,,,
2024,Current,2026,March,West Bengal,Urban,Transport,Passenger transport services,Passenger transport by air,07.3.3,117.09,14.24,,,
2024,Current,2026,March,West Bengal,Combined,Transport,Passenger transport services,Passenger transport by air,07.3.3,117.09,14.24,,,
2024,Current,2026,February,All India,Rural,Transport,Passenger transport services,Passenger transport by air,07.3.3,130.76,-4.41,,,
2024,Current,2026,February,All India,Urban,Transport,Passenger transport services,Passenger transport by air,07.3.3,116.99,-8.82,,,
2024,Current,2026,February,All India,Combined,Transport,Passenger transport services,Passenger transport by air,07.3.3,122.43,-7.01,,,
2024,Current,2026,February,Andaman And Nicobar Islands,Rural,Transport,Passenger transport services,Passenger transport by air,07.3.3,87.90,-34.92,,,
2024,Current,2026,February,Andaman And Nicobar Islands,Urban,Transport,Passenger transport services,Passenger transport by air,07.3.3,87.90,-34.92,,,
2024,Current,2026,February,Andaman And Nicobar Islands,Combined,Transport,Passenger transport services,Passenger transport by air,07.3.3,87.90,-34.92,,,
2024,Current,2026,February,Andhra Pradesh,Rural,Transport,Passenger transport services,Passenger transport by air,07.3.3,53.98,-43.27,,,
2024,Current,2026,February,Andhra Pradesh,Urban,Transport,Passenger transport services,Passenger transport by air,07.3.3,53.98,-43.27,,,
2024,Current,2026,February,Andhra Pradesh,Combined,Transport,Passenger transport services,Passenger transport by air,07.3.3,53.98,-43.27,,,
2024,Current,2026,February,Arunachal Pradesh,Rural,Transport,Passenger transport services,Passenger transport by air,07.3.3,158.05,5.59,,,
2024,Current,2026,February,Arunachal Pradesh,Urban,Transport,Passenger transport services,Passenger transport by air,07.3.3,158.05,5.59,,,
2024,Current,2026,February,Arunachal Pradesh,Combined,Transport,Passenger transport services,Passenger transport by air,07.3.3,158.05,5.59,,,
2024,Current,2026,February,Assam,Rural,Transport,Passenger transport services,Passenger transport by air,07.3.3,160.05,16.81,,,
2024,Current,2026,February,Assam,Urban,Transport,Passenger transport services,Passenger transport by air,07.3.3,160.05,16.81,,,
2024,Current,2026,February,Assam,Combined,Transport,Passenger transport services,Passenger transport by air,07.3.3,160.05,16.81,,,
2024,Current,2026,February,Bihar,Rural,Transport,Passenger transport services,Passenger transport by air,07.3.3,90.73,-44.34,,,
2024,Current,2026,February,Bihar,Urban,Transport,Passenger transport services,Passenger transport by air,07.3.3,90.73,-44.34,,,
2024,Current,2026,February,Bihar,Combined,Transport,Passenger transport services,Passenger transport by air,07.3.3,90.73,-44.34,,,
2024,Current,2026,February,Chhattisgarh,Urban,Transport,Passenger transport services,Passenger transport by air,07.3.3,135.23,18.85,,,
2024,Current,2026,February,Chhattisgarh,Combined,Transport,Passenger transport services,Passenger transport by air,07.3.3,135.23,18.85,,,
2024,Current,2026,February,Goa,Rural,Transport,Passenger transport services,Passenger transport by air,07.3.3,154.08,25.21,,,
2024,Current,2026,February,Goa,Urban,Transport,Passenger transport services,Passenger transport by air,07.3.3,154.08,25.21,,,
2024,Current,2026,February,Goa,Combined,Transport,Passenger transport services,Passenger transport by air,07.3.3,154.08,25.21,,,
2024,Current,2026,February,Gujarat,Rural,Transport,Passenger transport services,Passenger transport by air,07.3.3,120.86,12.78,,,
2024,Current,2026,February,Gujarat,Urban,Transport,Passenger transport services,Passenger transport by air,07.3.3,120.86,12.78,,,
2024,Current,2026,February,Gujarat,Combined,Transport,Passenger transport services,Passenger transport by air,07.3.3,120.86,12.78,,,
2024,Current,2026,February,Haryana,Rural,Transport,Passenger transport services,Passenger transport by air,07.3.3,94.97,-40.63,,,
2024,Current,2026,February,Haryana,Urban,Transport,Passenger transport services,Passenger transport by air,07.3.3,94.97,-40.63,,,
2024,Current,2026,February,Haryana,Combined,Transport,Passenger transport services,Passenger transport by air,07.3.3,94.97,-40.63,,,
2024,Current,2026,February,Himachal Pradesh,Rural,Transport,Passenger transport services,Passenger transport by air,07.3.3,107.61,43.85,,,
2024,Current,2026,February,Himachal Pradesh,Urban,Transport,Passenger transport services,Passenger transport by air,07.3.3,107.61,43.85,,,
2024,Current,2026,February,Himachal Pradesh,Combined,Transport,Passenger transport services,Passenger transport by air,07.3.3,107.61,43.85,,,
2024,Current,2026,February,Jammu And Kashmir,Urban,Transport,Passenger transport services,Passenger transport by air,07.3.3,93.26,-11.64,,,
2024,Current,2026,February,Jammu And Kashmir,Combined,Transport,Passenger transport services,Passenger transport by air,07.3.3,93.26,-11.64,,,
2024,Current,2026,February,Jharkhand,Urban,Transport,Passenger transport services,Passenger transport by air,07.3.3,90.36,-25.97,,,
2024,Current,2026,February,Jharkhand,Combined,Transport,Passenger transport services,Passenger transport by air,07.3.3,90.36,-25.97,,,
2024,Current,2026,February,Karnataka,Rural,Transport,Passenger transport services,Passenger transport by air,07.3.3,128.65,-13.64,,,
2024,Current,2026,February,Karnataka,Urban,Transport,Passenger transport services,Passenger transport by air,07.3.3,128.65,-13.64,,,
2024,Current,2026,February,Karnataka,Combined,Transport,Passenger transport services,Passenger transport by air,07.3.3,128.65,-13.64,,,
2024,Current,2026,February,Kerala,Rural,Transport,Passenger transport services,Passenger transport by air,07.3.3,133.74,7.53,,,
2024,Current,2026,February,Kerala,Urban,Transport,Passenger transport services,Passenger transport by air,07.3.3,133.74,7.53,,,
2024,Current,2026,February,Kerala,Combined,Transport,Passenger transport services,Passenger transport by air,07.3.3,133.74,7.53,,,
2024,Current,2026,February,Ladakh,Urban,Transport,Passenger transport services,Passenger transport by air,07.3.3,58.86,-31.29,,,
2024,Current,2026,February,Ladakh,Combined,Transport,Passenger transport services,Passenger transport by air,07.3.3,58.86,-31.29,,,
2024,Current,2026,February,Lakshadweep,Rural,Transport,Passenger transport services,Passenger transport by air,07.3.3,123.76,-5.89,,,
2024,Current,2026,February,Lakshadweep,Urban,Transport,Passenger transport services,Passenger transport by air,07.3.3,123.76,-5.89,,,
2024,Current,2026,February,Lakshadweep,Combined,Transport,Passenger transport services,Passenger transport by air,07.3.3,123.76,-5.89,,,
2024,Current,2026,February,Madhya Pradesh,Rural,Transport,Passenger transport services,Passenger transport by air,07.3.3,85.00,-26.35,,,
2024,Current,2026,February,Madhya Pradesh,Urban,Transport,Passenger transport services,Passenger transport by air,07.3.3,85.00,-26.35,,,
2024,Current,2026,February,Madhya Pradesh,Combined,Transport,Passenger transport services,Passenger transport by air,07.3.3,85.00,-26.35,,,
2024,Current,2026,February,Maharashtra,Rural,Transport,Passenger transport services,Passenger transport by air,07.3.3,122.91,-7.89,,,
2024,Current,2026,February,Maharashtra,Urban,Transport,Passenger transport services,Passenger transport by air,07.3.3,122.91,-7.89,,,
2024,Current,2026,February,Maharashtra,Combined,Transport,Passenger transport services,Passenger transport by air,07.3.3,122.91,-7.89,,,
2024,Current,2026,February,Manipur,Rural,Transport,Passenger transport services,Passenger transport by air,07.3.3,117.61,16.36,,,
2024,Current,2026,February,Manipur,Urban,Transport,Passenger transport services,Passenger transport by air,07.3.3,117.61,16.36,,,
2024,Current,2026,February,Manipur,Combined,Transport,Passenger transport services,Passenger transport by air,07.3.3,117.61,16.36,,,
2024,Current,2026,February,Meghalaya,Urban,Transport,Passenger transport services,Passenger transport by air,07.3.3,123.09,19.72,,,
2024,Current,2026,February,Meghalaya,Combined,Transport,Passenger transport services,Passenger transport by air,07.3.3,123.09,19.72,,,
2024,Current,2026,February,Mizoram,Rural,Transport,Passenger transport services,Passenger transport by air,07.3.3,102.28,-34.87,,,
2024,Current,2026,February,Mizoram,Urban,Transport,Passenger transport services,Passenger transport by air,07.3.3,102.28,-34.87,,,
2024,Current,2026,February,Mizoram,Combined,Transport,Passenger transport services,Passenger transport by air,07.3.3,102.28,-34.87,,,
2024,Current,2026,February,Nagaland,Rural,Transport,Passenger transport services,Passenger transport by air,07.3.3,69.75,-16.42,,,
2024,Current,2026,February,Nagaland,Urban,Transport,Passenger transport services,Passenger transport by air,07.3.3,69.75,-16.42,,,
2024,Current,2026,February,Nagaland,Combined,Transport,Passenger transport services,Passenger transport by air,07.3.3,69.75,-16.42,,,
2024,Current,2026,February,NCT of Delhi,Urban,Transport,Passenger transport services,Passenger transport by air,07.3.3,94.97,-40.63,,,
2024,Current,2026,February,NCT of Delhi,Combined,Transport,Passenger transport services,Passenger transport by air,07.3.3,94.97,-40.63,,,
2024,Current,2026,February,Odisha,Urban,Transport,Passenger transport services,Passenger transport by air,07.3.3,237.29,115.48,,,
2024,Current,2026,February,Odisha,Combined,Transport,Passenger transport services,Passenger transport by air,07.3.3,237.29,115.48,,,
2024,Current,2026,February,Punjab,Rural,Transport,Passenger transport services,Passenger transport by air,07.3.3,241.88,78.39,,,
2024,Current,2026,February,Punjab,Urban,Transport,Passenger transport services,Passenger transport by air,07.3.3,241.88,78.39,,,
2024,Current,2026,February,Punjab,Combined,Transport,Passenger transport services,Passenger transport by air,07.3.3,241.88,78.39,,,
2024,Current,2026,February,Rajasthan,Rural,Transport,Passenger transport services,Passenger transport by air,07.3.3,96.65,-23.92,,,
2024,Current,2026,February,Rajasthan,Urban,Transport,Passenger transport services,Passenger transport by air,07.3.3,96.65,-23.92,,,
2024,Current,2026,February,Rajasthan,Combined,Transport,Passenger transport services,Passenger transport by air,07.3.3,96.65,-23.92,,,
2024,Current,2026,February,Sikkim,Rural,Transport,Passenger transport services,Passenger transport by air,07.3.3,100.00,0.00,,,
2024,Current,2026,February,Sikkim,Urban,Transport,Passenger transport services,Passenger transport by air,07.3.3,100.00,0.00,,,
2024,Current,2026,February,Sikkim,Combined,Transport,Passenger transport services,Passenger transport by air,07.3.3,100.00,0.00,,,
2024,Current,2026,February,Tamil Nadu,Rural,Transport,Passenger transport services,Passenger transport by air,07.3.3,99.16,-30.83,,,
2024,Current,2026,February,Tamil Nadu,Urban,Transport,Passenger transport services,Passenger transport by air,07.3.3,99.16,-30.83,,,
2024,Current,2026,February,Tamil Nadu,Combined,Transport,Passenger transport services,Passenger transport by air,07.3.3,99.16,-30.83,,,
2024,Current,2026,February,Telangana,Rural,Transport,Passenger transport services,Passenger transport by air,07.3.3,111.27,-11.87,,,
2024,Current,2026,February,Telangana,Urban,Transport,Passenger transport services,Passenger transport by air,07.3.3,111.27,-11.87,,,
2024,Current,2026,February,Telangana,Combined,Transport,Passenger transport services,Passenger transport by air,07.3.3,111.27,-11.87,,,
2024,Current,2026,February,Tripura,Rural,Transport,Passenger transport services,Passenger transport by air,07.3.3,109.88,-3.48,,,
2024,Current,2026,February,Tripura,Urban,Transport,Passenger transport services,Passenger transport by air,07.3.3,109.88,-3.48,,,
2024,Current,2026,February,Tripura,Combined,Transport,Passenger transport services,Passenger transport by air,07.3.3,109.88,-3.48,,,
2024,Current,2026,February,Uttar Pradesh,Rural,Transport,Passenger transport services,Passenger transport by air,07.3.3,109.37,-53.79,,,
2024,Current,2026,February,Uttar Pradesh,Urban,Transport,Passenger transport services,Passenger transport by air,07.3.3,109.37,-53.79,,,
2024,Current,2026,February,Uttar Pradesh,Combined,Transport,Passenger transport services,Passenger transport by air,07.3.3,109.37,-53.79,,,
2024,Current,2026,February,Uttarakhand,Urban,Transport,Passenger transport services,Passenger transport by air,07.3.3,105.83,-39.75,,,
2024,Current,2026,February,Uttarakhand,Combined,Transport,Passenger transport services,Passenger transport by air,07.3.3,105.83,-39.75,,,
2024,Current,2026,February,West Bengal,Rural,Transport,Passenger transport services,Passenger transport by air,07.3.3,98.31,-17.62,,,
2024,Current,2026,February,West Bengal,Urban,Transport,Passenger transport services,Passenger transport by air,07.3.3,98.31,-17.62,,,
2024,Current,2026,February,West Bengal,Combined,Transport,Passenger transport services,Passenger transport by air,07.3.3,98.31,-17.62,,,
2024,Current,2026,January,All India,Rural,Transport,Passenger transport services,Passenger transport by air,07.3.3,134.80,11.61,,,
2024,Current,2026,January,All India,Urban,Transport,Passenger transport services,Passenger transport by air,07.3.3,114.80,3.13,,,
2024,Current,2026,January,All India,Combined,Transport,Passenger transport services,Passenger transport by air,07.3.3,122.71,6.65,,,
2024,Current,2026,January,Andaman And Nicobar Islands,Rural,Transport,Passenger transport services,Passenger transport by air,07.3.3,74.48,-29.06,,,
2024,Current,2026,January,Andaman And Nicobar Islands,Urban,Transport,Passenger transport services,Passenger transport by air,07.3.3,74.48,-29.06,,,
2024,Current,2026,January,Andaman And Nicobar Islands,Combined,Transport,Passenger transport services,Passenger transport by air,07.3.3,74.48,-29.06,,,
2024,Current,2026,January,Andhra Pradesh,Rural,Transport,Passenger transport services,Passenger transport by air,07.3.3,58.86,-39.47,,,
2024,Current,2026,January,Andhra Pradesh,Urban,Transport,Passenger transport services,Passenger transport by air,07.3.3,58.86,-39.47,,,
2024,Current,2026,January,Andhra Pradesh,Combined,Transport,Passenger transport services,Passenger transport by air,07.3.3,58.86,-39.47,,,
2024,Current,2026,January,Arunachal Pradesh,Rural,Transport,Passenger transport services,Passenger transport by air,07.3.3,196.55,31.10,,,
2024,Current,2026,January,Arunachal Pradesh,Urban,Transport,Passenger transport services,Passenger transport by air,07.3.3,196.55,31.10,,,
2024,Current,2026,January,Arunachal Pradesh,Combined,Transport,Passenger transport services,Passenger transport by air,07.3.3,196.55,31.10,,,
2024,Current,2026,January,Assam,Rural,Transport,Passenger transport services,Passenger transport by air,07.3.3,156.84,50.26,,,
2024,Current,2026,January,Assam,Urban,Transport,Passenger transport services,Passenger transport by air,07.3.3,156.84,50.26,,,
2024,Current,2026,January,Assam,Combined,Transport,Passenger transport services,Passenger transport by air,07.3.3,156.84,50.26,,,
2024,Current,2026,January,Bihar,Rural,Transport,Passenger transport services,Passenger transport by air,07.3.3,86.99,-7.65,,,
2024,Current,2026,January,Bihar,Urban,Transport,Passenger transport services,Passenger transport by air,07.3.3,86.99,-7.65,,,
2024,Current,2026,January,Bihar,Combined,Transport,Passenger transport services,Passenger transport by air,07.3.3,86.99,-7.65,,,
2024,Current,2026,January,Chhattisgarh,Urban,Transport,Passenger transport services,Passenger transport by air,07.3.3,133.98,2.29,,,
2024,Current,2026,January,Chhattisgarh,Combined,Transport,Passenger transport services,Passenger transport by air,07.3.3,133.98,2.29,,,
2024,Current,2026,January,Goa,Rural,Transport,Passenger transport services,Passenger transport by air,07.3.3,138.98,18.78,,,
2024,Current,2026,January,Goa,Urban,Transport,Passenger transport services,Passenger transport by air,07.3.3,138.98,18.78,,,
2024,Current,2026,January,Goa,Combined,Transport,Passenger transport services,Passenger transport by air,07.3.3,138.98,18.78,,,
2024,Current,2026,January,Gujarat,Rural,Transport,Passenger transport services,Passenger transport by air,07.3.3,107.34,4.22,,,
2024,Current,2026,January,Gujarat,Urban,Transport,Passenger transport services,Passenger transport by air,07.3.3,107.34,4.22,,,
2024,Current,2026,January,Gujarat,Combined,Transport,Passenger transport services,Passenger transport by air,07.3.3,107.34,4.22,,,
2024,Current,2026,January,Haryana,Rural,Transport,Passenger transport services,Passenger transport by air,07.3.3,104.33,-13.95,,,
2024,Current,2026,January,Haryana,Urban,Transport,Passenger transport services,Passenger transport by air,07.3.3,104.33,-13.95,,,
2024,Current,2026,January,Haryana,Combined,Transport,Passenger transport services,Passenger transport by air,07.3.3,104.33,-13.95,,,
2024,Current,2026,January,Himachal Pradesh,Rural,Transport,Passenger transport services,Passenger transport by air,07.3.3,80.34,-9.84,,,
2024,Current,2026,January,Himachal Pradesh,Urban,Transport,Passenger transport services,Passenger transport by air,07.3.3,80.34,-9.84,,,
2024,Current,2026,January,Himachal Pradesh,Combined,Transport,Passenger transport services,Passenger transport by air,07.3.3,80.34,-9.84,,,
2024,Current,2026,January,Jammu And Kashmir,Urban,Transport,Passenger transport services,Passenger transport by air,07.3.3,90.34,-15.82,,,
2024,Current,2026,January,Jammu And Kashmir,Combined,Transport,Passenger transport services,Passenger transport by air,07.3.3,90.34,-15.82,,,
2024,Current,2026,January,Jharkhand,Urban,Transport,Passenger transport services,Passenger transport by air,07.3.3,83.47,-22.69,,,
2024,Current,2026,January,Jharkhand,Combined,Transport,Passenger transport services,Passenger transport by air,07.3.3,83.47,-22.69,,,
2024,Current,2026,January,Karnataka,Rural,Transport,Passenger transport services,Passenger transport by air,07.3.3,124.93,11.88,,,
2024,Current,2026,January,Karnataka,Urban,Transport,Passenger transport services,Passenger transport by air,07.3.3,124.93,11.88,,,
2024,Current,2026,January,Karnataka,Combined,Transport,Passenger transport services,Passenger transport by air,07.3.3,124.93,11.88,,,
2024,Current,2026,January,Kerala,Rural,Transport,Passenger transport services,Passenger transport by air,07.3.3,149.14,10.53,,,
2024,Current,2026,January,Kerala,Urban,Transport,Passenger transport services,Passenger transport by air,07.3.3,149.14,10.53,,,
2024,Current,2026,January,Kerala,Combined,Transport,Passenger transport services,Passenger transport by air,07.3.3,149.14,10.53,,,
2024,Current,2026,January,Ladakh,Urban,Transport,Passenger transport services,Passenger transport by air,07.3.3,63.94,-41.65,,,
2024,Current,2026,January,Ladakh,Combined,Transport,Passenger transport services,Passenger transport by air,07.3.3,63.94,-41.65,,,
2024,Current,2026,January,Lakshadweep,Rural,Transport,Passenger transport services,Passenger transport by air,07.3.3,124.99,-4.96,,,
2024,Current,2026,January,Lakshadweep,Urban,Transport,Passenger transport services,Passenger transport by air,07.3.3,124.99,-4.96,,,
2024,Current,2026,January,Lakshadweep,Combined,Transport,Passenger transport services,Passenger transport by air,07.3.3,124.99,-4.96,,,
2024,Current,2026,January,Madhya Pradesh,Rural,Transport,Passenger transport services,Passenger transport by air,07.3.3,88.05,-18.95,,,
2024,Current,2026,January,Madhya Pradesh,Urban,Transport,Passenger transport services,Passenger transport by air,07.3.3,88.05,-18.95,,,
2024,Current,2026,January,Madhya Pradesh,Combined,Transport,Passenger transport services,Passenger transport by air,07.3.3,88.05,-18.95,,,
2024,Current,2026,January,Maharashtra,Rural,Transport,Passenger transport services,Passenger transport by air,07.3.3,126.30,6.04,,,
2024,Current,2026,January,Maharashtra,Urban,Transport,Passenger transport services,Passenger transport by air,07.3.3,126.30,6.04,,,
2024,Current,2026,January,Maharashtra,Combined,Transport,Passenger transport services,Passenger transport by air,07.3.3,126.30,6.04,,,
2024,Current,2026,January,Manipur,Rural,Transport,Passenger transport services,Passenger transport by air,07.3.3,142.94,-2.08,,,
2024,Current,2026,January,Manipur,Urban,Transport,Passenger transport services,Passenger transport by air,07.3.3,142.94,-2.08,,,
2024,Current,2026,January,Manipur,Combined,Transport,Passenger transport services,Passenger transport by air,07.3.3,142.94,-2.08,,,
2024,Current,2026,January,Meghalaya,Urban,Transport,Passenger transport services,Passenger transport by air,07.3.3,128.17,63.58,,,
2024,Current,2026,January,Meghalaya,Combined,Transport,Passenger transport services,Passenger transport by air,07.3.3,128.17,63.58,,,
2024,Current,2026,January,Mizoram,Rural,Transport,Passenger transport services,Passenger transport by air,07.3.3,98.18,-23.46,,,
2024,Current,2026,January,Mizoram,Urban,Transport,Passenger transport services,Passenger transport by air,07.3.3,98.18,-23.46,,,
2024,Current,2026,January,Mizoram,Combined,Transport,Passenger transport services,Passenger transport by air,07.3.3,98.18,-23.46,,,
2024,Current,2026,January,Nagaland,Rural,Transport,Passenger transport services,Passenger transport by air,07.3.3,73.28,-59.77,,,
2024,Current,2026,January,Nagaland,Urban,Transport,Passenger transport services,Passenger transport by air,07.3.3,73.28,-59.77,,,
2024,Current,2026,January,Nagaland,Combined,Transport,Passenger transport services,Passenger transport by air,07.3.3,73.28,-59.77,,,
2024,Current,2026,January,NCT of Delhi,Urban,Transport,Passenger transport services,Passenger transport by air,07.3.3,104.33,-13.95,,,
2024,Current,2026,January,NCT of Delhi,Combined,Transport,Passenger transport services,Passenger transport by air,07.3.3,104.33,-13.95,,,
2024,Current,2026,January,Odisha,Urban,Transport,Passenger transport services,Passenger transport by air,07.3.3,212.56,89.42,,,
2024,Current,2026,January,Odisha,Combined,Transport,Passenger transport services,Passenger transport by air,07.3.3,212.56,89.42,,,
2024,Current,2026,January,Punjab,Rural,Transport,Passenger transport services,Passenger transport by air,07.3.3,234.68,128.09,,,
2024,Current,2026,January,Punjab,Urban,Transport,Passenger transport services,Passenger transport by air,07.3.3,234.68,128.09,,,
2024,Current,2026,January,Punjab,Combined,Transport,Passenger transport services,Passenger transport by air,07.3.3,234.68,128.09,,,
2024,Current,2026,January,Rajasthan,Rural,Transport,Passenger transport services,Passenger transport by air,07.3.3,92.70,-9.07,,,
2024,Current,2026,January,Rajasthan,Urban,Transport,Passenger transport services,Passenger transport by air,07.3.3,92.70,-9.07,,,
2024,Current,2026,January,Rajasthan,Combined,Transport,Passenger transport services,Passenger transport by air,07.3.3,92.70,-9.07,,,
2024,Current,2026,January,Sikkim,Rural,Transport,Passenger transport services,Passenger transport by air,07.3.3,100.00,0.00,,,
2024,Current,2026,January,Sikkim,Urban,Transport,Passenger transport services,Passenger transport by air,07.3.3,100.00,0.00,,,
2024,Current,2026,January,Sikkim,Combined,Transport,Passenger transport services,Passenger transport by air,07.3.3,100.00,0.00,,,
2024,Current,2026,January,Tamil Nadu,Rural,Transport,Passenger transport services,Passenger transport by air,07.3.3,108.12,-6.68,,,
2024,Current,2026,January,Tamil Nadu,Urban,Transport,Passenger transport services,Passenger transport by air,07.3.3,108.12,-6.68,,,
2024,Current,2026,January,Tamil Nadu,Combined,Transport,Passenger transport services,Passenger transport by air,07.3.3,108.12,-6.68,,,
2024,Current,2026,January,Telangana,Rural,Transport,Passenger transport services,Passenger transport by air,07.3.3,111.30,0.01,,,
2024,Current,2026,January,Telangana,Urban,Transport,Passenger transport services,Passenger transport by air,07.3.3,111.30,0.01,,,
2024,Current,2026,January,Telangana,Combined,Transport,Passenger transport services,Passenger transport by air,07.3.3,111.30,0.01,,,
2024,Current,2026,January,Tripura,Rural,Transport,Passenger transport services,Passenger transport by air,07.3.3,97.73,-0.23,,,
2024,Current,2026,January,Tripura,Urban,Transport,Passenger transport services,Passenger transport by air,07.3.3,97.73,-0.23,,,
2024,Current,2026,January,Tripura,Combined,Transport,Passenger transport services,Passenger transport by air,07.3.3,97.73,-0.23,,,
2024,Current,2026,January,Uttar Pradesh,Rural,Transport,Passenger transport services,Passenger transport by air,07.3.3,96.51,-23.26,,,
2024,Current,2026,January,Uttar Pradesh,Urban,Transport,Passenger transport services,Passenger transport by air,07.3.3,96.51,-23.26,,,
2024,Current,2026,January,Uttar Pradesh,Combined,Transport,Passenger transport services,Passenger transport by air,07.3.3,96.51,-23.26,,,
2024,Current,2026,January,Uttarakhand,Urban,Transport,Passenger transport services,Passenger transport by air,07.3.3,89.03,-20.74,,,
2024,Current,2026,January,Uttarakhand,Combined,Transport,Passenger transport services,Passenger transport by air,07.3.3,89.03,-20.74,,,
2024,Current,2026,January,West Bengal,Rural,Transport,Passenger transport services,Passenger transport by air,07.3.3,97.67,-4.89,,,
2024,Current,2026,January,West Bengal,Urban,Transport,Passenger transport services,Passenger transport by air,07.3.3,97.67,-4.89,,,
2024,Current,2026,January,West Bengal,Combined,Transport,Passenger transport services,Passenger transport by air,07.3.3,97.67,-4.89,,,
2024,Current,2025,December,All India,Rural,Transport,Passenger transport services,Passenger transport by air,07.3.3,134.18,,,,
2024,Current,2025,December,All India,Urban,Transport,Passenger transport services,Passenger transport by air,07.3.3,117.73,,,,
2024,Current,2025,December,All India,Combined,Transport,Passenger transport services,Passenger transport by air,07.3.3,124.23,,,,
2024,Current,2025,December,Andaman And Nicobar Islands,Rural,Transport,Passenger transport services,Passenger transport by air,07.3.3,81.86,,,,
2024,Current,2025,December,Andaman And Nicobar Islands,Urban,Transport,Passenger transport services,Passenger transport by air,07.3.3,81.86,,,,
2024,Current,2025,December,Andaman And Nicobar Islands,Combined,Transport,Passenger transport services,Passenger transport by air,07.3.3,81.86,,,,
2024,Current,2025,December,Andhra Pradesh,Rural,Transport,Passenger transport services,Passenger transport by air,07.3.3,52.69,,,,
2024,Current,2025,December,Andhra Pradesh,Urban,Transport,Passenger transport services,Passenger transport by air,07.3.3,52.69,,,,
2024,Current,2025,December,Andhra Pradesh,Combined,Transport,Passenger transport services,Passenger transport by air,07.3.3,52.69,,,,
2024,Current,2025,December,Arunachal Pradesh,Rural,Transport,Passenger transport services,Passenger transport by air,07.3.3,181.81,,,,
2024,Current,2025,December,Arunachal Pradesh,Urban,Transport,Passenger transport services,Passenger transport by air,07.3.3,181.81,,,,
2024,Current,2025,December,Arunachal Pradesh,Combined,Transport,Passenger transport services,Passenger transport by air,07.3.3,181.81,,,,
2024,Current,2025,December,Assam,Rural,Transport,Passenger transport services,Passenger transport by air,07.3.3,157.59,,,,
2024,Current,2025,December,Assam,Urban,Transport,Passenger transport services,Passenger transport by air,07.3.3,157.59,,,,
2024,Current,2025,December,Assam,Combined,Transport,Passenger transport services,Passenger transport by air,07.3.3,157.59,,,,
2024,Current,2025,December,Bihar,Rural,Transport,Passenger transport services,Passenger transport by air,07.3.3,99.58,,,,
2024,Current,2025,December,Bihar,Urban,Transport,Passenger transport services,Passenger transport by air,07.3.3,99.58,,,,
2024,Current,2025,December,Bihar,Combined,Transport,Passenger transport services,Passenger transport by air,07.3.3,99.58,,,,
2024,Current,2025,December,Chhattisgarh,Urban,Transport,Passenger transport services,Passenger transport by air,07.3.3,149.16,,,,
2024,Current,2025,December,Chhattisgarh,Combined,Transport,Passenger transport services,Passenger transport by air,07.3.3,149.16,,,,
2024,Current,2025,December,Goa,Rural,Transport,Passenger transport services,Passenger transport by air,07.3.3,114.48,,,,
2024,Current,2025,December,Goa,Urban,Transport,Passenger transport services,Passenger transport by air,07.3.3,114.48,,,,
2024,Current,2025,December,Goa,Combined,Transport,Passenger transport services,Passenger transport by air,07.3.3,114.48,,,,
2024,Current,2025,December,Gujarat,Rural,Transport,Passenger transport services,Passenger transport by air,07.3.3,115.25,,,,
2024,Current,2025,December,Gujarat,Urban,Transport,Passenger transport services,Passenger transport by air,07.3.3,115.25,,,,
2024,Current,2025,December,Gujarat,Combined,Transport,Passenger transport services,Passenger transport by air,07.3.3,115.25,,,,
2024,Current,2025,December,Haryana,Rural,Transport,Passenger transport services,Passenger transport by air,07.3.3,104.37,,,,
2024,Current,2025,December,Haryana,Urban,Transport,Passenger transport services,Passenger transport by air,07.3.3,104.37,,,,
2024,Current,2025,December,Haryana,Combined,Transport,Passenger transport services,Passenger transport by air,07.3.3,104.37,,,,
2024,Current,2025,December,Himachal Pradesh,Rural,Transport,Passenger transport services,Passenger transport by air,07.3.3,101.15,,,,
2024,Current,2025,December,Himachal Pradesh,Urban,Transport,Passenger transport services,Passenger transport by air,07.3.3,101.15,,,,
2024,Current,2025,December,Himachal Pradesh,Combined,Transport,Passenger transport services,Passenger transport by air,07.3.3,101.15,,,,
2024,Current,2025,December,Jammu And Kashmir,Urban,Transport,Passenger transport services,Passenger transport by air,07.3.3,100.23,,,,
2024,Current,2025,December,Jammu And Kashmir,Combined,Transport,Passenger transport services,Passenger transport by air,07.3.3,100.23,,,,
2024,Current,2025,December,Jharkhand,Urban,Transport,Passenger transport services,Passenger transport by air,07.3.3,90.52,,,,
2024,Current,2025,December,Jharkhand,Combined,Transport,Passenger transport services,Passenger transport by air,07.3.3,90.52,,,,
2024,Current,2025,December,Karnataka,Rural,Transport,Passenger transport services,Passenger transport by air,07.3.3,140.42,,,,
2024,Current,2025,December,Karnataka,Urban,Transport,Passenger transport services,Passenger transport by air,07.3.3,140.42,,,,
2024,Current,2025,December,Karnataka,Combined,Transport,Passenger transport services,Passenger transport by air,07.3.3,140.42,,,,
2024,Current,2025,December,Kerala,Rural,Transport,Passenger transport services,Passenger transport by air,07.3.3,128.22,,,,
2024,Current,2025,December,Kerala,Urban,Transport,Passenger transport services,Passenger transport by air,07.3.3,128.22,,,,
2024,Current,2025,December,Kerala,Combined,Transport,Passenger transport services,Passenger transport by air,07.3.3,128.22,,,,
2024,Current,2025,December,Ladakh,Urban,Transport,Passenger transport services,Passenger transport by air,07.3.3,89.15,,,,
2024,Current,2025,December,Ladakh,Combined,Transport,Passenger transport services,Passenger transport by air,07.3.3,89.15,,,,
2024,Current,2025,December,Lakshadweep,Rural,Transport,Passenger transport services,Passenger transport by air,07.3.3,120.86,,,,
2024,Current,2025,December,Lakshadweep,Urban,Transport,Passenger transport services,Passenger transport by air,07.3.3,120.86,,,,
2024,Current,2025,December,Lakshadweep,Combined,Transport,Passenger transport services,Passenger transport by air,07.3.3,120.86,,,,
2024,Current,2025,December,Madhya Pradesh,Rural,Transport,Passenger transport services,Passenger transport by air,07.3.3,90.45,,,,
2024,Current,2025,December,Madhya Pradesh,Urban,Transport,Passenger transport services,Passenger transport by air,07.3.3,90.45,,,,
2024,Current,2025,December,Madhya Pradesh,Combined,Transport,Passenger transport services,Passenger transport by air,07.3.3,90.45,,,,
2024,Current,2025,December,Maharashtra,Rural,Transport,Passenger transport services,Passenger transport by air,07.3.3,131.96,,,,
2024,Current,2025,December,Maharashtra,Urban,Transport,Passenger transport services,Passenger transport by air,07.3.3,131.96,,,,
2024,Current,2025,December,Maharashtra,Combined,Transport,Passenger transport services,Passenger transport by air,07.3.3,131.96,,,,
2024,Current,2025,December,Manipur,Rural,Transport,Passenger transport services,Passenger transport by air,07.3.3,127.64,,,,
2024,Current,2025,December,Manipur,Urban,Transport,Passenger transport services,Passenger transport by air,07.3.3,127.64,,,,
2024,Current,2025,December,Manipur,Combined,Transport,Passenger transport services,Passenger transport by air,07.3.3,127.64,,,,
2024,Current,2025,December,Meghalaya,Urban,Transport,Passenger transport services,Passenger transport by air,07.3.3,240.43,,,,
2024,Current,2025,December,Meghalaya,Combined,Transport,Passenger transport services,Passenger transport by air,07.3.3,240.43,,,,
2024,Current,2025,December,Mizoram,Rural,Transport,Passenger transport services,Passenger transport by air,07.3.3,117.98,,,,
2024,Current,2025,December,Mizoram,Urban,Transport,Passenger transport services,Passenger transport by air,07.3.3,117.98,,,,
2024,Current,2025,December,Mizoram,Combined,Transport,Passenger transport services,Passenger transport by air,07.3.3,117.98,,,,
2024,Current,2025,December,Nagaland,Rural,Transport,Passenger transport services,Passenger transport by air,07.3.3,91.25,,,,
2024,Current,2025,December,Nagaland,Urban,Transport,Passenger transport services,Passenger transport by air,07.3.3,91.25,,,,
2024,Current,2025,December,Nagaland,Combined,Transport,Passenger transport services,Passenger transport by air,07.3.3,91.25,,,,
2024,Current,2025,December,NCT of Delhi,Urban,Transport,Passenger transport services,Passenger transport by air,07.3.3,104.37,,,,
2024,Current,2025,December,NCT of Delhi,Combined,Transport,Passenger transport services,Passenger transport by air,07.3.3,104.37,,,,
2024,Current,2025,December,Odisha,Urban,Transport,Passenger transport services,Passenger transport by air,07.3.3,174.85,,,,
2024,Current,2025,December,Odisha,Combined,Transport,Passenger transport services,Passenger transport by air,07.3.3,174.85,,,,
2024,Current,2025,December,Punjab,Rural,Transport,Passenger transport services,Passenger transport by air,07.3.3,303.92,,,,
2024,Current,2025,December,Punjab,Urban,Transport,Passenger transport services,Passenger transport by air,07.3.3,303.92,,,,
2024,Current,2025,December,Punjab,Combined,Transport,Passenger transport services,Passenger transport by air,07.3.3,303.92,,,,
2024,Current,2025,December,Rajasthan,Rural,Transport,Passenger transport services,Passenger transport by air,07.3.3,111.38,,,,
2024,Current,2025,December,Rajasthan,Urban,Transport,Passenger transport services,Passenger transport by air,07.3.3,111.38,,,,
2024,Current,2025,December,Rajasthan,Combined,Transport,Passenger transport services,Passenger transport by air,07.3.3,111.38,,,,
2024,Current,2025,December,Sikkim,Rural,Transport,Passenger transport services,Passenger transport by air,07.3.3,100.00,,,,
2024,Current,2025,December,Sikkim,Urban,Transport,Passenger transport services,Passenger transport by air,07.3.3,100.00,,,,
2024,Current,2025,December,Sikkim,Combined,Transport,Passenger transport services,Passenger transport by air,07.3.3,100.00,,,,
2024,Current,2025,December,Tamil Nadu,Rural,Transport,Passenger transport services,Passenger transport by air,07.3.3,101.01,,,,
2024,Current,2025,December,Tamil Nadu,Urban,Transport,Passenger transport services,Passenger transport by air,07.3.3,101.01,,,,
2024,Current,2025,December,Tamil Nadu,Combined,Transport,Passenger transport services,Passenger transport by air,07.3.3,101.01,,,,
2024,Current,2025,December,Telangana,Rural,Transport,Passenger transport services,Passenger transport by air,07.3.3,116.49,,,,
2024,Current,2025,December,Telangana,Urban,Transport,Passenger transport services,Passenger transport by air,07.3.3,116.49,,,,
2024,Current,2025,December,Telangana,Combined,Transport,Passenger transport services,Passenger transport by air,07.3.3,116.49,,,,
2024,Current,2025,December,Tripura,Rural,Transport,Passenger transport services,Passenger transport by air,07.3.3,110.07,,,,
2024,Current,2025,December,Tripura,Urban,Transport,Passenger transport services,Passenger transport by air,07.3.3,110.07,,,,
2024,Current,2025,December,Tripura,Combined,Transport,Passenger transport services,Passenger transport by air,07.3.3,110.07,,,,
2024,Current,2025,December,Uttar Pradesh,Rural,Transport,Passenger transport services,Passenger transport by air,07.3.3,108.36,,,,
2024,Current,2025,December,Uttar Pradesh,Urban,Transport,Passenger transport services,Passenger transport by air,07.3.3,108.36,,,,
2024,Current,2025,December,Uttar Pradesh,Combined,Transport,Passenger transport services,Passenger transport by air,07.3.3,108.36,,,,
2024,Current,2025,December,Uttarakhand,Urban,Transport,Passenger transport services,Passenger transport by air,07.3.3,103.08,,,,
2024,Current,2025,December,Uttarakhand,Combined,Transport,Passenger transport services,Passenger transport by air,07.3.3,103.08,,,,
2024,Current,2025,December,West Bengal,Rural,Transport,Passenger transport services,Passenger transport by air,07.3.3,106.43,,,,
2024,Current,2025,December,West Bengal,Urban,Transport,Passenger transport services,Passenger transport by air,07.3.3,106.43,,,,
2024,Current,2025,December,West Bengal,Combined,Transport,Passenger transport services,Passenger transport by air,07.3.3,106.43,,,,
2024,Current,2025,November,All India,Rural,Transport,Passenger transport services,Passenger transport by air,07.3.3,136.83,,,,
2024,Current,2025,November,All India,Urban,Transport,Passenger transport services,Passenger transport by air,07.3.3,111.39,,,,
2024,Current,2025,November,All India,Combined,Transport,Passenger transport services,Passenger transport by air,07.3.3,121.45,,,,
2024,Current,2025,November,Andaman And Nicobar Islands,Rural,Transport,Passenger transport services,Passenger transport by air,07.3.3,73.00,,,,
2024,Current,2025,November,Andaman And Nicobar Islands,Urban,Transport,Passenger transport services,Passenger transport by air,07.3.3,73.00,,,,
2024,Current,2025,November,Andaman And Nicobar Islands,Combined,Transport,Passenger transport services,Passenger transport by air,07.3.3,73.00,,,,
2024,Current,2025,November,Andhra Pradesh,Rural,Transport,Passenger transport services,Passenger transport by air,07.3.3,54.54,,,,
2024,Current,2025,November,Andhra Pradesh,Urban,Transport,Passenger transport services,Passenger transport by air,07.3.3,54.54,,,,
2024,Current,2025,November,Andhra Pradesh,Combined,Transport,Passenger transport services,Passenger transport by air,07.3.3,54.54,,,,
2024,Current,2025,November,Arunachal Pradesh,Rural,Transport,Passenger transport services,Passenger transport by air,07.3.3,136.88,,,,
2024,Current,2025,November,Arunachal Pradesh,Urban,Transport,Passenger transport services,Passenger transport by air,07.3.3,136.88,,,,
2024,Current,2025,November,Arunachal Pradesh,Combined,Transport,Passenger transport services,Passenger transport by air,07.3.3,136.88,,,,
2024,Current,2025,November,Assam,Rural,Transport,Passenger transport services,Passenger transport by air,07.3.3,148.14,,,,
2024,Current,2025,November,Assam,Urban,Transport,Passenger transport services,Passenger transport by air,07.3.3,148.14,,,,
2024,Current,2025,November,Assam,Combined,Transport,Passenger transport services,Passenger transport by air,07.3.3,148.14,,,,
2024,Current,2025,November,Bihar,Rural,Transport,Passenger transport services,Passenger transport by air,07.3.3,89.90,,,,
2024,Current,2025,November,Bihar,Urban,Transport,Passenger transport services,Passenger transport by air,07.3.3,89.90,,,,
2024,Current,2025,November,Bihar,Combined,Transport,Passenger transport services,Passenger transport by air,07.3.3,89.90,,,,
2024,Current,2025,November,Chhattisgarh,Urban,Transport,Passenger transport services,Passenger transport by air,07.3.3,129.98,,,,
2024,Current,2025,November,Chhattisgarh,Combined,Transport,Passenger transport services,Passenger transport by air,07.3.3,129.98,,,,
2024,Current,2025,November,Goa,Rural,Transport,Passenger transport services,Passenger transport by air,07.3.3,125.30,,,,
2024,Current,2025,November,Goa,Urban,Transport,Passenger transport services,Passenger transport by air,07.3.3,125.30,,,,
2024,Current,2025,November,Goa,Combined,Transport,Passenger transport services,Passenger transport by air,07.3.3,125.30,,,,
2024,Current,2025,November,Gujarat,Rural,Transport,Passenger transport services,Passenger transport by air,07.3.3,123.43,,,,
2024,Current,2025,November,Gujarat,Urban,Transport,Passenger transport services,Passenger transport by air,07.3.3,123.43,,,,
2024,Current,2025,November,Gujarat,Combined,Transport,Passenger transport services,Passenger transport by air,07.3.3,123.43,,,,
2024,Current,2025,November,Haryana,Rural,Transport,Passenger transport services,Passenger transport by air,07.3.3,89.98,,,,
2024,Current,2025,November,Haryana,Urban,Transport,Passenger transport services,Passenger transport by air,07.3.3,89.98,,,,
2024,Current,2025,November,Haryana,Combined,Transport,Passenger transport services,Passenger transport by air,07.3.3,89.98,,,,
2024,Current,2025,November,Himachal Pradesh,Rural,Transport,Passenger transport services,Passenger transport by air,07.3.3,70.08,,,,
2024,Current,2025,November,Himachal Pradesh,Urban,Transport,Passenger transport services,Passenger transport by air,07.3.3,70.08,,,,
2024,Current,2025,November,Himachal Pradesh,Combined,Transport,Passenger transport services,Passenger transport by air,07.3.3,70.08,,,,
2024,Current,2025,November,Jammu And Kashmir,Urban,Transport,Passenger transport services,Passenger transport by air,07.3.3,105.19,,,,
2024,Current,2025,November,Jammu And Kashmir,Combined,Transport,Passenger transport services,Passenger transport by air,07.3.3,105.19,,,,
2024,Current,2025,November,Jharkhand,Urban,Transport,Passenger transport services,Passenger transport by air,07.3.3,101.89,,,,
2024,Current,2025,November,Jharkhand,Combined,Transport,Passenger transport services,Passenger transport by air,07.3.3,101.89,,,,
2024,Current,2025,November,Karnataka,Rural,Transport,Passenger transport services,Passenger transport by air,07.3.3,121.43,,,,
2024,Current,2025,November,Karnataka,Urban,Transport,Passenger transport services,Passenger transport by air,07.3.3,121.43,,,,
2024,Current,2025,November,Karnataka,Combined,Transport,Passenger transport services,Passenger transport by air,07.3.3,121.43,,,,
2024,Current,2025,November,Kerala,Rural,Transport,Passenger transport services,Passenger transport by air,07.3.3,107.26,,,,
2024,Current,2025,November,Kerala,Urban,Transport,Passenger transport services,Passenger transport by air,07.3.3,107.26,,,,
2024,Current,2025,November,Kerala,Combined,Transport,Passenger transport services,Passenger transport by air,07.3.3,107.26,,,,
2024,Current,2025,November,Ladakh,Urban,Transport,Passenger transport services,Passenger transport by air,07.3.3,73.53,,,,
2024,Current,2025,November,Ladakh,Combined,Transport,Passenger transport services,Passenger transport by air,07.3.3,73.53,,,,
2024,Current,2025,November,Lakshadweep,Rural,Transport,Passenger transport services,Passenger transport by air,07.3.3,124.99,,,,
2024,Current,2025,November,Lakshadweep,Urban,Transport,Passenger transport services,Passenger transport by air,07.3.3,124.99,,,,
2024,Current,2025,November,Lakshadweep,Combined,Transport,Passenger transport services,Passenger transport by air,07.3.3,124.99,,,,
2024,Current,2025,November,Madhya Pradesh,Rural,Transport,Passenger transport services,Passenger transport by air,07.3.3,89.84,,,,
2024,Current,2025,November,Madhya Pradesh,Urban,Transport,Passenger transport services,Passenger transport by air,07.3.3,89.84,,,,
2024,Current,2025,November,Madhya Pradesh,Combined,Transport,Passenger transport services,Passenger transport by air,07.3.3,89.84,,,,
2024,Current,2025,November,Maharashtra,Rural,Transport,Passenger transport services,Passenger transport by air,07.3.3,121.53,,,,
2024,Current,2025,November,Maharashtra,Urban,Transport,Passenger transport services,Passenger transport by air,07.3.3,121.53,,,,
2024,Current,2025,November,Maharashtra,Combined,Transport,Passenger transport services,Passenger transport by air,07.3.3,121.53,,,,
2024,Current,2025,November,Manipur,Rural,Transport,Passenger transport services,Passenger transport by air,07.3.3,116.37,,,,
2024,Current,2025,November,Manipur,Urban,Transport,Passenger transport services,Passenger transport by air,07.3.3,116.37,,,,
2024,Current,2025,November,Manipur,Combined,Transport,Passenger transport services,Passenger transport by air,07.3.3,116.37,,,,
2024,Current,2025,November,Meghalaya,Urban,Transport,Passenger transport services,Passenger transport by air,07.3.3,159.59,,,,
2024,Current,2025,November,Meghalaya,Combined,Transport,Passenger transport services,Passenger transport by air,07.3.3,159.59,,,,
2024,Current,2025,November,Mizoram,Rural,Transport,Passenger transport services,Passenger transport by air,07.3.3,153.05,,,,
2024,Current,2025,November,Mizoram,Urban,Transport,Passenger transport services,Passenger transport by air,07.3.3,153.05,,,,
2024,Current,2025,November,Mizoram,Combined,Transport,Passenger transport services,Passenger transport by air,07.3.3,153.05,,,,
2024,Current,2025,November,Nagaland,Rural,Transport,Passenger transport services,Passenger transport by air,07.3.3,91.25,,,,
2024,Current,2025,November,Nagaland,Urban,Transport,Passenger transport services,Passenger transport by air,07.3.3,91.25,,,,
2024,Current,2025,November,Nagaland,Combined,Transport,Passenger transport services,Passenger transport by air,07.3.3,91.25,,,,
2024,Current,2025,November,NCT of Delhi,Urban,Transport,Passenger transport services,Passenger transport by air,07.3.3,89.98,,,,
2024,Current,2025,November,NCT of Delhi,Combined,Transport,Passenger transport services,Passenger transport by air,07.3.3,89.98,,,,
2024,Current,2025,November,Odisha,Urban,Transport,Passenger transport services,Passenger transport by air,07.3.3,105.67,,,,
2024,Current,2025,November,Odisha,Combined,Transport,Passenger transport services,Passenger transport by air,07.3.3,105.67,,,,
2024,Current,2025,November,Punjab,Rural,Transport,Passenger transport services,Passenger transport by air,07.3.3,518.87,,,,
2024,Current,2025,November,Punjab,Urban,Transport,Passenger transport services,Passenger transport by air,07.3.3,518.87,,,,
2024,Current,2025,November,Punjab,Combined,Transport,Passenger transport services,Passenger transport by air,07.3.3,518.87,,,,
2024,Current,2025,November,Rajasthan,Rural,Transport,Passenger transport services,Passenger transport by air,07.3.3,107.19,,,,
2024,Current,2025,November,Rajasthan,Urban,Transport,Passenger transport services,Passenger transport by air,07.3.3,107.19,,,,
2024,Current,2025,November,Rajasthan,Combined,Transport,Passenger transport services,Passenger transport by air,07.3.3,107.19,,,,
2024,Current,2025,November,Sikkim,Rural,Transport,Passenger transport services,Passenger transport by air,07.3.3,100.00,,,,
2024,Current,2025,November,Sikkim,Urban,Transport,Passenger transport services,Passenger transport by air,07.3.3,100.00,,,,
2024,Current,2025,November,Sikkim,Combined,Transport,Passenger transport services,Passenger transport by air,07.3.3,100.00,,,,
2024,Current,2025,November,Tamil Nadu,Rural,Transport,Passenger transport services,Passenger transport by air,07.3.3,100.54,,,,
2024,Current,2025,November,Tamil Nadu,Urban,Transport,Passenger transport services,Passenger transport by air,07.3.3,100.54,,,,
2024,Current,2025,November,Tamil Nadu,Combined,Transport,Passenger transport services,Passenger transport by air,07.3.3,100.54,,,,
2024,Current,2025,November,Telangana,Rural,Transport,Passenger transport services,Passenger transport by air,07.3.3,107.63,,,,
2024,Current,2025,November,Telangana,Urban,Transport,Passenger transport services,Passenger transport by air,07.3.3,107.63,,,,
2024,Current,2025,November,Telangana,Combined,Transport,Passenger transport services,Passenger transport by air,07.3.3,107.63,,,,
2024,Current,2025,November,Tripura,Rural,Transport,Passenger transport services,Passenger transport by air,07.3.3,88.94,,,,
2024,Current,2025,November,Tripura,Urban,Transport,Passenger transport services,Passenger transport by air,07.3.3,88.94,,,,
2024,Current,2025,November,Tripura,Combined,Transport,Passenger transport services,Passenger transport by air,07.3.3,88.94,,,,
2024,Current,2025,November,Uttar Pradesh,Rural,Transport,Passenger transport services,Passenger transport by air,07.3.3,103.72,,,,
2024,Current,2025,November,Uttar Pradesh,Urban,Transport,Passenger transport services,Passenger transport by air,07.3.3,103.72,,,,
2024,Current,2025,November,Uttar Pradesh,Combined,Transport,Passenger transport services,Passenger transport by air,07.3.3,103.72,,,,
2024,Current,2025,November,Uttarakhand,Urban,Transport,Passenger transport services,Passenger transport by air,07.3.3,131.04,,,,
2024,Current,2025,November,Uttarakhand,Combined,Transport,Passenger transport services,Passenger transport by air,07.3.3,131.04,,,,
2024,Current,2025,November,West Bengal,Rural,Transport,Passenger transport services,Passenger transport by air,07.3.3,102.72,,,,
2024,Current,2025,November,West Bengal,Urban,Transport,Passenger transport services,Passenger transport by air,07.3.3,102.72,,,,
2024,Current,2025,November,West Bengal,Combined,Transport,Passenger transport services,Passenger transport by air,07.3.3,102.72,,,,
2024,Current,2025,October,All India,Rural,Transport,Passenger transport services,Passenger transport by air,07.3.3,104.47,,,,
2024,Current,2025,October,All India,Urban,Transport,Passenger transport services,Passenger transport by air,07.3.3,110.62,,,,
2024,Current,2025,October,All India,Combined,Transport,Passenger transport services,Passenger transport by air,07.3.3,108.19,,,,
2024,Current,2025,October,Andaman And Nicobar Islands,Rural,Transport,Passenger transport services,Passenger transport by air,07.3.3,90.12,,,,
2024,Current,2025,October,Andaman And Nicobar Islands,Urban,Transport,Passenger transport services,Passenger transport by air,07.3.3,90.12,,,,
2024,Current,2025,October,Andaman And Nicobar Islands,Combined,Transport,Passenger transport services,Passenger transport by air,07.3.3,90.12,,,,
2024,Current,2025,October,Andhra Pradesh,Rural,Transport,Passenger transport services,Passenger transport by air,07.3.3,88.32,,,,
2024,Current,2025,October,Andhra Pradesh,Urban,Transport,Passenger transport services,Passenger transport by air,07.3.3,88.32,,,,
2024,Current,2025,October,Andhra Pradesh,Combined,Transport,Passenger transport services,Passenger transport by air,07.3.3,88.32,,,,
2024,Current,2025,October,Arunachal Pradesh,Rural,Transport,Passenger transport services,Passenger transport by air,07.3.3,118.87,,,,
2024,Current,2025,October,Arunachal Pradesh,Urban,Transport,Passenger transport services,Passenger transport by air,07.3.3,118.87,,,,
2024,Current,2025,October,Arunachal Pradesh,Combined,Transport,Passenger transport services,Passenger transport by air,07.3.3,118.87,,,,
2024,Current,2025,October,Assam,Rural,Transport,Passenger transport services,Passenger transport by air,07.3.3,177.19,,,,
2024,Current,2025,October,Assam,Urban,Transport,Passenger transport services,Passenger transport by air,07.3.3,177.19,,,,
2024,Current,2025,October,Assam,Combined,Transport,Passenger transport services,Passenger transport by air,07.3.3,177.19,,,,
2024,Current,2025,October,Bihar,Rural,Transport,Passenger transport services,Passenger transport by air,07.3.3,87.67,,,,
2024,Current,2025,October,Bihar,Urban,Transport,Passenger transport services,Passenger transport by air,07.3.3,87.67,,,,
2024,Current,2025,October,Bihar,Combined,Transport,Passenger transport services,Passenger transport by air,07.3.3,87.67,,,,
2024,Current,2025,October,Chhattisgarh,Urban,Transport,Passenger transport services,Passenger transport by air,07.3.3,162.01,,,,
2024,Current,2025,October,Chhattisgarh,Combined,Transport,Passenger transport services,Passenger transport by air,07.3.3,162.01,,,,
2024,Current,2025,October,Goa,Rural,Transport,Passenger transport services,Passenger transport by air,07.3.3,176.25,,,,
2024,Current,2025,October,Goa,Urban,Transport,Passenger transport services,Passenger transport by air,07.3.3,176.25,,,,
2024,Current,2025,October,Goa,Combined,Transport,Passenger transport services,Passenger transport by air,07.3.3,176.25,,,,
2024,Current,2025,October,Gujarat,Rural,Transport,Passenger transport services,Passenger transport by air,07.3.3,122.38,,,,
2024,Current,2025,October,Gujarat,Urban,Transport,Passenger transport services,Passenger transport by air,07.3.3,122.38,,,,
2024,Current,2025,October,Gujarat,Combined,Transport,Passenger transport services,Passenger transport by air,07.3.3,122.38,,,,
2024,Current,2025,October,Haryana,Rural,Transport,Passenger transport services,Passenger transport by air,07.3.3,87.11,,,,
2024,Current,2025,October,Haryana,Urban,Transport,Passenger transport services,Passenger transport by air,07.3.3,87.11,,,,
2024,Current,2025,October,Haryana,Combined,Transport,Passenger transport services,Passenger transport by air,07.3.3,87.11,,,,
2024,Current,2025,October,Himachal Pradesh,Rural,Transport,Passenger transport services,Passenger transport by air,07.3.3,70.08,,,,
2024,Current,2025,October,Himachal Pradesh,Urban,Transport,Passenger transport services,Passenger transport by air,07.3.3,70.08,,,,
2024,Current,2025,October,Himachal Pradesh,Combined,Transport,Passenger transport services,Passenger transport by air,07.3.3,70.08,,,,
2024,Current,2025,October,Jammu And Kashmir,Urban,Transport,Passenger transport services,Passenger transport by air,07.3.3,128.62,,,,
2024,Current,2025,October,Jammu And Kashmir,Combined,Transport,Passenger transport services,Passenger transport by air,07.3.3,128.62,,,,
2024,Current,2025,October,Jharkhand,Urban,Transport,Passenger transport services,Passenger transport by air,07.3.3,101.89,,,,
2024,Current,2025,October,Jharkhand,Combined,Transport,Passenger transport services,Passenger transport by air,07.3.3,101.89,,,,
2024,Current,2025,October,Karnataka,Rural,Transport,Passenger transport services,Passenger transport by air,07.3.3,119.40,,,,
2024,Current,2025,October,Karnataka,Urban,Transport,Passenger transport services,Passenger transport by air,07.3.3,119.40,,,,
2024,Current,2025,October,Karnataka,Combined,Transport,Passenger transport services,Passenger transport by air,07.3.3,119.40,,,,
2024,Current,2025,October,Kerala,Rural,Transport,Passenger transport services,Passenger transport by air,07.3.3,100.25,,,,
2024,Current,2025,October,Kerala,Urban,Transport,Passenger transport services,Passenger transport by air,07.3.3,100.25,,,,
2024,Current,2025,October,Kerala,Combined,Transport,Passenger transport services,Passenger transport by air,07.3.3,100.25,,,,
2024,Current,2025,October,Ladakh,Urban,Transport,Passenger transport services,Passenger transport by air,07.3.3,121.06,,,,
2024,Current,2025,October,Ladakh,Combined,Transport,Passenger transport services,Passenger transport by air,07.3.3,121.06,,,,
2024,Current,2025,October,Lakshadweep,Rural,Transport,Passenger transport services,Passenger transport by air,07.3.3,122.11,,,,
2024,Current,2025,October,Lakshadweep,Urban,Transport,Passenger transport services,Passenger transport by air,07.3.3,122.11,,,,
2024,Current,2025,October,Lakshadweep,Combined,Transport,Passenger transport services,Passenger transport by air,07.3.3,122.11,,,,
2024,Current,2025,October,Madhya Pradesh,Rural,Transport,Passenger transport services,Passenger transport by air,07.3.3,92.58,,,,
2024,Current,2025,October,Madhya Pradesh,Urban,Transport,Passenger transport services,Passenger transport by air,07.3.3,92.58,,,,
2024,Current,2025,October,Madhya Pradesh,Combined,Transport,Passenger transport services,Passenger transport by air,07.3.3,92.58,,,,
2024,Current,2025,October,Maharashtra,Rural,Transport,Passenger transport services,Passenger transport by air,07.3.3,127.19,,,,
2024,Current,2025,October,Maharashtra,Urban,Transport,Passenger transport services,Passenger transport by air,07.3.3,127.19,,,,
2024,Current,2025,October,Maharashtra,Combined,Transport,Passenger transport services,Passenger transport by air,07.3.3,127.19,,,,
2024,Current,2025,October,Manipur,Rural,Transport,Passenger transport services,Passenger transport by air,07.3.3,127.85,,,,
2024,Current,2025,October,Manipur,Urban,Transport,Passenger transport services,Passenger transport by air,07.3.3,127.85,,,,
2024,Current,2025,October,Manipur,Combined,Transport,Passenger transport services,Passenger transport by air,07.3.3,127.85,,,,
2024,Current,2025,October,Meghalaya,Urban,Transport,Passenger transport services,Passenger transport by air,07.3.3,160.06,,,,
2024,Current,2025,October,Meghalaya,Combined,Transport,Passenger transport services,Passenger transport by air,07.3.3,160.06,,,,
2024,Current,2025,October,Mizoram,Rural,Transport,Passenger transport services,Passenger transport by air,07.3.3,149.92,,,,
2024,Current,2025,October,Mizoram,Urban,Transport,Passenger transport services,Passenger transport by air,07.3.3,149.92,,,,
2024,Current,2025,October,Mizoram,Combined,Transport,Passenger transport services,Passenger transport by air,07.3.3,149.92,,,,
2024,Current,2025,October,Nagaland,Rural,Transport,Passenger transport services,Passenger transport by air,07.3.3,80.85,,,,
2024,Current,2025,October,Nagaland,Urban,Transport,Passenger transport services,Passenger transport by air,07.3.3,80.85,,,,
2024,Current,2025,October,Nagaland,Combined,Transport,Passenger transport services,Passenger transport by air,07.3.3,80.85,,,,
2024,Current,2025,October,NCT of Delhi,Urban,Transport,Passenger transport services,Passenger transport by air,07.3.3,87.11,,,,
2024,Current,2025,October,NCT of Delhi,Combined,Transport,Passenger transport services,Passenger transport by air,07.3.3,87.11,,,,
2024,Current,2025,October,Odisha,Urban,Transport,Passenger transport services,Passenger transport by air,07.3.3,105.19,,,,
2024,Current,2025,October,Odisha,Combined,Transport,Passenger transport services,Passenger transport by air,07.3.3,105.19,,,,
2024,Current,2025,October,Punjab,Rural,Transport,Passenger transport services,Passenger transport by air,07.3.3,166.11,,,,
2024,Current,2025,October,Punjab,Urban,Transport,Passenger transport services,Passenger transport by air,07.3.3,166.11,,,,
2024,Current,2025,October,Punjab,Combined,Transport,Passenger transport services,Passenger transport by air,07.3.3,166.11,,,,
2024,Current,2025,October,Rajasthan,Rural,Transport,Passenger transport services,Passenger transport by air,07.3.3,89.93,,,,
2024,Current,2025,October,Rajasthan,Urban,Transport,Passenger transport services,Passenger transport by air,07.3.3,89.93,,,,
2024,Current,2025,October,Rajasthan,Combined,Transport,Passenger transport services,Passenger transport by air,07.3.3,89.93,,,,
2024,Current,2025,October,Sikkim,Rural,Transport,Passenger transport services,Passenger transport by air,07.3.3,100.00,,,,
2024,Current,2025,October,Sikkim,Urban,Transport,Passenger transport services,Passenger transport by air,07.3.3,100.00,,,,
2024,Current,2025,October,Sikkim,Combined,Transport,Passenger transport services,Passenger transport by air,07.3.3,100.00,,,,
2024,Current,2025,October,Tamil Nadu,Rural,Transport,Passenger transport services,Passenger transport by air,07.3.3,101.69,,,,
2024,Current,2025,October,Tamil Nadu,Urban,Transport,Passenger transport services,Passenger transport by air,07.3.3,101.69,,,,
2024,Current,2025,October,Tamil Nadu,Combined,Transport,Passenger transport services,Passenger transport by air,07.3.3,101.69,,,,
2024,Current,2025,October,Telangana,Rural,Transport,Passenger transport services,Passenger transport by air,07.3.3,104.06,,,,
2024,Current,2025,October,Telangana,Urban,Transport,Passenger transport services,Passenger transport by air,07.3.3,104.06,,,,
2024,Current,2025,October,Telangana,Combined,Transport,Passenger transport services,Passenger transport by air,07.3.3,104.06,,,,
2024,Current,2025,October,Tripura,Rural,Transport,Passenger transport services,Passenger transport by air,07.3.3,89.09,,,,
2024,Current,2025,October,Tripura,Urban,Transport,Passenger transport services,Passenger transport by air,07.3.3,89.09,,,,
2024,Current,2025,October,Tripura,Combined,Transport,Passenger transport services,Passenger transport by air,07.3.3,89.09,,,,
2024,Current,2025,October,Uttar Pradesh,Rural,Transport,Passenger transport services,Passenger transport by air,07.3.3,76.45,,,,
2024,Current,2025,October,Uttar Pradesh,Urban,Transport,Passenger transport services,Passenger transport by air,07.3.3,76.45,,,,
2024,Current,2025,October,Uttar Pradesh,Combined,Transport,Passenger transport services,Passenger transport by air,07.3.3,76.45,,,,
2024,Current,2025,October,Uttarakhand,Urban,Transport,Passenger transport services,Passenger transport by air,07.3.3,129.27,,,,
2024,Current,2025,October,Uttarakhand,Combined,Transport,Passenger transport services,Passenger transport by air,07.3.3,129.27,,,,
2024,Current,2025,October,West Bengal,Rural,Transport,Passenger transport services,Passenger transport by air,07.3.3,97.86,,,,
2024,Current,2025,October,West Bengal,Urban,Transport,Passenger transport services,Passenger transport by air,07.3.3,97.86,,,,
2024,Current,2025,October,West Bengal,Combined,Transport,Passenger transport services,Passenger transport by air,07.3.3,97.86,,,,
2024,Current,2025,September,All India,Rural,Transport,Passenger transport services,Passenger transport by air,07.3.3,109.43,,,,
2024,Current,2025,September,All India,Urban,Transport,Passenger transport services,Passenger transport by air,07.3.3,102.46,,,,
2024,Current,2025,September,All India,Combined,Transport,Passenger transport services,Passenger transport by air,07.3.3,105.22,,,,
2024,Current,2025,September,Andaman And Nicobar Islands,Rural,Transport,Passenger transport services,Passenger transport by air,07.3.3,83.68,,,,
2024,Current,2025,September,Andaman And Nicobar Islands,Urban,Transport,Passenger transport services,Passenger transport by air,07.3.3,83.68,,,,
2024,Current,2025,September,Andaman And Nicobar Islands,Combined,Transport,Passenger transport services,Passenger transport by air,07.3.3,83.68,,,,
2024,Current,2025,September,Andhra Pradesh,Rural,Transport,Passenger transport services,Passenger transport by air,07.3.3,83.38,,,,
2024,Current,2025,September,Andhra Pradesh,Urban,Transport,Passenger transport services,Passenger transport by air,07.3.3,83.38,,,,
2024,Current,2025,September,Andhra Pradesh,Combined,Transport,Passenger transport services,Passenger transport by air,07.3.3,83.38,,,,
2024,Current,2025,September,Arunachal Pradesh,Rural,Transport,Passenger transport services,Passenger transport by air,07.3.3,131.41,,,,
2024,Current,2025,September,Arunachal Pradesh,Urban,Transport,Passenger transport services,Passenger transport by air,07.3.3,131.41,,,,
2024,Current,2025,September,Arunachal Pradesh,Combined,Transport,Passenger transport services,Passenger transport by air,07.3.3,131.41,,,,
2024,Current,2025,September,Assam,Rural,Transport,Passenger transport services,Passenger transport by air,07.3.3,123.55,,,,
2024,Current,2025,September,Assam,Urban,Transport,Passenger transport services,Passenger transport by air,07.3.3,123.55,,,,
2024,Current,2025,September,Assam,Combined,Transport,Passenger transport services,Passenger transport by air,07.3.3,123.55,,,,
2024,Current,2025,September,Bihar,Rural,Transport,Passenger transport services,Passenger transport by air,07.3.3,90.84,,,,
2024,Current,2025,September,Bihar,Urban,Transport,Passenger transport services,Passenger transport by air,07.3.3,90.84,,,,
2024,Current,2025,September,Bihar,Combined,Transport,Passenger transport services,Passenger transport by air,07.3.3,90.84,,,,
2024,Current,2025,September,Chhattisgarh,Urban,Transport,Passenger transport services,Passenger transport by air,07.3.3,141.69,,,,
2024,Current,2025,September,Chhattisgarh,Combined,Transport,Passenger transport services,Passenger transport by air,07.3.3,141.69,,,,
2024,Current,2025,September,Goa,Rural,Transport,Passenger transport services,Passenger transport by air,07.3.3,110.88,,,,
2024,Current,2025,September,Goa,Urban,Transport,Passenger transport services,Passenger transport by air,07.3.3,110.88,,,,
2024,Current,2025,September,Goa,Combined,Transport,Passenger transport services,Passenger transport by air,07.3.3,110.88,,,,
2024,Current,2025,September,Gujarat,Rural,Transport,Passenger transport services,Passenger transport by air,07.3.3,98.95,,,,
2024,Current,2025,September,Gujarat,Urban,Transport,Passenger transport services,Passenger transport by air,07.3.3,98.95,,,,
2024,Current,2025,September,Gujarat,Combined,Transport,Passenger transport services,Passenger transport by air,07.3.3,98.95,,,,
2024,Current,2025,September,Haryana,Rural,Transport,Passenger transport services,Passenger transport by air,07.3.3,106.90,,,,
2024,Current,2025,September,Haryana,Urban,Transport,Passenger transport services,Passenger transport by air,07.3.3,106.90,,,,
2024,Current,2025,September,Haryana,Combined,Transport,Passenger transport services,Passenger transport by air,07.3.3,106.90,,,,
2024,Current,2025,September,Himachal Pradesh,Rural,Transport,Passenger transport services,Passenger transport by air,07.3.3,65.00,,,,
2024,Current,2025,September,Himachal Pradesh,Urban,Transport,Passenger transport services,Passenger transport by air,07.3.3,65.00,,,,
2024,Current,2025,September,Himachal Pradesh,Combined,Transport,Passenger transport services,Passenger transport by air,07.3.3,65.00,,,,
2024,Current,2025,September,Jammu And Kashmir,Urban,Transport,Passenger transport services,Passenger transport by air,07.3.3,114.40,,,,
2024,Current,2025,September,Jammu And Kashmir,Combined,Transport,Passenger transport services,Passenger transport by air,07.3.3,114.40,,,,
2024,Current,2025,September,Jharkhand,Urban,Transport,Passenger transport services,Passenger transport by air,07.3.3,89.60,,,,
2024,Current,2025,September,Jharkhand,Combined,Transport,Passenger transport services,Passenger transport by air,07.3.3,89.60,,,,
2024,Current,2025,September,Karnataka,Rural,Transport,Passenger transport services,Passenger transport by air,07.3.3,109.57,,,,
2024,Current,2025,September,Karnataka,Urban,Transport,Passenger transport services,Passenger transport by air,07.3.3,109.57,,,,
2024,Current,2025,September,Karnataka,Combined,Transport,Passenger transport services,Passenger transport by air,07.3.3,109.57,,,,
2024,Current,2025,September,Kerala,Rural,Transport,Passenger transport services,Passenger transport by air,07.3.3,108.47,,,,
2024,Current,2025,September,Kerala,Urban,Transport,Passenger transport services,Passenger transport by air,07.3.3,108.47,,,,
2024,Current,2025,September,Kerala,Combined,Transport,Passenger transport services,Passenger transport by air,07.3.3,108.47,,,,
2024,Current,2025,September,Ladakh,Urban,Transport,Passenger transport services,Passenger transport by air,07.3.3,162.48,,,,
2024,Current,2025,September,Ladakh,Combined,Transport,Passenger transport services,Passenger transport by air,07.3.3,162.48,,,,
2024,Current,2025,September,Lakshadweep,Rural,Transport,Passenger transport services,Passenger transport by air,07.3.3,122.11,,,,
2024,Current,2025,September,Lakshadweep,Urban,Transport,Passenger transport services,Passenger transport by air,07.3.3,122.11,,,,
2024,Current,2025,September,Lakshadweep,Combined,Transport,Passenger transport services,Passenger transport by air,07.3.3,122.11,,,,
2024,Current,2025,September,Madhya Pradesh,Rural,Transport,Passenger transport services,Passenger transport by air,07.3.3,88.01,,,,
2024,Current,2025,September,Madhya Pradesh,Urban,Transport,Passenger transport services,Passenger transport by air,07.3.3,88.01,,,,
2024,Current,2025,September,Madhya Pradesh,Combined,Transport,Passenger transport services,Passenger transport by air,07.3.3,88.01,,,,
2024,Current,2025,September,Maharashtra,Rural,Transport,Passenger transport services,Passenger transport by air,07.3.3,108.96,,,,
2024,Current,2025,September,Maharashtra,Urban,Transport,Passenger transport services,Passenger transport by air,07.3.3,108.96,,,,
2024,Current,2025,September,Maharashtra,Combined,Transport,Passenger transport services,Passenger transport by air,07.3.3,108.96,,,,
2024,Current,2025,September,Manipur,Rural,Transport,Passenger transport services,Passenger transport by air,07.3.3,105.57,,,,
2024,Current,2025,September,Manipur,Urban,Transport,Passenger transport services,Passenger transport by air,07.3.3,105.57,,,,
2024,Current,2025,September,Manipur,Combined,Transport,Passenger transport services,Passenger transport by air,07.3.3,105.57,,,,
2024,Current,2025,September,Meghalaya,Urban,Transport,Passenger transport services,Passenger transport by air,07.3.3,157.94,,,,
2024,Current,2025,September,Meghalaya,Combined,Transport,Passenger transport services,Passenger transport by air,07.3.3,157.94,,,,
2024,Current,2025,September,Mizoram,Rural,Transport,Passenger transport services,Passenger transport by air,07.3.3,148.08,,,,
2024,Current,2025,September,Mizoram,Urban,Transport,Passenger transport services,Passenger transport by air,07.3.3,148.08,,,,
2024,Current,2025,September,Mizoram,Combined,Transport,Passenger transport services,Passenger transport by air,07.3.3,148.08,,,,
2024,Current,2025,September,Nagaland,Rural,Transport,Passenger transport services,Passenger transport by air,07.3.3,70.50,,,,
2024,Current,2025,September,Nagaland,Urban,Transport,Passenger transport services,Passenger transport by air,07.3.3,70.50,,,,
2024,Current,2025,September,Nagaland,Combined,Transport,Passenger transport services,Passenger transport by air,07.3.3,70.50,,,,
2024,Current,2025,September,NCT of Delhi,Urban,Transport,Passenger transport services,Passenger transport by air,07.3.3,106.90,,,,
2024,Current,2025,September,NCT of Delhi,Combined,Transport,Passenger transport services,Passenger transport by air,07.3.3,106.90,,,,
2024,Current,2025,September,Odisha,Urban,Transport,Passenger transport services,Passenger transport by air,07.3.3,110.11,,,,
2024,Current,2025,September,Odisha,Combined,Transport,Passenger transport services,Passenger transport by air,07.3.3,110.11,,,,
2024,Current,2025,September,Punjab,Rural,Transport,Passenger transport services,Passenger transport by air,07.3.3,175.07,,,,
2024,Current,2025,September,Punjab,Urban,Transport,Passenger transport services,Passenger transport by air,07.3.3,175.07,,,,
2024,Current,2025,September,Punjab,Combined,Transport,Passenger transport services,Passenger transport by air,07.3.3,175.07,,,,
2024,Current,2025,September,Rajasthan,Rural,Transport,Passenger transport services,Passenger transport by air,07.3.3,138.21,,,,
2024,Current,2025,September,Rajasthan,Urban,Transport,Passenger transport services,Passenger transport by air,07.3.3,138.21,,,,
2024,Current,2025,September,Rajasthan,Combined,Transport,Passenger transport services,Passenger transport by air,07.3.3,138.21,,,,
2024,Current,2025,September,Sikkim,Rural,Transport,Passenger transport services,Passenger transport by air,07.3.3,100.00,,,,
2024,Current,2025,September,Sikkim,Urban,Transport,Passenger transport services,Passenger transport by air,07.3.3,100.00,,,,
2024,Current,2025,September,Sikkim,Combined,Transport,Passenger transport services,Passenger transport by air,07.3.3,100.00,,,,
2024,Current,2025,September,Tamil Nadu,Rural,Transport,Passenger transport services,Passenger transport by air,07.3.3,108.09,,,,
2024,Current,2025,September,Tamil Nadu,Urban,Transport,Passenger transport services,Passenger transport by air,07.3.3,108.09,,,,
2024,Current,2025,September,Tamil Nadu,Combined,Transport,Passenger transport services,Passenger transport by air,07.3.3,108.09,,,,
2024,Current,2025,September,Telangana,Rural,Transport,Passenger transport services,Passenger transport by air,07.3.3,99.08,,,,
2024,Current,2025,September,Telangana,Urban,Transport,Passenger transport services,Passenger transport by air,07.3.3,99.08,,,,
2024,Current,2025,September,Telangana,Combined,Transport,Passenger transport services,Passenger transport by air,07.3.3,99.08,,,,
2024,Current,2025,September,Tripura,Rural,Transport,Passenger transport services,Passenger transport by air,07.3.3,78.42,,,,
2024,Current,2025,September,Tripura,Urban,Transport,Passenger transport services,Passenger transport by air,07.3.3,78.42,,,,
2024,Current,2025,September,Tripura,Combined,Transport,Passenger transport services,Passenger transport by air,07.3.3,78.42,,,,
2024,Current,2025,September,Uttar Pradesh,Rural,Transport,Passenger transport services,Passenger transport by air,07.3.3,82.43,,,,
2024,Current,2025,September,Uttar Pradesh,Urban,Transport,Passenger transport services,Passenger transport by air,07.3.3,82.43,,,,
2024,Current,2025,September,Uttar Pradesh,Combined,Transport,Passenger transport services,Passenger transport by air,07.3.3,82.43,,,,
2024,Current,2025,September,Uttarakhand,Urban,Transport,Passenger transport services,Passenger transport by air,07.3.3,97.02,,,,
2024,Current,2025,September,Uttarakhand,Combined,Transport,Passenger transport services,Passenger transport by air,07.3.3,97.02,,,,
2024,Current,2025,September,West Bengal,Rural,Transport,Passenger transport services,Passenger transport by air,07.3.3,86.70,,,,
2024,Current,2025,September,West Bengal,Urban,Transport,Passenger transport services,Passenger transport by air,07.3.3,86.70,,,,
2024,Current,2025,September,West Bengal,Combined,Transport,Passenger transport services,Passenger transport by air,07.3.3,86.70,,,,
2024,Current,2025,August,All India,Rural,Transport,Passenger transport services,Passenger transport by air,07.3.3,115.09,,,,
2024,Current,2025,August,All India,Urban,Transport,Passenger transport services,Passenger transport by air,07.3.3,110.16,,,,
2024,Current,2025,August,All India,Combined,Transport,Passenger transport services,Passenger transport by air,07.3.3,112.11,,,,
2024,Current,2025,August,Andaman And Nicobar Islands,Rural,Transport,Passenger transport services,Passenger transport by air,07.3.3,73.60,,,,
2024,Current,2025,August,Andaman And Nicobar Islands,Urban,Transport,Passenger transport services,Passenger transport by air,07.3.3,73.60,,,,
2024,Current,2025,August,Andaman And Nicobar Islands,Combined,Transport,Passenger transport services,Passenger transport by air,07.3.3,73.60,,,,
2024,Current,2025,August,Andhra Pradesh,Rural,Transport,Passenger transport services,Passenger transport by air,07.3.3,122.77,,,,
2024,Current,2025,August,Andhra Pradesh,Urban,Transport,Passenger transport services,Passenger transport by air,07.3.3,122.77,,,,
2024,Current,2025,August,Andhra Pradesh,Combined,Transport,Passenger transport services,Passenger transport by air,07.3.3,122.77,,,,
2024,Current,2025,August,Arunachal Pradesh,Rural,Transport,Passenger transport services,Passenger transport by air,07.3.3,139.76,,,,
2024,Current,2025,August,Arunachal Pradesh,Urban,Transport,Passenger transport services,Passenger transport by air,07.3.3,139.76,,,,
2024,Current,2025,August,Arunachal Pradesh,Combined,Transport,Passenger transport services,Passenger transport by air,07.3.3,139.76,,,,
2024,Current,2025,August,Assam,Rural,Transport,Passenger transport services,Passenger transport by air,07.3.3,122.33,,,,
2024,Current,2025,August,Assam,Urban,Transport,Passenger transport services,Passenger transport by air,07.3.3,122.33,,,,
2024,Current,2025,August,Assam,Combined,Transport,Passenger transport services,Passenger transport by air,07.3.3,122.33,,,,
2024,Current,2025,August,Bihar,Rural,Transport,Passenger transport services,Passenger transport by air,07.3.3,88.98,,,,
2024,Current,2025,August,Bihar,Urban,Transport,Passenger transport services,Passenger transport by air,07.3.3,88.98,,,,
2024,Current,2025,August,Bihar,Combined,Transport,Passenger transport services,Passenger transport by air,07.3.3,88.98,,,,
2024,Current,2025,August,Chhattisgarh,Urban,Transport,Passenger transport services,Passenger transport by air,07.3.3,121.24,,,,
2024,Current,2025,August,Chhattisgarh,Combined,Transport,Passenger transport services,Passenger transport by air,07.3.3,121.24,,,,
2024,Current,2025,August,Goa,Rural,Transport,Passenger transport services,Passenger transport by air,07.3.3,121.96,,,,
2024,Current,2025,August,Goa,Urban,Transport,Passenger transport services,Passenger transport by air,07.3.3,121.96,,,,
2024,Current,2025,August,Goa,Combined,Transport,Passenger transport services,Passenger transport by air,07.3.3,121.96,,,,
2024,Current,2025,August,Gujarat,Rural,Transport,Passenger transport services,Passenger transport by air,07.3.3,104.49,,,,
2024,Current,2025,August,Gujarat,Urban,Transport,Passenger transport services,Passenger transport by air,07.3.3,104.49,,,,
2024,Current,2025,August,Gujarat,Combined,Transport,Passenger transport services,Passenger transport by air,07.3.3,104.49,,,,
2024,Current,2025,August,Haryana,Rural,Transport,Passenger transport services,Passenger transport by air,07.3.3,118.99,,,,
2024,Current,2025,August,Haryana,Urban,Transport,Passenger transport services,Passenger transport by air,07.3.3,118.99,,,,
2024,Current,2025,August,Haryana,Combined,Transport,Passenger transport services,Passenger transport by air,07.3.3,118.99,,,,
2024,Current,2025,August,Himachal Pradesh,Rural,Transport,Passenger transport services,Passenger transport by air,07.3.3,63.52,,,,
2024,Current,2025,August,Himachal Pradesh,Urban,Transport,Passenger transport services,Passenger transport by air,07.3.3,63.52,,,,
2024,Current,2025,August,Himachal Pradesh,Combined,Transport,Passenger transport services,Passenger transport by air,07.3.3,63.52,,,,
2024,Current,2025,August,Jammu And Kashmir,Urban,Transport,Passenger transport services,Passenger transport by air,07.3.3,118.74,,,,
2024,Current,2025,August,Jammu And Kashmir,Combined,Transport,Passenger transport services,Passenger transport by air,07.3.3,118.74,,,,
2024,Current,2025,August,Jharkhand,Urban,Transport,Passenger transport services,Passenger transport by air,07.3.3,89.10,,,,
2024,Current,2025,August,Jharkhand,Combined,Transport,Passenger transport services,Passenger transport by air,07.3.3,89.10,,,,
2024,Current,2025,August,Karnataka,Rural,Transport,Passenger transport services,Passenger transport by air,07.3.3,108.24,,,,
2024,Current,2025,August,Karnataka,Urban,Transport,Passenger transport services,Passenger transport by air,07.3.3,108.24,,,,
2024,Current,2025,August,Karnataka,Combined,Transport,Passenger transport services,Passenger transport by air,07.3.3,108.24,,,,
2024,Current,2025,August,Kerala,Rural,Transport,Passenger transport services,Passenger transport by air,07.3.3,107.48,,,,
2024,Current,2025,August,Kerala,Urban,Transport,Passenger transport services,Passenger transport by air,07.3.3,107.48,,,,
2024,Current,2025,August,Kerala,Combined,Transport,Passenger transport services,Passenger transport by air,07.3.3,107.48,,,,
2024,Current,2025,August,Ladakh,Urban,Transport,Passenger transport services,Passenger transport by air,07.3.3,161.99,,,,
2024,Current,2025,August,Ladakh,Combined,Transport,Passenger transport services,Passenger transport by air,07.3.3,161.99,,,,
2024,Current,2025,August,Lakshadweep,Rural,Transport,Passenger transport services,Passenger transport by air,07.3.3,122.11,,,,
2024,Current,2025,August,Lakshadweep,Urban,Transport,Passenger transport services,Passenger transport by air,07.3.3,122.11,,,,
2024,Current,2025,August,Lakshadweep,Combined,Transport,Passenger transport services,Passenger transport by air,07.3.3,122.11,,,,
2024,Current,2025,August,Madhya Pradesh,Rural,Transport,Passenger transport services,Passenger transport by air,07.3.3,85.87,,,,
2024,Current,2025,August,Madhya Pradesh,Urban,Transport,Passenger transport services,Passenger transport by air,07.3.3,85.87,,,,
2024,Current,2025,August,Madhya Pradesh,Combined,Transport,Passenger transport services,Passenger transport by air,07.3.3,85.87,,,,
2024,Current,2025,August,Maharashtra,Rural,Transport,Passenger transport services,Passenger transport by air,07.3.3,112.14,,,,
2024,Current,2025,August,Maharashtra,Urban,Transport,Passenger transport services,Passenger transport by air,07.3.3,112.14,,,,
2024,Current,2025,August,Maharashtra,Combined,Transport,Passenger transport services,Passenger transport by air,07.3.3,112.14,,,,
2024,Current,2025,August,Manipur,Rural,Transport,Passenger transport services,Passenger transport by air,07.3.3,135.79,,,,
2024,Current,2025,August,Manipur,Urban,Transport,Passenger transport services,Passenger transport by air,07.3.3,135.79,,,,
2024,Current,2025,August,Manipur,Combined,Transport,Passenger transport services,Passenger transport by air,07.3.3,135.79,,,,
2024,Current,2025,August,Meghalaya,Urban,Transport,Passenger transport services,Passenger transport by air,07.3.3,195.04,,,,
2024,Current,2025,August,Meghalaya,Combined,Transport,Passenger transport services,Passenger transport by air,07.3.3,195.04,,,,
2024,Current,2025,August,Mizoram,Rural,Transport,Passenger transport services,Passenger transport by air,07.3.3,156.69,,,,
2024,Current,2025,August,Mizoram,Urban,Transport,Passenger transport services,Passenger transport by air,07.3.3,156.69,,,,
2024,Current,2025,August,Mizoram,Combined,Transport,Passenger transport services,Passenger transport by air,07.3.3,156.69,,,,
2024,Current,2025,August,Nagaland,Rural,Transport,Passenger transport services,Passenger transport by air,07.3.3,70.55,,,,
2024,Current,2025,August,Nagaland,Urban,Transport,Passenger transport services,Passenger transport by air,07.3.3,70.55,,,,
2024,Current,2025,August,Nagaland,Combined,Transport,Passenger transport services,Passenger transport by air,07.3.3,70.55,,,,
2024,Current,2025,August,NCT of Delhi,Urban,Transport,Passenger transport services,Passenger transport by air,07.3.3,118.99,,,,
2024,Current,2025,August,NCT of Delhi,Combined,Transport,Passenger transport services,Passenger transport by air,07.3.3,118.99,,,,
2024,Current,2025,August,Odisha,Urban,Transport,Passenger transport services,Passenger transport by air,07.3.3,104.94,,,,
2024,Current,2025,August,Odisha,Combined,Transport,Passenger transport services,Passenger transport by air,07.3.3,104.94,,,,
2024,Current,2025,August,Punjab,Rural,Transport,Passenger transport services,Passenger transport by air,07.3.3,206.03,,,,
2024,Current,2025,August,Punjab,Urban,Transport,Passenger transport services,Passenger transport by air,07.3.3,206.03,,,,
2024,Current,2025,August,Punjab,Combined,Transport,Passenger transport services,Passenger transport by air,07.3.3,206.03,,,,
2024,Current,2025,August,Rajasthan,Rural,Transport,Passenger transport services,Passenger transport by air,07.3.3,152.82,,,,
2024,Current,2025,August,Rajasthan,Urban,Transport,Passenger transport services,Passenger transport by air,07.3.3,152.82,,,,
2024,Current,2025,August,Rajasthan,Combined,Transport,Passenger transport services,Passenger transport by air,07.3.3,152.82,,,,
2024,Current,2025,August,Sikkim,Rural,Transport,Passenger transport services,Passenger transport by air,07.3.3,100.00,,,,
2024,Current,2025,August,Sikkim,Urban,Transport,Passenger transport services,Passenger transport by air,07.3.3,100.00,,,,
2024,Current,2025,August,Sikkim,Combined,Transport,Passenger transport services,Passenger transport by air,07.3.3,100.00,,,,
2024,Current,2025,August,Tamil Nadu,Rural,Transport,Passenger transport services,Passenger transport by air,07.3.3,133.51,,,,
2024,Current,2025,August,Tamil Nadu,Urban,Transport,Passenger transport services,Passenger transport by air,07.3.3,133.51,,,,
2024,Current,2025,August,Tamil Nadu,Combined,Transport,Passenger transport services,Passenger transport by air,07.3.3,133.51,,,,
2024,Current,2025,August,Telangana,Rural,Transport,Passenger transport services,Passenger transport by air,07.3.3,111.64,,,,
2024,Current,2025,August,Telangana,Urban,Transport,Passenger transport services,Passenger transport by air,07.3.3,111.64,,,,
2024,Current,2025,August,Telangana,Combined,Transport,Passenger transport services,Passenger transport by air,07.3.3,111.64,,,,
2024,Current,2025,August,Tripura,Rural,Transport,Passenger transport services,Passenger transport by air,07.3.3,88.65,,,,
2024,Current,2025,August,Tripura,Urban,Transport,Passenger transport services,Passenger transport by air,07.3.3,88.65,,,,
2024,Current,2025,August,Tripura,Combined,Transport,Passenger transport services,Passenger transport by air,07.3.3,88.65,,,,
2024,Current,2025,August,Uttar Pradesh,Rural,Transport,Passenger transport services,Passenger transport by air,07.3.3,93.80,,,,
2024,Current,2025,August,Uttar Pradesh,Urban,Transport,Passenger transport services,Passenger transport by air,07.3.3,93.80,,,,
2024,Current,2025,August,Uttar Pradesh,Combined,Transport,Passenger transport services,Passenger transport by air,07.3.3,93.80,,,,
2024,Current,2025,August,Uttarakhand,Urban,Transport,Passenger transport services,Passenger transport by air,07.3.3,95.11,,,,
2024,Current,2025,August,Uttarakhand,Combined,Transport,Passenger transport services,Passenger transport by air,07.3.3,95.11,,,,
2024,Current,2025,August,West Bengal,Rural,Transport,Passenger transport services,Passenger transport by air,07.3.3,93.61,,,,
2024,Current,2025,August,West Bengal,Urban,Transport,Passenger transport services,Passenger transport by air,07.3.3,93.61,,,,
2024,Current,2025,August,West Bengal,Combined,Transport,Passenger transport services,Passenger transport by air,07.3.3,93.61,,,,
2024,Current,2025,July,All India,Rural,Transport,Passenger transport services,Passenger transport by air,07.3.3,103.27,,,,
2024,Current,2025,July,All India,Urban,Transport,Passenger transport services,Passenger transport by air,07.3.3,101.25,,,,
2024,Current,2025,July,All India,Combined,Transport,Passenger transport services,Passenger transport by air,07.3.3,102.05,,,,
2024,Current,2025,July,Andaman And Nicobar Islands,Rural,Transport,Passenger transport services,Passenger transport by air,07.3.3,69.03,,,,
2024,Current,2025,July,Andaman And Nicobar Islands,Urban,Transport,Passenger transport services,Passenger transport by air,07.3.3,69.03,,,,
2024,Current,2025,July,Andaman And Nicobar Islands,Combined,Transport,Passenger transport services,Passenger transport by air,07.3.3,69.03,,,,
2024,Current,2025,July,Andhra Pradesh,Rural,Transport,Passenger transport services,Passenger transport by air,07.3.3,87.85,,,,
2024,Current,2025,July,Andhra Pradesh,Urban,Transport,Passenger transport services,Passenger transport by air,07.3.3,87.85,,,,
2024,Current,2025,July,Andhra Pradesh,Combined,Transport,Passenger transport services,Passenger transport by air,07.3.3,87.85,,,,
2024,Current,2025,July,Arunachal Pradesh,Rural,Transport,Passenger transport services,Passenger transport by air,07.3.3,139.76,,,,
2024,Current,2025,July,Arunachal Pradesh,Urban,Transport,Passenger transport services,Passenger transport by air,07.3.3,139.76,,,,
2024,Current,2025,July,Arunachal Pradesh,Combined,Transport,Passenger transport services,Passenger transport by air,07.3.3,139.76,,,,
2024,Current,2025,July,Assam,Rural,Transport,Passenger transport services,Passenger transport by air,07.3.3,131.57,,,,
2024,Current,2025,July,Assam,Urban,Transport,Passenger transport services,Passenger transport by air,07.3.3,131.57,,,,
2024,Current,2025,July,Assam,Combined,Transport,Passenger transport services,Passenger transport by air,07.3.3,131.57,,,,
2024,Current,2025,July,Bihar,Rural,Transport,Passenger transport services,Passenger transport by air,07.3.3,82.13,,,,
2024,Current,2025,July,Bihar,Urban,Transport,Passenger transport services,Passenger transport by air,07.3.3,82.13,,,,
2024,Current,2025,July,Bihar,Combined,Transport,Passenger transport services,Passenger transport by air,07.3.3,82.13,,,,
2024,Current,2025,July,Chhattisgarh,Urban,Transport,Passenger transport services,Passenger transport by air,07.3.3,119.29,,,,
2024,Current,2025,July,Chhattisgarh,Combined,Transport,Passenger transport services,Passenger transport by air,07.3.3,119.29,,,,
2024,Current,2025,July,Goa,Rural,Transport,Passenger transport services,Passenger transport by air,07.3.3,110.01,,,,
2024,Current,2025,July,Goa,Urban,Transport,Passenger transport services,Passenger transport by air,07.3.3,110.01,,,,
2024,Current,2025,July,Goa,Combined,Transport,Passenger transport services,Passenger transport by air,07.3.3,110.01,,,,
2024,Current,2025,July,Gujarat,Rural,Transport,Passenger transport services,Passenger transport by air,07.3.3,103.66,,,,
2024,Current,2025,July,Gujarat,Urban,Transport,Passenger transport services,Passenger transport by air,07.3.3,103.66,,,,
2024,Current,2025,July,Gujarat,Combined,Transport,Passenger transport services,Passenger transport by air,07.3.3,103.66,,,,
2024,Current,2025,July,Haryana,Rural,Transport,Passenger transport services,Passenger transport by air,07.3.3,90.47,,,,
2024,Current,2025,July,Haryana,Urban,Transport,Passenger transport services,Passenger transport by air,07.3.3,90.47,,,,
2024,Current,2025,July,Haryana,Combined,Transport,Passenger transport services,Passenger transport by air,07.3.3,90.47,,,,
2024,Current,2025,July,Himachal Pradesh,Rural,Transport,Passenger transport services,Passenger transport by air,07.3.3,89.11,,,,
2024,Current,2025,July,Himachal Pradesh,Urban,Transport,Passenger transport services,Passenger transport by air,07.3.3,89.11,,,,
2024,Current,2025,July,Himachal Pradesh,Combined,Transport,Passenger transport services,Passenger transport by air,07.3.3,89.11,,,,
2024,Current,2025,July,Jammu And Kashmir,Urban,Transport,Passenger transport services,Passenger transport by air,07.3.3,113.73,,,,
2024,Current,2025,July,Jammu And Kashmir,Combined,Transport,Passenger transport services,Passenger transport by air,07.3.3,113.73,,,,
2024,Current,2025,July,Jharkhand,Urban,Transport,Passenger transport services,Passenger transport by air,07.3.3,89.77,,,,
2024,Current,2025,July,Jharkhand,Combined,Transport,Passenger transport services,Passenger transport by air,07.3.3,89.77,,,,
2024,Current,2025,July,Karnataka,Rural,Transport,Passenger transport services,Passenger transport by air,07.3.3,107.76,,,,
2024,Current,2025,July,Karnataka,Urban,Transport,Passenger transport services,Passenger transport by air,07.3.3,107.76,,,,
2024,Current,2025,July,Karnataka,Combined,Transport,Passenger transport services,Passenger transport by air,07.3.3,107.76,,,,
2024,Current,2025,July,Kerala,Rural,Transport,Passenger transport services,Passenger transport by air,07.3.3,96.12,,,,
2024,Current,2025,July,Kerala,Urban,Transport,Passenger transport services,Passenger transport by air,07.3.3,96.12,,,,
2024,Current,2025,July,Kerala,Combined,Transport,Passenger transport services,Passenger transport by air,07.3.3,96.12,,,,
2024,Current,2025,July,Ladakh,Urban,Transport,Passenger transport services,Passenger transport by air,07.3.3,138.96,,,,
2024,Current,2025,July,Ladakh,Combined,Transport,Passenger transport services,Passenger transport by air,07.3.3,138.96,,,,
2024,Current,2025,July,Lakshadweep,Rural,Transport,Passenger transport services,Passenger transport by air,07.3.3,122.11,,,,
2024,Current,2025,July,Lakshadweep,Urban,Transport,Passenger transport services,Passenger transport by air,07.3.3,122.11,,,,
2024,Current,2025,July,Lakshadweep,Combined,Transport,Passenger transport services,Passenger transport by air,07.3.3,122.11,,,,
2024,Current,2025,July,Madhya Pradesh,Rural,Transport,Passenger transport services,Passenger transport by air,07.3.3,81.69,,,,
2024,Current,2025,July,Madhya Pradesh,Urban,Transport,Passenger transport services,Passenger transport by air,07.3.3,81.69,,,,
2024,Current,2025,July,Madhya Pradesh,Combined,Transport,Passenger transport services,Passenger transport by air,07.3.3,81.69,,,,
2024,Current,2025,July,Maharashtra,Rural,Transport,Passenger transport services,Passenger transport by air,07.3.3,93.30,,,,
2024,Current,2025,July,Maharashtra,Urban,Transport,Passenger transport services,Passenger transport by air,07.3.3,93.30,,,,
2024,Current,2025,July,Maharashtra,Combined,Transport,Passenger transport services,Passenger transport by air,07.3.3,93.30,,,,
2024,Current,2025,July,Manipur,Rural,Transport,Passenger transport services,Passenger transport by air,07.3.3,132.34,,,,
2024,Current,2025,July,Manipur,Urban,Transport,Passenger transport services,Passenger transport by air,07.3.3,132.34,,,,
2024,Current,2025,July,Manipur,Combined,Transport,Passenger transport services,Passenger transport by air,07.3.3,132.34,,,,
2024,Current,2025,July,Meghalaya,Urban,Transport,Passenger transport services,Passenger transport by air,07.3.3,134.09,,,,
2024,Current,2025,July,Meghalaya,Combined,Transport,Passenger transport services,Passenger transport by air,07.3.3,134.09,,,,
2024,Current,2025,July,Mizoram,Rural,Transport,Passenger transport services,Passenger transport by air,07.3.3,235.21,,,,
2024,Current,2025,July,Mizoram,Urban,Transport,Passenger transport services,Passenger transport by air,07.3.3,235.21,,,,
2024,Current,2025,July,Mizoram,Combined,Transport,Passenger transport services,Passenger transport by air,07.3.3,235.21,,,,
2024,Current,2025,July,Nagaland,Rural,Transport,Passenger transport services,Passenger transport by air,07.3.3,72.59,,,,
2024,Current,2025,July,Nagaland,Urban,Transport,Passenger transport services,Passenger transport by air,07.3.3,72.59,,,,
2024,Current,2025,July,Nagaland,Combined,Transport,Passenger transport services,Passenger transport by air,07.3.3,72.59,,,,
2024,Current,2025,July,NCT of Delhi,Urban,Transport,Passenger transport services,Passenger transport by air,07.3.3,90.47,,,,
2024,Current,2025,July,NCT of Delhi,Combined,Transport,Passenger transport services,Passenger transport by air,07.3.3,90.47,,,,
2024,Current,2025,July,Odisha,Urban,Transport,Passenger transport services,Passenger transport by air,07.3.3,98.66,,,,
2024,Current,2025,July,Odisha,Combined,Transport,Passenger transport services,Passenger transport by air,07.3.3,98.66,,,,
2024,Current,2025,July,Punjab,Rural,Transport,Passenger transport services,Passenger transport by air,07.3.3,159.07,,,,
2024,Current,2025,July,Punjab,Urban,Transport,Passenger transport services,Passenger transport by air,07.3.3,159.07,,,,
2024,Current,2025,July,Punjab,Combined,Transport,Passenger transport services,Passenger transport by air,07.3.3,159.07,,,,
2024,Current,2025,July,Rajasthan,Rural,Transport,Passenger transport services,Passenger transport by air,07.3.3,121.36,,,,
2024,Current,2025,July,Rajasthan,Urban,Transport,Passenger transport services,Passenger transport by air,07.3.3,121.36,,,,
2024,Current,2025,July,Rajasthan,Combined,Transport,Passenger transport services,Passenger transport by air,07.3.3,121.36,,,,
2024,Current,2025,July,Sikkim,Rural,Transport,Passenger transport services,Passenger transport by air,07.3.3,100.00,,,,
2024,Current,2025,July,Sikkim,Urban,Transport,Passenger transport services,Passenger transport by air,07.3.3,100.00,,,,
2024,Current,2025,July,Sikkim,Combined,Transport,Passenger transport services,Passenger transport by air,07.3.3,100.00,,,,
2024,Current,2025,July,Tamil Nadu,Rural,Transport,Passenger transport services,Passenger transport by air,07.3.3,116.97,,,,
2024,Current,2025,July,Tamil Nadu,Urban,Transport,Passenger transport services,Passenger transport by air,07.3.3,116.97,,,,
2024,Current,2025,July,Tamil Nadu,Combined,Transport,Passenger transport services,Passenger transport by air,07.3.3,116.97,,,,
2024,Current,2025,July,Telangana,Rural,Transport,Passenger transport services,Passenger transport by air,07.3.3,102.93,,,,
2024,Current,2025,July,Telangana,Urban,Transport,Passenger transport services,Passenger transport by air,07.3.3,102.93,,,,
2024,Current,2025,July,Telangana,Combined,Transport,Passenger transport services,Passenger transport by air,07.3.3,102.93,,,,
2024,Current,2025,July,Tripura,Rural,Transport,Passenger transport services,Passenger transport by air,07.3.3,86.86,,,,
2024,Current,2025,July,Tripura,Urban,Transport,Passenger transport services,Passenger transport by air,07.3.3,86.86,,,,
2024,Current,2025,July,Tripura,Combined,Transport,Passenger transport services,Passenger transport by air,07.3.3,86.86,,,,
2024,Current,2025,July,Uttar Pradesh,Rural,Transport,Passenger transport services,Passenger transport by air,07.3.3,96.05,,,,
2024,Current,2025,July,Uttar Pradesh,Urban,Transport,Passenger transport services,Passenger transport by air,07.3.3,96.05,,,,
2024,Current,2025,July,Uttar Pradesh,Combined,Transport,Passenger transport services,Passenger transport by air,07.3.3,96.05,,,,
2024,Current,2025,July,Uttarakhand,Urban,Transport,Passenger transport services,Passenger transport by air,07.3.3,95.61,,,,
2024,Current,2025,July,Uttarakhand,Combined,Transport,Passenger transport services,Passenger transport by air,07.3.3,95.61,,,,
2024,Current,2025,July,West Bengal,Rural,Transport,Passenger transport services,Passenger transport by air,07.3.3,94.49,,,,
2024,Current,2025,July,West Bengal,Urban,Transport,Passenger transport services,Passenger transport by air,07.3.3,94.49,,,,
2024,Current,2025,July,West Bengal,Combined,Transport,Passenger transport services,Passenger transport by air,07.3.3,94.49,,,,
2024,Current,2025,June,All India,Rural,Transport,Passenger transport services,Passenger transport by air,07.3.3,125.13,,,,
2024,Current,2025,June,All India,Urban,Transport,Passenger transport services,Passenger transport by air,07.3.3,107.52,,,,
2024,Current,2025,June,All India,Combined,Transport,Passenger transport services,Passenger transport by air,07.3.3,114.48,,,,
2024,Current,2025,June,Andaman And Nicobar Islands,Rural,Transport,Passenger transport services,Passenger transport by air,07.3.3,148.26,,,,
2024,Current,2025,June,Andaman And Nicobar Islands,Urban,Transport,Passenger transport services,Passenger transport by air,07.3.3,148.26,,,,
2024,Current,2025,June,Andaman And Nicobar Islands,Combined,Transport,Passenger transport services,Passenger transport by air,07.3.3,148.26,,,,
2024,Current,2025,June,Andhra Pradesh,Rural,Transport,Passenger transport services,Passenger transport by air,07.3.3,89.08,,,,
2024,Current,2025,June,Andhra Pradesh,Urban,Transport,Passenger transport services,Passenger transport by air,07.3.3,89.08,,,,
2024,Current,2025,June,Andhra Pradesh,Combined,Transport,Passenger transport services,Passenger transport by air,07.3.3,89.08,,,,
2024,Current,2025,June,Arunachal Pradesh,Rural,Transport,Passenger transport services,Passenger transport by air,07.3.3,129.22,,,,
2024,Current,2025,June,Arunachal Pradesh,Urban,Transport,Passenger transport services,Passenger transport by air,07.3.3,129.22,,,,
2024,Current,2025,June,Arunachal Pradesh,Combined,Transport,Passenger transport services,Passenger transport by air,07.3.3,129.22,,,,
2024,Current,2025,June,Assam,Rural,Transport,Passenger transport services,Passenger transport by air,07.3.3,131.13,,,,
2024,Current,2025,June,Assam,Urban,Transport,Passenger transport services,Passenger transport by air,07.3.3,131.13,,,,
2024,Current,2025,June,Assam,Combined,Transport,Passenger transport services,Passenger transport by air,07.3.3,131.13,,,,
2024,Current,2025,June,Bihar,Rural,Transport,Passenger transport services,Passenger transport by air,07.3.3,111.74,,,,
2024,Current,2025,June,Bihar,Urban,Transport,Passenger transport services,Passenger transport by air,07.3.3,111.74,,,,
2024,Current,2025,June,Bihar,Combined,Transport,Passenger transport services,Passenger transport by air,07.3.3,111.74,,,,
2024,Current,2025,June,Chhattisgarh,Urban,Transport,Passenger transport services,Passenger transport by air,07.3.3,156.22,,,,
2024,Current,2025,June,Chhattisgarh,Combined,Transport,Passenger transport services,Passenger transport by air,07.3.3,156.22,,,,
2024,Current,2025,June,Goa,Rural,Transport,Passenger transport services,Passenger transport by air,07.3.3,121.46,,,,
2024,Current,2025,June,Goa,Urban,Transport,Passenger transport services,Passenger transport by air,07.3.3,121.46,,,,
2024,Current,2025,June,Goa,Combined,Transport,Passenger transport services,Passenger transport by air,07.3.3,121.46,,,,
2024,Current,2025,June,Gujarat,Rural,Transport,Passenger transport services,Passenger transport by air,07.3.3,104.38,,,,
2024,Current,2025,June,Gujarat,Urban,Transport,Passenger transport services,Passenger transport by air,07.3.3,104.38,,,,
2024,Current,2025,June,Gujarat,Combined,Transport,Passenger transport services,Passenger transport by air,07.3.3,104.38,,,,
2024,Current,2025,June,Haryana,Rural,Transport,Passenger transport services,Passenger transport by air,07.3.3,112.97,,,,
2024,Current,2025,June,Haryana,Urban,Transport,Passenger transport services,Passenger transport by air,07.3.3,112.97,,,,
2024,Current,2025,June,Haryana,Combined,Transport,Passenger transport services,Passenger transport by air,07.3.3,112.97,,,,
2024,Current,2025,June,Himachal Pradesh,Rural,Transport,Passenger transport services,Passenger transport by air,07.3.3,109.56,,,,
2024,Current,2025,June,Himachal Pradesh,Urban,Transport,Passenger transport services,Passenger transport by air,07.3.3,109.56,,,,
2024,Current,2025,June,Himachal Pradesh,Combined,Transport,Passenger transport services,Passenger transport by air,07.3.3,109.56,,,,
2024,Current,2025,June,Jammu And Kashmir,Urban,Transport,Passenger transport services,Passenger transport by air,07.3.3,77.05,,,,
2024,Current,2025,June,Jammu And Kashmir,Combined,Transport,Passenger transport services,Passenger transport by air,07.3.3,77.05,,,,
2024,Current,2025,June,Jharkhand,Urban,Transport,Passenger transport services,Passenger transport by air,07.3.3,119.66,,,,
2024,Current,2025,June,Jharkhand,Combined,Transport,Passenger transport services,Passenger transport by air,07.3.3,119.66,,,,
2024,Current,2025,June,Karnataka,Rural,Transport,Passenger transport services,Passenger transport by air,07.3.3,102.25,,,,
2024,Current,2025,June,Karnataka,Urban,Transport,Passenger transport services,Passenger transport by air,07.3.3,102.25,,,,
2024,Current,2025,June,Karnataka,Combined,Transport,Passenger transport services,Passenger transport by air,07.3.3,102.25,,,,
2024,Current,2025,June,Kerala,Rural,Transport,Passenger transport services,Passenger transport by air,07.3.3,114.07,,,,
2024,Current,2025,June,Kerala,Urban,Transport,Passenger transport services,Passenger transport by air,07.3.3,114.07,,,,
2024,Current,2025,June,Kerala,Combined,Transport,Passenger transport services,Passenger transport by air,07.3.3,114.07,,,,
2024,Current,2025,June,Ladakh,Urban,Transport,Passenger transport services,Passenger transport by air,07.3.3,132.16,,,,
2024,Current,2025,June,Ladakh,Combined,Transport,Passenger transport services,Passenger transport by air,07.3.3,132.16,,,,
2024,Current,2025,June,Lakshadweep,Rural,Transport,Passenger transport services,Passenger transport by air,07.3.3,121.74,,,,
2024,Current,2025,June,Lakshadweep,Urban,Transport,Passenger transport services,Passenger transport by air,07.3.3,121.74,,,,
2024,Current,2025,June,Lakshadweep,Combined,Transport,Passenger transport services,Passenger transport by air,07.3.3,121.74,,,,
2024,Current,2025,June,Madhya Pradesh,Rural,Transport,Passenger transport services,Passenger transport by air,07.3.3,72.09,,,,
2024,Current,2025,June,Madhya Pradesh,Urban,Transport,Passenger transport services,Passenger transport by air,07.3.3,72.09,,,,
2024,Current,2025,June,Madhya Pradesh,Combined,Transport,Passenger transport services,Passenger transport by air,07.3.3,72.09,,,,
2024,Current,2025,June,Maharashtra,Rural,Transport,Passenger transport services,Passenger transport by air,07.3.3,117.87,,,,
2024,Current,2025,June,Maharashtra,Urban,Transport,Passenger transport services,Passenger transport by air,07.3.3,117.87,,,,
2024,Current,2025,June,Maharashtra,Combined,Transport,Passenger transport services,Passenger transport by air,07.3.3,117.87,,,,
2024,Current,2025,June,Manipur,Rural,Transport,Passenger transport services,Passenger transport by air,07.3.3,94.11,,,,
2024,Current,2025,June,Manipur,Urban,Transport,Passenger transport services,Passenger transport by air,07.3.3,94.11,,,,
2024,Current,2025,June,Manipur,Combined,Transport,Passenger transport services,Passenger transport by air,07.3.3,94.11,,,,
2024,Current,2025,June,Meghalaya,Urban,Transport,Passenger transport services,Passenger transport by air,07.3.3,148.20,,,,
2024,Current,2025,June,Meghalaya,Combined,Transport,Passenger transport services,Passenger transport by air,07.3.3,148.20,,,,
2024,Current,2025,June,Mizoram,Rural,Transport,Passenger transport services,Passenger transport by air,07.3.3,155.37,,,,
2024,Current,2025,June,Mizoram,Urban,Transport,Passenger transport services,Passenger transport by air,07.3.3,155.37,,,,
2024,Current,2025,June,Mizoram,Combined,Transport,Passenger transport services,Passenger transport by air,07.3.3,155.37,,,,
2024,Current,2025,June,Nagaland,Rural,Transport,Passenger transport services,Passenger transport by air,07.3.3,71.46,,,,
2024,Current,2025,June,Nagaland,Urban,Transport,Passenger transport services,Passenger transport by air,07.3.3,71.46,,,,
2024,Current,2025,June,Nagaland,Combined,Transport,Passenger transport services,Passenger transport by air,07.3.3,71.46,,,,
2024,Current,2025,June,NCT of Delhi,Urban,Transport,Passenger transport services,Passenger transport by air,07.3.3,112.97,,,,
2024,Current,2025,June,NCT of Delhi,Combined,Transport,Passenger transport services,Passenger transport by air,07.3.3,112.97,,,,
2024,Current,2025,June,Odisha,Urban,Transport,Passenger transport services,Passenger transport by air,07.3.3,99.56,,,,
2024,Current,2025,June,Odisha,Combined,Transport,Passenger transport services,Passenger transport by air,07.3.3,99.56,,,,
2024,Current,2025,June,Punjab,Rural,Transport,Passenger transport services,Passenger transport by air,07.3.3,272.44,,,,
2024,Current,2025,June,Punjab,Urban,Transport,Passenger transport services,Passenger transport by air,07.3.3,272.44,,,,
2024,Current,2025,June,Punjab,Combined,Transport,Passenger transport services,Passenger transport by air,07.3.3,272.44,,,,
2024,Current,2025,June,Rajasthan,Rural,Transport,Passenger transport services,Passenger transport by air,07.3.3,116.61,,,,
2024,Current,2025,June,Rajasthan,Urban,Transport,Passenger transport services,Passenger transport by air,07.3.3,116.61,,,,
2024,Current,2025,June,Rajasthan,Combined,Transport,Passenger transport services,Passenger transport by air,07.3.3,116.61,,,,
2024,Current,2025,June,Sikkim,Rural,Transport,Passenger transport services,Passenger transport by air,07.3.3,100.00,,,,
2024,Current,2025,June,Sikkim,Urban,Transport,Passenger transport services,Passenger transport by air,07.3.3,100.00,,,,
2024,Current,2025,June,Sikkim,Combined,Transport,Passenger transport services,Passenger transport by air,07.3.3,100.00,,,,
2024,Current,2025,June,Tamil Nadu,Rural,Transport,Passenger transport services,Passenger transport by air,07.3.3,105.56,,,,
2024,Current,2025,June,Tamil Nadu,Urban,Transport,Passenger transport services,Passenger transport by air,07.3.3,105.56,,,,
2024,Current,2025,June,Tamil Nadu,Combined,Transport,Passenger transport services,Passenger transport by air,07.3.3,105.56,,,,
2024,Current,2025,June,Telangana,Rural,Transport,Passenger transport services,Passenger transport by air,07.3.3,112.03,,,,
2024,Current,2025,June,Telangana,Urban,Transport,Passenger transport services,Passenger transport by air,07.3.3,112.03,,,,
2024,Current,2025,June,Telangana,Combined,Transport,Passenger transport services,Passenger transport by air,07.3.3,112.03,,,,
2024,Current,2025,June,Tripura,Rural,Transport,Passenger transport services,Passenger transport by air,07.3.3,84.30,,,,
2024,Current,2025,June,Tripura,Urban,Transport,Passenger transport services,Passenger transport by air,07.3.3,84.30,,,,
2024,Current,2025,June,Tripura,Combined,Transport,Passenger transport services,Passenger transport by air,07.3.3,84.30,,,,
2024,Current,2025,June,Uttar Pradesh,Rural,Transport,Passenger transport services,Passenger transport by air,07.3.3,120.79,,,,
2024,Current,2025,June,Uttar Pradesh,Urban,Transport,Passenger transport services,Passenger transport by air,07.3.3,120.79,,,,
2024,Current,2025,June,Uttar Pradesh,Combined,Transport,Passenger transport services,Passenger transport by air,07.3.3,120.79,,,,
2024,Current,2025,June,Uttarakhand,Urban,Transport,Passenger transport services,Passenger transport by air,07.3.3,117.18,,,,
2024,Current,2025,June,Uttarakhand,Combined,Transport,Passenger transport services,Passenger transport by air,07.3.3,117.18,,,,
2024,Current,2025,June,West Bengal,Rural,Transport,Passenger transport services,Passenger transport by air,07.3.3,98.69,,,,
2024,Current,2025,June,West Bengal,Urban,Transport,Passenger transport services,Passenger transport by air,07.3.3,98.69,,,,
2024,Current,2025,June,West Bengal,Combined,Transport,Passenger transport services,Passenger transport by air,07.3.3,98.69,,,,
2024,Current,2025,May,All India,Rural,Transport,Passenger transport services,Passenger transport by air,07.3.3,114.62,,,,
2024,Current,2025,May,All India,Urban,Transport,Passenger transport services,Passenger transport by air,07.3.3,108.50,,,,
2024,Current,2025,May,All India,Combined,Transport,Passenger transport services,Passenger transport by air,07.3.3,110.92,,,,
2024,Current,2025,May,Andaman And Nicobar Islands,Rural,Transport,Passenger transport services,Passenger transport by air,07.3.3,225.92,,,,
2024,Current,2025,May,Andaman And Nicobar Islands,Urban,Transport,Passenger transport services,Passenger transport by air,07.3.3,225.92,,,,
2024,Current,2025,May,Andaman And Nicobar Islands,Combined,Transport,Passenger transport services,Passenger transport by air,07.3.3,225.92,,,,
2024,Current,2025,May,Andhra Pradesh,Rural,Transport,Passenger transport services,Passenger transport by air,07.3.3,89.79,,,,
2024,Current,2025,May,Andhra Pradesh,Urban,Transport,Passenger transport services,Passenger transport by air,07.3.3,89.79,,,,
2024,Current,2025,May,Andhra Pradesh,Combined,Transport,Passenger transport services,Passenger transport by air,07.3.3,89.79,,,,
2024,Current,2025,May,Arunachal Pradesh,Rural,Transport,Passenger transport services,Passenger transport by air,07.3.3,121.58,,,,
2024,Current,2025,May,Arunachal Pradesh,Urban,Transport,Passenger transport services,Passenger transport by air,07.3.3,121.58,,,,
2024,Current,2025,May,Arunachal Pradesh,Combined,Transport,Passenger transport services,Passenger transport by air,07.3.3,121.58,,,,
2024,Current,2025,May,Assam,Rural,Transport,Passenger transport services,Passenger transport by air,07.3.3,148.47,,,,
2024,Current,2025,May,Assam,Urban,Transport,Passenger transport services,Passenger transport by air,07.3.3,148.47,,,,
2024,Current,2025,May,Assam,Combined,Transport,Passenger transport services,Passenger transport by air,07.3.3,148.47,,,,
2024,Current,2025,May,Bihar,Rural,Transport,Passenger transport services,Passenger transport by air,07.3.3,88.25,,,,
2024,Current,2025,May,Bihar,Urban,Transport,Passenger transport services,Passenger transport by air,07.3.3,88.25,,,,
2024,Current,2025,May,Bihar,Combined,Transport,Passenger transport services,Passenger transport by air,07.3.3,88.25,,,,
2024,Current,2025,May,Chhattisgarh,Urban,Transport,Passenger transport services,Passenger transport by air,07.3.3,142.19,,,,
2024,Current,2025,May,Chhattisgarh,Combined,Transport,Passenger transport services,Passenger transport by air,07.3.3,142.19,,,,
2024,Current,2025,May,Goa,Rural,Transport,Passenger transport services,Passenger transport by air,07.3.3,116.53,,,,
2024,Current,2025,May,Goa,Urban,Transport,Passenger transport services,Passenger transport by air,07.3.3,116.53,,,,
2024,Current,2025,May,Goa,Combined,Transport,Passenger transport services,Passenger transport by air,07.3.3,116.53,,,,
2024,Current,2025,May,Gujarat,Rural,Transport,Passenger transport services,Passenger transport by air,07.3.3,103.61,,,,
2024,Current,2025,May,Gujarat,Urban,Transport,Passenger transport services,Passenger transport by air,07.3.3,103.61,,,,
2024,Current,2025,May,Gujarat,Combined,Transport,Passenger transport services,Passenger transport by air,07.3.3,103.61,,,,
2024,Current,2025,May,Haryana,Rural,Transport,Passenger transport services,Passenger transport by air,07.3.3,102.32,,,,
2024,Current,2025,May,Haryana,Urban,Transport,Passenger transport services,Passenger transport by air,07.3.3,102.32,,,,
2024,Current,2025,May,Haryana,Combined,Transport,Passenger transport services,Passenger transport by air,07.3.3,102.32,,,,
2024,Current,2025,May,Himachal Pradesh,Rural,Transport,Passenger transport services,Passenger transport by air,07.3.3,102.95,,,,
2024,Current,2025,May,Himachal Pradesh,Urban,Transport,Passenger transport services,Passenger transport by air,07.3.3,102.95,,,,
2024,Current,2025,May,Himachal Pradesh,Combined,Transport,Passenger transport services,Passenger transport by air,07.3.3,102.95,,,,
2024,Current,2025,May,Jammu And Kashmir,Urban,Transport,Passenger transport services,Passenger transport by air,07.3.3,79.43,,,,
2024,Current,2025,May,Jammu And Kashmir,Combined,Transport,Passenger transport services,Passenger transport by air,07.3.3,79.43,,,,
2024,Current,2025,May,Jharkhand,Urban,Transport,Passenger transport services,Passenger transport by air,07.3.3,84.85,,,,
2024,Current,2025,May,Jharkhand,Combined,Transport,Passenger transport services,Passenger transport by air,07.3.3,84.85,,,,
2024,Current,2025,May,Karnataka,Rural,Transport,Passenger transport services,Passenger transport by air,07.3.3,130.18,,,,
2024,Current,2025,May,Karnataka,Urban,Transport,Passenger transport services,Passenger transport by air,07.3.3,130.18,,,,
2024,Current,2025,May,Karnataka,Combined,Transport,Passenger transport services,Passenger transport by air,07.3.3,130.18,,,,
2024,Current,2025,May,Kerala,Rural,Transport,Passenger transport services,Passenger transport by air,07.3.3,114.60,,,,
2024,Current,2025,May,Kerala,Urban,Transport,Passenger transport services,Passenger transport by air,07.3.3,114.60,,,,
2024,Current,2025,May,Kerala,Combined,Transport,Passenger transport services,Passenger transport by air,07.3.3,114.60,,,,
2024,Current,2025,May,Ladakh,Urban,Transport,Passenger transport services,Passenger transport by air,07.3.3,86.46,,,,
2024,Current,2025,May,Ladakh,Combined,Transport,Passenger transport services,Passenger transport by air,07.3.3,86.46,,,,
2024,Current,2025,May,Lakshadweep,Rural,Transport,Passenger transport services,Passenger transport by air,07.3.3,130.47,,,,
2024,Current,2025,May,Lakshadweep,Urban,Transport,Passenger transport services,Passenger transport by air,07.3.3,130.47,,,,
2024,Current,2025,May,Lakshadweep,Combined,Transport,Passenger transport services,Passenger transport by air,07.3.3,130.47,,,,
2024,Current,2025,May,Madhya Pradesh,Rural,Transport,Passenger transport services,Passenger transport by air,07.3.3,77.51,,,,
2024,Current,2025,May,Madhya Pradesh,Urban,Transport,Passenger transport services,Passenger transport by air,07.3.3,77.51,,,,
2024,Current,2025,May,Madhya Pradesh,Combined,Transport,Passenger transport services,Passenger transport by air,07.3.3,77.51,,,,
2024,Current,2025,May,Maharashtra,Rural,Transport,Passenger transport services,Passenger transport by air,07.3.3,122.45,,,,
2024,Current,2025,May,Maharashtra,Urban,Transport,Passenger transport services,Passenger transport by air,07.3.3,122.45,,,,
2024,Current,2025,May,Maharashtra,Combined,Transport,Passenger transport services,Passenger transport by air,07.3.3,122.45,,,,
2024,Current,2025,May,Manipur,Rural,Transport,Passenger transport services,Passenger transport by air,07.3.3,119.86,,,,
2024,Current,2025,May,Manipur,Urban,Transport,Passenger transport services,Passenger transport by air,07.3.3,119.86,,,,
2024,Current,2025,May,Manipur,Combined,Transport,Passenger transport services,Passenger transport by air,07.3.3,119.86,,,,
2024,Current,2025,May,Meghalaya,Urban,Transport,Passenger transport services,Passenger transport by air,07.3.3,175.31,,,,
2024,Current,2025,May,Meghalaya,Combined,Transport,Passenger transport services,Passenger transport by air,07.3.3,175.31,,,,
2024,Current,2025,May,Mizoram,Rural,Transport,Passenger transport services,Passenger transport by air,07.3.3,118.49,,,,
2024,Current,2025,May,Mizoram,Urban,Transport,Passenger transport services,Passenger transport by air,07.3.3,118.49,,,,
2024,Current,2025,May,Mizoram,Combined,Transport,Passenger transport services,Passenger transport by air,07.3.3,118.49,,,,
2024,Current,2025,May,Nagaland,Rural,Transport,Passenger transport services,Passenger transport by air,07.3.3,78.08,,,,
2024,Current,2025,May,Nagaland,Urban,Transport,Passenger transport services,Passenger transport by air,07.3.3,78.08,,,,
2024,Current,2025,May,Nagaland,Combined,Transport,Passenger transport services,Passenger transport by air,07.3.3,78.08,,,,
2024,Current,2025,May,NCT of Delhi,Urban,Transport,Passenger transport services,Passenger transport by air,07.3.3,102.32,,,,
2024,Current,2025,May,NCT of Delhi,Combined,Transport,Passenger transport services,Passenger transport by air,07.3.3,102.32,,,,
2024,Current,2025,May,Odisha,Urban,Transport,Passenger transport services,Passenger transport by air,07.3.3,100.06,,,,
2024,Current,2025,May,Odisha,Combined,Transport,Passenger transport services,Passenger transport by air,07.3.3,100.06,,,,
2024,Current,2025,May,Punjab,Rural,Transport,Passenger transport services,Passenger transport by air,07.3.3,161.64,,,,
2024,Current,2025,May,Punjab,Urban,Transport,Passenger transport services,Passenger transport by air,07.3.3,161.64,,,,
2024,Current,2025,May,Punjab,Combined,Transport,Passenger transport services,Passenger transport by air,07.3.3,161.64,,,,
2024,Current,2025,May,Rajasthan,Rural,Transport,Passenger transport services,Passenger transport by air,07.3.3,114.67,,,,
2024,Current,2025,May,Rajasthan,Urban,Transport,Passenger transport services,Passenger transport by air,07.3.3,114.67,,,,
2024,Current,2025,May,Rajasthan,Combined,Transport,Passenger transport services,Passenger transport by air,07.3.3,114.67,,,,
2024,Current,2025,May,Sikkim,Rural,Transport,Passenger transport services,Passenger transport by air,07.3.3,100.00,,,,
2024,Current,2025,May,Sikkim,Urban,Transport,Passenger transport services,Passenger transport by air,07.3.3,100.00,,,,
2024,Current,2025,May,Sikkim,Combined,Transport,Passenger transport services,Passenger transport by air,07.3.3,100.00,,,,
2024,Current,2025,May,Tamil Nadu,Rural,Transport,Passenger transport services,Passenger transport by air,07.3.3,104.40,,,,
2024,Current,2025,May,Tamil Nadu,Urban,Transport,Passenger transport services,Passenger transport by air,07.3.3,104.40,,,,
2024,Current,2025,May,Tamil Nadu,Combined,Transport,Passenger transport services,Passenger transport by air,07.3.3,104.40,,,,
2024,Current,2025,May,Telangana,Rural,Transport,Passenger transport services,Passenger transport by air,07.3.3,110.84,,,,
2024,Current,2025,May,Telangana,Urban,Transport,Passenger transport services,Passenger transport by air,07.3.3,110.84,,,,
2024,Current,2025,May,Telangana,Combined,Transport,Passenger transport services,Passenger transport by air,07.3.3,110.84,,,,
2024,Current,2025,May,Tripura,Rural,Transport,Passenger transport services,Passenger transport by air,07.3.3,83.67,,,,
2024,Current,2025,May,Tripura,Urban,Transport,Passenger transport services,Passenger transport by air,07.3.3,83.67,,,,
2024,Current,2025,May,Tripura,Combined,Transport,Passenger transport services,Passenger transport by air,07.3.3,83.67,,,,
2024,Current,2025,May,Uttar Pradesh,Rural,Transport,Passenger transport services,Passenger transport by air,07.3.3,102.04,,,,
2024,Current,2025,May,Uttar Pradesh,Urban,Transport,Passenger transport services,Passenger transport by air,07.3.3,102.04,,,,
2024,Current,2025,May,Uttar Pradesh,Combined,Transport,Passenger transport services,Passenger transport by air,07.3.3,102.04,,,,
2024,Current,2025,May,Uttarakhand,Urban,Transport,Passenger transport services,Passenger transport by air,07.3.3,100.76,,,,
2024,Current,2025,May,Uttarakhand,Combined,Transport,Passenger transport services,Passenger transport by air,07.3.3,100.76,,,,
2024,Current,2025,May,West Bengal,Rural,Transport,Passenger transport services,Passenger transport by air,07.3.3,100.02,,,,
2024,Current,2025,May,West Bengal,Urban,Transport,Passenger transport services,Passenger transport by air,07.3.3,100.02,,,,
2024,Current,2025,May,West Bengal,Combined,Transport,Passenger transport services,Passenger transport by air,07.3.3,100.02,,,,
2024,Current,2025,April,All India,Rural,Transport,Passenger transport services,Passenger transport by air,07.3.3,117.27,,,,
2024,Current,2025,April,All India,Urban,Transport,Passenger transport services,Passenger transport by air,07.3.3,106.81,,,,
2024,Current,2025,April,All India,Combined,Transport,Passenger transport services,Passenger transport by air,07.3.3,110.94,,,,
2024,Current,2025,April,Andaman And Nicobar Islands,Rural,Transport,Passenger transport services,Passenger transport by air,07.3.3,167.18,,,,
2024,Current,2025,April,Andaman And Nicobar Islands,Urban,Transport,Passenger transport services,Passenger transport by air,07.3.3,167.18,,,,
2024,Current,2025,April,Andaman And Nicobar Islands,Combined,Transport,Passenger transport services,Passenger transport by air,07.3.3,167.18,,,,
2024,Current,2025,April,Andhra Pradesh,Rural,Transport,Passenger transport services,Passenger transport by air,07.3.3,87.78,,,,
2024,Current,2025,April,Andhra Pradesh,Urban,Transport,Passenger transport services,Passenger transport by air,07.3.3,87.78,,,,
2024,Current,2025,April,Andhra Pradesh,Combined,Transport,Passenger transport services,Passenger transport by air,07.3.3,87.78,,,,
2024,Current,2025,April,Arunachal Pradesh,Rural,Transport,Passenger transport services,Passenger transport by air,07.3.3,150.08,,,,
2024,Current,2025,April,Arunachal Pradesh,Urban,Transport,Passenger transport services,Passenger transport by air,07.3.3,150.08,,,,
2024,Current,2025,April,Arunachal Pradesh,Combined,Transport,Passenger transport services,Passenger transport by air,07.3.3,150.08,,,,
2024,Current,2025,April,Assam,Rural,Transport,Passenger transport services,Passenger transport by air,07.3.3,131.20,,,,
2024,Current,2025,April,Assam,Urban,Transport,Passenger transport services,Passenger transport by air,07.3.3,131.20,,,,
2024,Current,2025,April,Assam,Combined,Transport,Passenger transport services,Passenger transport by air,07.3.3,131.20,,,,
2024,Current,2025,April,Bihar,Rural,Transport,Passenger transport services,Passenger transport by air,07.3.3,110.14,,,,
2024,Current,2025,April,Bihar,Urban,Transport,Passenger transport services,Passenger transport by air,07.3.3,110.14,,,,
2024,Current,2025,April,Bihar,Combined,Transport,Passenger transport services,Passenger transport by air,07.3.3,110.14,,,,
2024,Current,2025,April,Chhattisgarh,Urban,Transport,Passenger transport services,Passenger transport by air,07.3.3,136.58,,,,
2024,Current,2025,April,Chhattisgarh,Combined,Transport,Passenger transport services,Passenger transport by air,07.3.3,136.58,,,,
2024,Current,2025,April,Goa,Rural,Transport,Passenger transport services,Passenger transport by air,07.3.3,164.75,,,,
2024,Current,2025,April,Goa,Urban,Transport,Passenger transport services,Passenger transport by air,07.3.3,164.75,,,,
2024,Current,2025,April,Goa,Combined,Transport,Passenger transport services,Passenger transport by air,07.3.3,164.75,,,,
2024,Current,2025,April,Gujarat,Rural,Transport,Passenger transport services,Passenger transport by air,07.3.3,104.12,,,,
2024,Current,2025,April,Gujarat,Urban,Transport,Passenger transport services,Passenger transport by air,07.3.3,104.12,,,,
2024,Current,2025,April,Gujarat,Combined,Transport,Passenger transport services,Passenger transport by air,07.3.3,104.12,,,,
2024,Current,2025,April,Haryana,Rural,Transport,Passenger transport services,Passenger transport by air,07.3.3,99.42,,,,
2024,Current,2025,April,Haryana,Urban,Transport,Passenger transport services,Passenger transport by air,07.3.3,99.42,,,,
2024,Current,2025,April,Haryana,Combined,Transport,Passenger transport services,Passenger transport by air,07.3.3,99.42,,,,
2024,Current,2025,April,Himachal Pradesh,Rural,Transport,Passenger transport services,Passenger transport by air,07.3.3,93.88,,,,
2024,Current,2025,April,Himachal Pradesh,Urban,Transport,Passenger transport services,Passenger transport by air,07.3.3,93.88,,,,
2024,Current,2025,April,Himachal Pradesh,Combined,Transport,Passenger transport services,Passenger transport by air,07.3.3,93.88,,,,
2024,Current,2025,April,Jammu And Kashmir,Urban,Transport,Passenger transport services,Passenger transport by air,07.3.3,85.29,,,,
2024,Current,2025,April,Jammu And Kashmir,Combined,Transport,Passenger transport services,Passenger transport by air,07.3.3,85.29,,,,
2024,Current,2025,April,Jharkhand,Urban,Transport,Passenger transport services,Passenger transport by air,07.3.3,96.56,,,,
2024,Current,2025,April,Jharkhand,Combined,Transport,Passenger transport services,Passenger transport by air,07.3.3,96.56,,,,
2024,Current,2025,April,Karnataka,Rural,Transport,Passenger transport services,Passenger transport by air,07.3.3,113.96,,,,
2024,Current,2025,April,Karnataka,Urban,Transport,Passenger transport services,Passenger transport by air,07.3.3,113.96,,,,
2024,Current,2025,April,Karnataka,Combined,Transport,Passenger transport services,Passenger transport by air,07.3.3,113.96,,,,
2024,Current,2025,April,Kerala,Rural,Transport,Passenger transport services,Passenger transport by air,07.3.3,118.55,,,,
2024,Current,2025,April,Kerala,Urban,Transport,Passenger transport services,Passenger transport by air,07.3.3,118.55,,,,
2024,Current,2025,April,Kerala,Combined,Transport,Passenger transport services,Passenger transport by air,07.3.3,118.55,,,,
2024,Current,2025,April,Ladakh,Urban,Transport,Passenger transport services,Passenger transport by air,07.3.3,92.85,,,,
2024,Current,2025,April,Ladakh,Combined,Transport,Passenger transport services,Passenger transport by air,07.3.3,92.85,,,,
2024,Current,2025,April,Lakshadweep,Rural,Transport,Passenger transport services,Passenger transport by air,07.3.3,136.33,,,,
2024,Current,2025,April,Lakshadweep,Urban,Transport,Passenger transport services,Passenger transport by air,07.3.3,136.33,,,,
2024,Current,2025,April,Lakshadweep,Combined,Transport,Passenger transport services,Passenger transport by air,07.3.3,136.33,,,,
2024,Current,2025,April,Madhya Pradesh,Rural,Transport,Passenger transport services,Passenger transport by air,07.3.3,78.67,,,,
2024,Current,2025,April,Madhya Pradesh,Urban,Transport,Passenger transport services,Passenger transport by air,07.3.3,78.67,,,,
2024,Current,2025,April,Madhya Pradesh,Combined,Transport,Passenger transport services,Passenger transport by air,07.3.3,78.67,,,,
2024,Current,2025,April,Maharashtra,Rural,Transport,Passenger transport services,Passenger transport by air,07.3.3,104.60,,,,
2024,Current,2025,April,Maharashtra,Urban,Transport,Passenger transport services,Passenger transport by air,07.3.3,104.60,,,,
2024,Current,2025,April,Maharashtra,Combined,Transport,Passenger transport services,Passenger transport by air,07.3.3,104.60,,,,
2024,Current,2025,April,Manipur,Rural,Transport,Passenger transport services,Passenger transport by air,07.3.3,120.15,,,,
2024,Current,2025,April,Manipur,Urban,Transport,Passenger transport services,Passenger transport by air,07.3.3,120.15,,,,
2024,Current,2025,April,Manipur,Combined,Transport,Passenger transport services,Passenger transport by air,07.3.3,120.15,,,,
2024,Current,2025,April,Meghalaya,Urban,Transport,Passenger transport services,Passenger transport by air,07.3.3,135.04,,,,
2024,Current,2025,April,Meghalaya,Combined,Transport,Passenger transport services,Passenger transport by air,07.3.3,135.04,,,,
2024,Current,2025,April,Mizoram,Rural,Transport,Passenger transport services,Passenger transport by air,07.3.3,84.44,,,,
2024,Current,2025,April,Mizoram,Urban,Transport,Passenger transport services,Passenger transport by air,07.3.3,84.44,,,,
2024,Current,2025,April,Mizoram,Combined,Transport,Passenger transport services,Passenger transport by air,07.3.3,84.44,,,,
2024,Current,2025,April,Nagaland,Rural,Transport,Passenger transport services,Passenger transport by air,07.3.3,81.17,,,,
2024,Current,2025,April,Nagaland,Urban,Transport,Passenger transport services,Passenger transport by air,07.3.3,81.17,,,,
2024,Current,2025,April,Nagaland,Combined,Transport,Passenger transport services,Passenger transport by air,07.3.3,81.17,,,,
2024,Current,2025,April,NCT of Delhi,Urban,Transport,Passenger transport services,Passenger transport by air,07.3.3,99.42,,,,
2024,Current,2025,April,NCT of Delhi,Combined,Transport,Passenger transport services,Passenger transport by air,07.3.3,99.42,,,,
2024,Current,2025,April,Odisha,Urban,Transport,Passenger transport services,Passenger transport by air,07.3.3,106.97,,,,
2024,Current,2025,April,Odisha,Combined,Transport,Passenger transport services,Passenger transport by air,07.3.3,106.97,,,,
2024,Current,2025,April,Punjab,Rural,Transport,Passenger transport services,Passenger transport by air,07.3.3,137.09,,,,
2024,Current,2025,April,Punjab,Urban,Transport,Passenger transport services,Passenger transport by air,07.3.3,137.09,,,,
2024,Current,2025,April,Punjab,Combined,Transport,Passenger transport services,Passenger transport by air,07.3.3,137.09,,,,
2024,Current,2025,April,Rajasthan,Rural,Transport,Passenger transport services,Passenger transport by air,07.3.3,139.01,,,,
2024,Current,2025,April,Rajasthan,Urban,Transport,Passenger transport services,Passenger transport by air,07.3.3,139.01,,,,
2024,Current,2025,April,Rajasthan,Combined,Transport,Passenger transport services,Passenger transport by air,07.3.3,139.01,,,,
2024,Current,2025,April,Sikkim,Rural,Transport,Passenger transport services,Passenger transport by air,07.3.3,100.00,,,,
2024,Current,2025,April,Sikkim,Urban,Transport,Passenger transport services,Passenger transport by air,07.3.3,100.00,,,,
2024,Current,2025,April,Sikkim,Combined,Transport,Passenger transport services,Passenger transport by air,07.3.3,100.00,,,,
2024,Current,2025,April,Tamil Nadu,Rural,Transport,Passenger transport services,Passenger transport by air,07.3.3,107.34,,,,
2024,Current,2025,April,Tamil Nadu,Urban,Transport,Passenger transport services,Passenger transport by air,07.3.3,107.34,,,,
2024,Current,2025,April,Tamil Nadu,Combined,Transport,Passenger transport services,Passenger transport by air,07.3.3,107.34,,,,
2024,Current,2025,April,Telangana,Rural,Transport,Passenger transport services,Passenger transport by air,07.3.3,112.58,,,,
2024,Current,2025,April,Telangana,Urban,Transport,Passenger transport services,Passenger transport by air,07.3.3,112.58,,,,
2024,Current,2025,April,Telangana,Combined,Transport,Passenger transport services,Passenger transport by air,07.3.3,112.58,,,,
2024,Current,2025,April,Tripura,Rural,Transport,Passenger transport services,Passenger transport by air,07.3.3,86.84,,,,
2024,Current,2025,April,Tripura,Urban,Transport,Passenger transport services,Passenger transport by air,07.3.3,86.84,,,,
2024,Current,2025,April,Tripura,Combined,Transport,Passenger transport services,Passenger transport by air,07.3.3,86.84,,,,
2024,Current,2025,April,Uttar Pradesh,Rural,Transport,Passenger transport services,Passenger transport by air,07.3.3,99.84,,,,
2024,Current,2025,April,Uttar Pradesh,Urban,Transport,Passenger transport services,Passenger transport by air,07.3.3,99.84,,,,
2024,Current,2025,April,Uttar Pradesh,Combined,Transport,Passenger transport services,Passenger transport by air,07.3.3,99.84,,,,
2024,Current,2025,April,Uttarakhand,Urban,Transport,Passenger transport services,Passenger transport by air,07.3.3,166.95,,,,
2024,Current,2025,April,Uttarakhand,Combined,Transport,Passenger transport services,Passenger transport by air,07.3.3,166.95,,,,
2024,Current,2025,April,West Bengal,Rural,Transport,Passenger transport services,Passenger transport by air,07.3.3,102.12,,,,
2024,Current,2025,April,West Bengal,Urban,Transport,Passenger transport services,Passenger transport by air,07.3.3,102.12,,,,
2024,Current,2025,April,West Bengal,Combined,Transport,Passenger transport services,Passenger transport by air,07.3.3,102.12,,,,
2024,Current,2025,March,All India,Rural,Transport,Passenger transport services,Passenger transport by air,07.3.3,112.28,,,,
2024,Current,2025,March,All India,Urban,Transport,Passenger transport services,Passenger transport by air,07.3.3,105.51,,,,
2024,Current,2025,March,All India,Combined,Transport,Passenger transport services,Passenger transport by air,07.3.3,108.19,,,,
2024,Current,2025,March,Andaman And Nicobar Islands,Rural,Transport,Passenger transport services,Passenger transport by air,07.3.3,164.99,,,,
2024,Current,2025,March,Andaman And Nicobar Islands,Urban,Transport,Passenger transport services,Passenger transport by air,07.3.3,164.99,,,,
2024,Current,2025,March,Andaman And Nicobar Islands,Combined,Transport,Passenger transport services,Passenger transport by air,07.3.3,164.99,,,,
2024,Current,2025,March,Andhra Pradesh,Rural,Transport,Passenger transport services,Passenger transport by air,07.3.3,86.81,,,,
2024,Current,2025,March,Andhra Pradesh,Urban,Transport,Passenger transport services,Passenger transport by air,07.3.3,86.81,,,,
2024,Current,2025,March,Andhra Pradesh,Combined,Transport,Passenger transport services,Passenger transport by air,07.3.3,86.81,,,,
2024,Current,2025,March,Arunachal Pradesh,Rural,Transport,Passenger transport services,Passenger transport by air,07.3.3,134.08,,,,
2024,Current,2025,March,Arunachal Pradesh,Urban,Transport,Passenger transport services,Passenger transport by air,07.3.3,134.08,,,,
2024,Current,2025,March,Arunachal Pradesh,Combined,Transport,Passenger transport services,Passenger transport by air,07.3.3,134.08,,,,
2024,Current,2025,March,Assam,Rural,Transport,Passenger transport services,Passenger transport by air,07.3.3,142.22,,,,
2024,Current,2025,March,Assam,Urban,Transport,Passenger transport services,Passenger transport by air,07.3.3,142.22,,,,
2024,Current,2025,March,Assam,Combined,Transport,Passenger transport services,Passenger transport by air,07.3.3,142.22,,,,
2024,Current,2025,March,Bihar,Rural,Transport,Passenger transport services,Passenger transport by air,07.3.3,114.45,,,,
2024,Current,2025,March,Bihar,Urban,Transport,Passenger transport services,Passenger transport by air,07.3.3,114.45,,,,
2024,Current,2025,March,Bihar,Combined,Transport,Passenger transport services,Passenger transport by air,07.3.3,114.45,,,,
2024,Current,2025,March,Chhattisgarh,Urban,Transport,Passenger transport services,Passenger transport by air,07.3.3,130.12,,,,
2024,Current,2025,March,Chhattisgarh,Combined,Transport,Passenger transport services,Passenger transport by air,07.3.3,130.12,,,,
2024,Current,2025,March,Goa,Rural,Transport,Passenger transport services,Passenger transport by air,07.3.3,114.09,,,,
2024,Current,2025,March,Goa,Urban,Transport,Passenger transport services,Passenger transport by air,07.3.3,114.09,,,,
2024,Current,2025,March,Goa,Combined,Transport,Passenger transport services,Passenger transport by air,07.3.3,114.09,,,,
2024,Current,2025,March,Gujarat,Rural,Transport,Passenger transport services,Passenger transport by air,07.3.3,99.07,,,,
2024,Current,2025,March,Gujarat,Urban,Transport,Passenger transport services,Passenger transport by air,07.3.3,99.07,,,,
2024,Current,2025,March,Gujarat,Combined,Transport,Passenger transport services,Passenger transport by air,07.3.3,99.07,,,,
2024,Current,2025,March,Haryana,Rural,Transport,Passenger transport services,Passenger transport by air,07.3.3,116.41,,,,
2024,Current,2025,March,Haryana,Urban,Transport,Passenger transport services,Passenger transport by air,07.3.3,116.41,,,,
2024,Current,2025,March,Haryana,Combined,Transport,Passenger transport services,Passenger transport by air,07.3.3,116.41,,,,
2024,Current,2025,March,Himachal Pradesh,Rural,Transport,Passenger transport services,Passenger transport by air,07.3.3,74.81,,,,
2024,Current,2025,March,Himachal Pradesh,Urban,Transport,Passenger transport services,Passenger transport by air,07.3.3,74.81,,,,
2024,Current,2025,March,Himachal Pradesh,Combined,Transport,Passenger transport services,Passenger transport by air,07.3.3,74.81,,,,
2024,Current,2025,March,Jammu And Kashmir,Urban,Transport,Passenger transport services,Passenger transport by air,07.3.3,107.15,,,,
2024,Current,2025,March,Jammu And Kashmir,Combined,Transport,Passenger transport services,Passenger transport by air,07.3.3,107.15,,,,
2024,Current,2025,March,Jharkhand,Urban,Transport,Passenger transport services,Passenger transport by air,07.3.3,115.89,,,,
2024,Current,2025,March,Jharkhand,Combined,Transport,Passenger transport services,Passenger transport by air,07.3.3,115.89,,,,
2024,Current,2025,March,Karnataka,Rural,Transport,Passenger transport services,Passenger transport by air,07.3.3,108.94,,,,
2024,Current,2025,March,Karnataka,Urban,Transport,Passenger transport services,Passenger transport by air,07.3.3,108.94,,,,
2024,Current,2025,March,Karnataka,Combined,Transport,Passenger transport services,Passenger transport by air,07.3.3,108.94,,,,
2024,Current,2025,March,Kerala,Rural,Transport,Passenger transport services,Passenger transport by air,07.3.3,98.52,,,,
2024,Current,2025,March,Kerala,Urban,Transport,Passenger transport services,Passenger transport by air,07.3.3,98.52,,,,
2024,Current,2025,March,Kerala,Combined,Transport,Passenger transport services,Passenger transport by air,07.3.3,98.52,,,,
2024,Current,2025,March,Ladakh,Urban,Transport,Passenger transport services,Passenger transport by air,07.3.3,54.16,,,,
2024,Current,2025,March,Ladakh,Combined,Transport,Passenger transport services,Passenger transport by air,07.3.3,54.16,,,,
2024,Current,2025,March,Lakshadweep,Rural,Transport,Passenger transport services,Passenger transport by air,07.3.3,134.14,,,,
2024,Current,2025,March,Lakshadweep,Urban,Transport,Passenger transport services,Passenger transport by air,07.3.3,134.14,,,,
2024,Current,2025,March,Lakshadweep,Combined,Transport,Passenger transport services,Passenger transport by air,07.3.3,134.14,,,,
2024,Current,2025,March,Madhya Pradesh,Rural,Transport,Passenger transport services,Passenger transport by air,07.3.3,97.60,,,,
2024,Current,2025,March,Madhya Pradesh,Urban,Transport,Passenger transport services,Passenger transport by air,07.3.3,97.60,,,,
2024,Current,2025,March,Madhya Pradesh,Combined,Transport,Passenger transport services,Passenger transport by air,07.3.3,97.60,,,,
2024,Current,2025,March,Maharashtra,Rural,Transport,Passenger transport services,Passenger transport by air,07.3.3,110.61,,,,
2024,Current,2025,March,Maharashtra,Urban,Transport,Passenger transport services,Passenger transport by air,07.3.3,110.61,,,,
2024,Current,2025,March,Maharashtra,Combined,Transport,Passenger transport services,Passenger transport by air,07.3.3,110.61,,,,
2024,Current,2025,March,Manipur,Rural,Transport,Passenger transport services,Passenger transport by air,07.3.3,112.45,,,,
2024,Current,2025,March,Manipur,Urban,Transport,Passenger transport services,Passenger transport by air,07.3.3,112.45,,,,
2024,Current,2025,March,Manipur,Combined,Transport,Passenger transport services,Passenger transport by air,07.3.3,112.45,,,,
2024,Current,2025,March,Meghalaya,Urban,Transport,Passenger transport services,Passenger transport by air,07.3.3,157.18,,,,
2024,Current,2025,March,Meghalaya,Combined,Transport,Passenger transport services,Passenger transport by air,07.3.3,157.18,,,,
2024,Current,2025,March,Mizoram,Rural,Transport,Passenger transport services,Passenger transport by air,07.3.3,109.06,,,,
2024,Current,2025,March,Mizoram,Urban,Transport,Passenger transport services,Passenger transport by air,07.3.3,109.06,,,,
2024,Current,2025,March,Mizoram,Combined,Transport,Passenger transport services,Passenger transport by air,07.3.3,109.06,,,,
2024,Current,2025,March,Nagaland,Rural,Transport,Passenger transport services,Passenger transport by air,07.3.3,76.42,,,,
2024,Current,2025,March,Nagaland,Urban,Transport,Passenger transport services,Passenger transport by air,07.3.3,76.42,,,,
2024,Current,2025,March,Nagaland,Combined,Transport,Passenger transport services,Passenger transport by air,07.3.3,76.42,,,,
2024,Current,2025,March,NCT of Delhi,Urban,Transport,Passenger transport services,Passenger transport by air,07.3.3,116.41,,,,
2024,Current,2025,March,NCT of Delhi,Combined,Transport,Passenger transport services,Passenger transport by air,07.3.3,116.41,,,,
2024,Current,2025,March,Odisha,Urban,Transport,Passenger transport services,Passenger transport by air,07.3.3,106.53,,,,
2024,Current,2025,March,Odisha,Combined,Transport,Passenger transport services,Passenger transport by air,07.3.3,106.53,,,,
2024,Current,2025,March,Punjab,Rural,Transport,Passenger transport services,Passenger transport by air,07.3.3,169.43,,,,
2024,Current,2025,March,Punjab,Urban,Transport,Passenger transport services,Passenger transport by air,07.3.3,169.43,,,,
2024,Current,2025,March,Punjab,Combined,Transport,Passenger transport services,Passenger transport by air,07.3.3,169.43,,,,
2024,Current,2025,March,Rajasthan,Rural,Transport,Passenger transport services,Passenger transport by air,07.3.3,132.04,,,,
2024,Current,2025,March,Rajasthan,Urban,Transport,Passenger transport services,Passenger transport by air,07.3.3,132.04,,,,
2024,Current,2025,March,Rajasthan,Combined,Transport,Passenger transport services,Passenger transport by air,07.3.3,132.04,,,,
2024,Current,2025,March,Sikkim,Rural,Transport,Passenger transport services,Passenger transport by air,07.3.3,100.00,,,,
2024,Current,2025,March,Sikkim,Urban,Transport,Passenger transport services,Passenger transport by air,07.3.3,100.00,,,,
2024,Current,2025,March,Sikkim,Combined,Transport,Passenger transport services,Passenger transport by air,07.3.3,100.00,,,,
2024,Current,2025,March,Tamil Nadu,Rural,Transport,Passenger transport services,Passenger transport by air,07.3.3,105.51,,,,
2024,Current,2025,March,Tamil Nadu,Urban,Transport,Passenger transport services,Passenger transport by air,07.3.3,105.51,,,,
2024,Current,2025,March,Tamil Nadu,Combined,Transport,Passenger transport services,Passenger transport by air,07.3.3,105.51,,,,
2024,Current,2025,March,Telangana,Rural,Transport,Passenger transport services,Passenger transport by air,07.3.3,89.65,,,,
2024,Current,2025,March,Telangana,Urban,Transport,Passenger transport services,Passenger transport by air,07.3.3,89.65,,,,
2024,Current,2025,March,Telangana,Combined,Transport,Passenger transport services,Passenger transport by air,07.3.3,89.65,,,,
2024,Current,2025,March,Tripura,Rural,Transport,Passenger transport services,Passenger transport by air,07.3.3,97.12,,,,
2024,Current,2025,March,Tripura,Urban,Transport,Passenger transport services,Passenger transport by air,07.3.3,97.12,,,,
2024,Current,2025,March,Tripura,Combined,Transport,Passenger transport services,Passenger transport by air,07.3.3,97.12,,,,
2024,Current,2025,March,Uttar Pradesh,Rural,Transport,Passenger transport services,Passenger transport by air,07.3.3,140.42,,,,
2024,Current,2025,March,Uttar Pradesh,Urban,Transport,Passenger transport services,Passenger transport by air,07.3.3,140.42,,,,
2024,Current,2025,March,Uttar Pradesh,Combined,Transport,Passenger transport services,Passenger transport by air,07.3.3,140.42,,,,
2024,Current,2025,March,Uttarakhand,Urban,Transport,Passenger transport services,Passenger transport by air,07.3.3,152.07,,,,
2024,Current,2025,March,Uttarakhand,Combined,Transport,Passenger transport services,Passenger transport by air,07.3.3,152.07,,,,
2024,Current,2025,March,West Bengal,Rural,Transport,Passenger transport services,Passenger transport by air,07.3.3,102.50,,,,
2024,Current,2025,March,West Bengal,Urban,Transport,Passenger transport services,Passenger transport by air,07.3.3,102.50,,,,
2024,Current,2025,March,West Bengal,Combined,Transport,Passenger transport services,Passenger transport by air,07.3.3,102.50,,,,
2024,Current,2025,February,All India,Rural,Transport,Passenger transport services,Passenger transport by air,07.3.3,136.79,,,,
2024,Current,2025,February,All India,Urban,Transport,Passenger transport services,Passenger transport by air,07.3.3,128.31,,,,
2024,Current,2025,February,All India,Combined,Transport,Passenger transport services,Passenger transport by air,07.3.3,131.66,,,,
2024,Current,2025,February,Andaman And Nicobar Islands,Rural,Transport,Passenger transport services,Passenger transport by air,07.3.3,135.06,,,,
2024,Current,2025,February,Andaman And Nicobar Islands,Urban,Transport,Passenger transport services,Passenger transport by air,07.3.3,135.06,,,,
2024,Current,2025,February,Andaman And Nicobar Islands,Combined,Transport,Passenger transport services,Passenger transport by air,07.3.3,135.06,,,,
2024,Current,2025,February,Andhra Pradesh,Rural,Transport,Passenger transport services,Passenger transport by air,07.3.3,95.16,,,,
2024,Current,2025,February,Andhra Pradesh,Urban,Transport,Passenger transport services,Passenger transport by air,07.3.3,95.16,,,,
2024,Current,2025,February,Andhra Pradesh,Combined,Transport,Passenger transport services,Passenger transport by air,07.3.3,95.16,,,,
2024,Current,2025,February,Arunachal Pradesh,Rural,Transport,Passenger transport services,Passenger transport by air,07.3.3,149.68,,,,
2024,Current,2025,February,Arunachal Pradesh,Urban,Transport,Passenger transport services,Passenger transport by air,07.3.3,149.68,,,,
2024,Current,2025,February,Arunachal Pradesh,Combined,Transport,Passenger transport services,Passenger transport by air,07.3.3,149.68,,,,
2024,Current,2025,February,Assam,Rural,Transport,Passenger transport services,Passenger transport by air,07.3.3,137.01,,,,
2024,Current,2025,February,Assam,Urban,Transport,Passenger transport services,Passenger transport by air,07.3.3,137.01,,,,
2024,Current,2025,February,Assam,Combined,Transport,Passenger transport services,Passenger transport by air,07.3.3,137.01,,,,
2024,Current,2025,February,Bihar,Rural,Transport,Passenger transport services,Passenger transport by air,07.3.3,163.01,,,,
2024,Current,2025,February,Bihar,Urban,Transport,Passenger transport services,Passenger transport by air,07.3.3,163.01,,,,
2024,Current,2025,February,Bihar,Combined,Transport,Passenger transport services,Passenger transport by air,07.3.3,163.01,,,,
2024,Current,2025,February,Chhattisgarh,Urban,Transport,Passenger transport services,Passenger transport by air,07.3.3,113.78,,,,
2024,Current,2025,February,Chhattisgarh,Combined,Transport,Passenger transport services,Passenger transport by air,07.3.3,113.78,,,,
2024,Current,2025,February,Goa,Rural,Transport,Passenger transport services,Passenger transport by air,07.3.3,123.06,,,,
2024,Current,2025,February,Goa,Urban,Transport,Passenger transport services,Passenger transport by air,07.3.3,123.06,,,,
2024,Current,2025,February,Goa,Combined,Transport,Passenger transport services,Passenger transport by air,07.3.3,123.06,,,,
2024,Current,2025,February,Gujarat,Rural,Transport,Passenger transport services,Passenger transport by air,07.3.3,107.17,,,,
2024,Current,2025,February,Gujarat,Urban,Transport,Passenger transport services,Passenger transport by air,07.3.3,107.17,,,,
2024,Current,2025,February,Gujarat,Combined,Transport,Passenger transport services,Passenger transport by air,07.3.3,107.17,,,,
2024,Current,2025,February,Haryana,Rural,Transport,Passenger transport services,Passenger transport by air,07.3.3,159.97,,,,
2024,Current,2025,February,Haryana,Urban,Transport,Passenger transport services,Passenger transport by air,07.3.3,159.97,,,,
2024,Current,2025,February,Haryana,Combined,Transport,Passenger transport services,Passenger transport by air,07.3.3,159.97,,,,
2024,Current,2025,February,Himachal Pradesh,Rural,Transport,Passenger transport services,Passenger transport by air,07.3.3,74.81,,,,
2024,Current,2025,February,Himachal Pradesh,Urban,Transport,Passenger transport services,Passenger transport by air,07.3.3,74.81,,,,
2024,Current,2025,February,Himachal Pradesh,Combined,Transport,Passenger transport services,Passenger transport by air,07.3.3,74.81,,,,
2024,Current,2025,February,Jammu And Kashmir,Urban,Transport,Passenger transport services,Passenger transport by air,07.3.3,105.55,,,,
2024,Current,2025,February,Jammu And Kashmir,Combined,Transport,Passenger transport services,Passenger transport by air,07.3.3,105.55,,,,
2024,Current,2025,February,Jharkhand,Urban,Transport,Passenger transport services,Passenger transport by air,07.3.3,122.05,,,,
2024,Current,2025,February,Jharkhand,Combined,Transport,Passenger transport services,Passenger transport by air,07.3.3,122.05,,,,
2024,Current,2025,February,Karnataka,Rural,Transport,Passenger transport services,Passenger transport by air,07.3.3,148.96,,,,
2024,Current,2025,February,Karnataka,Urban,Transport,Passenger transport services,Passenger transport by air,07.3.3,148.96,,,,
2024,Current,2025,February,Karnataka,Combined,Transport,Passenger transport services,Passenger transport by air,07.3.3,148.96,,,,
2024,Current,2025,February,Kerala,Rural,Transport,Passenger transport services,Passenger transport by air,07.3.3,124.38,,,,
2024,Current,2025,February,Kerala,Urban,Transport,Passenger transport services,Passenger transport by air,07.3.3,124.38,,,,
2024,Current,2025,February,Kerala,Combined,Transport,Passenger transport services,Passenger transport by air,07.3.3,124.38,,,,
2024,Current,2025,February,Ladakh,Urban,Transport,Passenger transport services,Passenger transport by air,07.3.3,85.67,,,,
2024,Current,2025,February,Ladakh,Combined,Transport,Passenger transport services,Passenger transport by air,07.3.3,85.67,,,,
2024,Current,2025,February,Lakshadweep,Rural,Transport,Passenger transport services,Passenger transport by air,07.3.3,131.51,,,,
2024,Current,2025,February,Lakshadweep,Urban,Transport,Passenger transport services,Passenger transport by air,07.3.3,131.51,,,,
2024,Current,2025,February,Lakshadweep,Combined,Transport,Passenger transport services,Passenger transport by air,07.3.3,131.51,,,,
2024,Current,2025,February,Madhya Pradesh,Rural,Transport,Passenger transport services,Passenger transport by air,07.3.3,115.41,,,,
2024,Current,2025,February,Madhya Pradesh,Urban,Transport,Passenger transport services,Passenger transport by air,07.3.3,115.41,,,,
2024,Current,2025,February,Madhya Pradesh,Combined,Transport,Passenger transport services,Passenger transport by air,07.3.3,115.41,,,,
2024,Current,2025,February,Maharashtra,Rural,Transport,Passenger transport services,Passenger transport by air,07.3.3,133.43,,,,
2024,Current,2025,February,Maharashtra,Urban,Transport,Passenger transport services,Passenger transport by air,07.3.3,133.43,,,,
2024,Current,2025,February,Maharashtra,Combined,Transport,Passenger transport services,Passenger transport by air,07.3.3,133.43,,,,
2024,Current,2025,February,Manipur,Rural,Transport,Passenger transport services,Passenger transport by air,07.3.3,101.07,,,,
2024,Current,2025,February,Manipur,Urban,Transport,Passenger transport services,Passenger transport by air,07.3.3,101.07,,,,
2024,Current,2025,February,Manipur,Combined,Transport,Passenger transport services,Passenger transport by air,07.3.3,101.07,,,,
2024,Current,2025,February,Meghalaya,Urban,Transport,Passenger transport services,Passenger transport by air,07.3.3,102.82,,,,
2024,Current,2025,February,Meghalaya,Combined,Transport,Passenger transport services,Passenger transport by air,07.3.3,102.82,,,,
2024,Current,2025,February,Mizoram,Rural,Transport,Passenger transport services,Passenger transport by air,07.3.3,157.05,,,,
2024,Current,2025,February,Mizoram,Urban,Transport,Passenger transport services,Passenger transport by air,07.3.3,157.05,,,,
2024,Current,2025,February,Mizoram,Combined,Transport,Passenger transport services,Passenger transport by air,07.3.3,157.05,,,,
2024,Current,2025,February,Nagaland,Rural,Transport,Passenger transport services,Passenger transport by air,07.3.3,83.45,,,,
2024,Current,2025,February,Nagaland,Urban,Transport,Passenger transport services,Passenger transport by air,07.3.3,83.45,,,,
2024,Current,2025,February,Nagaland,Combined,Transport,Passenger transport services,Passenger transport by air,07.3.3,83.45,,,,
2024,Current,2025,February,NCT of Delhi,Urban,Transport,Passenger transport services,Passenger transport by air,07.3.3,159.97,,,,
2024,Current,2025,February,NCT of Delhi,Combined,Transport,Passenger transport services,Passenger transport by air,07.3.3,159.97,,,,
2024,Current,2025,February,Odisha,Urban,Transport,Passenger transport services,Passenger transport by air,07.3.3,110.12,,,,
2024,Current,2025,February,Odisha,Combined,Transport,Passenger transport services,Passenger transport by air,07.3.3,110.12,,,,
2024,Current,2025,February,Punjab,Rural,Transport,Passenger transport services,Passenger transport by air,07.3.3,135.59,,,,
2024,Current,2025,February,Punjab,Urban,Transport,Passenger transport services,Passenger transport by air,07.3.3,135.59,,,,
2024,Current,2025,February,Punjab,Combined,Transport,Passenger transport services,Passenger transport by air,07.3.3,135.59,,,,
2024,Current,2025,February,Rajasthan,Rural,Transport,Passenger transport services,Passenger transport by air,07.3.3,127.04,,,,
2024,Current,2025,February,Rajasthan,Urban,Transport,Passenger transport services,Passenger transport by air,07.3.3,127.04,,,,
2024,Current,2025,February,Rajasthan,Combined,Transport,Passenger transport services,Passenger transport by air,07.3.3,127.04,,,,
2024,Current,2025,February,Sikkim,Rural,Transport,Passenger transport services,Passenger transport by air,07.3.3,100.00,,,,
2024,Current,2025,February,Sikkim,Urban,Transport,Passenger transport services,Passenger transport by air,07.3.3,100.00,,,,
2024,Current,2025,February,Sikkim,Combined,Transport,Passenger transport services,Passenger transport by air,07.3.3,100.00,,,,
2024,Current,2025,February,Tamil Nadu,Rural,Transport,Passenger transport services,Passenger transport by air,07.3.3,143.37,,,,
2024,Current,2025,February,Tamil Nadu,Urban,Transport,Passenger transport services,Passenger transport by air,07.3.3,143.37,,,,
2024,Current,2025,February,Tamil Nadu,Combined,Transport,Passenger transport services,Passenger transport by air,07.3.3,143.37,,,,
2024,Current,2025,February,Telangana,Rural,Transport,Passenger transport services,Passenger transport by air,07.3.3,126.25,,,,
2024,Current,2025,February,Telangana,Urban,Transport,Passenger transport services,Passenger transport by air,07.3.3,126.25,,,,
2024,Current,2025,February,Telangana,Combined,Transport,Passenger transport services,Passenger transport by air,07.3.3,126.25,,,,
2024,Current,2025,February,Tripura,Rural,Transport,Passenger transport services,Passenger transport by air,07.3.3,113.84,,,,
2024,Current,2025,February,Tripura,Urban,Transport,Passenger transport services,Passenger transport by air,07.3.3,113.84,,,,
2024,Current,2025,February,Tripura,Combined,Transport,Passenger transport services,Passenger transport by air,07.3.3,113.84,,,,
2024,Current,2025,February,Uttar Pradesh,Rural,Transport,Passenger transport services,Passenger transport by air,07.3.3,236.68,,,,
2024,Current,2025,February,Uttar Pradesh,Urban,Transport,Passenger transport services,Passenger transport by air,07.3.3,236.68,,,,
2024,Current,2025,February,Uttar Pradesh,Combined,Transport,Passenger transport services,Passenger transport by air,07.3.3,236.68,,,,
2024,Current,2025,February,Uttarakhand,Urban,Transport,Passenger transport services,Passenger transport by air,07.3.3,175.67,,,,
2024,Current,2025,February,Uttarakhand,Combined,Transport,Passenger transport services,Passenger transport by air,07.3.3,175.67,,,,
2024,Current,2025,February,West Bengal,Rural,Transport,Passenger transport services,Passenger transport by air,07.3.3,119.33,,,,
2024,Current,2025,February,West Bengal,Urban,Transport,Passenger transport services,Passenger transport by air,07.3.3,119.33,,,,
2024,Current,2025,February,West Bengal,Combined,Transport,Passenger transport services,Passenger transport by air,07.3.3,119.33,,,,
2024,Current,2025,January,All India,Rural,Transport,Passenger transport services,Passenger transport by air,07.3.3,120.78,,,,
2024,Current,2025,January,All India,Urban,Transport,Passenger transport services,Passenger transport by air,07.3.3,111.31,,,,
2024,Current,2025,January,All India,Combined,Transport,Passenger transport services,Passenger transport by air,07.3.3,115.05,,,,
2024,Current,2025,January,Andaman And Nicobar Islands,Rural,Transport,Passenger transport services,Passenger transport by air,07.3.3,104.99,,,,
2024,Current,2025,January,Andaman And Nicobar Islands,Urban,Transport,Passenger transport services,Passenger transport by air,07.3.3,104.99,,,,
2024,Current,2025,January,Andaman And Nicobar Islands,Combined,Transport,Passenger transport services,Passenger transport by air,07.3.3,104.99,,,,
2024,Current,2025,January,Andhra Pradesh,Rural,Transport,Passenger transport services,Passenger transport by air,07.3.3,97.24,,,,
2024,Current,2025,January,Andhra Pradesh,Urban,Transport,Passenger transport services,Passenger transport by air,07.3.3,97.24,,,,
2024,Current,2025,January,Andhra Pradesh,Combined,Transport,Passenger transport services,Passenger transport by air,07.3.3,97.24,,,,
2024,Current,2025,January,Arunachal Pradesh,Rural,Transport,Passenger transport services,Passenger transport by air,07.3.3,149.92,,,,
2024,Current,2025,January,Arunachal Pradesh,Urban,Transport,Passenger transport services,Passenger transport by air,07.3.3,149.92,,,,
2024,Current,2025,January,Arunachal Pradesh,Combined,Transport,Passenger transport services,Passenger transport by air,07.3.3,149.92,,,,
2024,Current,2025,January,Assam,Rural,Transport,Passenger transport services,Passenger transport by air,07.3.3,104.38,,,,
2024,Current,2025,January,Assam,Urban,Transport,Passenger transport services,Passenger transport by air,07.3.3,104.38,,,,
2024,Current,2025,January,Assam,Combined,Transport,Passenger transport services,Passenger transport by air,07.3.3,104.38,,,,
2024,Current,2025,January,Bihar,Rural,Transport,Passenger transport services,Passenger transport by air,07.3.3,94.20,,,,
2024,Current,2025,January,Bihar,Urban,Transport,Passenger transport services,Passenger transport by air,07.3.3,94.20,,,,
2024,Current,2025,January,Bihar,Combined,Transport,Passenger transport services,Passenger transport by air,07.3.3,94.20,,,,
2024,Current,2025,January,Chhattisgarh,Urban,Transport,Passenger transport services,Passenger transport by air,07.3.3,130.97,,,,
2024,Current,2025,January,Chhattisgarh,Combined,Transport,Passenger transport services,Passenger transport by air,07.3.3,130.97,,,,
2024,Current,2025,January,Goa,Rural,Transport,Passenger transport services,Passenger transport by air,07.3.3,117.00,,,,
2024,Current,2025,January,Goa,Urban,Transport,Passenger transport services,Passenger transport by air,07.3.3,117.00,,,,
2024,Current,2025,January,Goa,Combined,Transport,Passenger transport services,Passenger transport by air,07.3.3,117.00,,,,
2024,Current,2025,January,Gujarat,Rural,Transport,Passenger transport services,Passenger transport by air,07.3.3,103.00,,,,
2024,Current,2025,January,Gujarat,Urban,Transport,Passenger transport services,Passenger transport by air,07.3.3,103.00,,,,
2024,Current,2025,January,Gujarat,Combined,Transport,Passenger transport services,Passenger transport by air,07.3.3,103.00,,,,
2024,Current,2025,January,Haryana,Rural,Transport,Passenger transport services,Passenger transport by air,07.3.3,121.24,,,,
2024,Current,2025,January,Haryana,Urban,Transport,Passenger transport services,Passenger transport by air,07.3.3,121.24,,,,
2024,Current,2025,January,Haryana,Combined,Transport,Passenger transport services,Passenger transport by air,07.3.3,121.24,,,,
2024,Current,2025,January,Himachal Pradesh,Rural,Transport,Passenger transport services,Passenger transport by air,07.3.3,89.11,,,,
2024,Current,2025,January,Himachal Pradesh,Urban,Transport,Passenger transport services,Passenger transport by air,07.3.3,89.11,,,,
2024,Current,2025,January,Himachal Pradesh,Combined,Transport,Passenger transport services,Passenger transport by air,07.3.3,89.11,,,,
2024,Current,2025,January,Jammu And Kashmir,Urban,Transport,Passenger transport services,Passenger transport by air,07.3.3,107.31,,,,
2024,Current,2025,January,Jammu And Kashmir,Combined,Transport,Passenger transport services,Passenger transport by air,07.3.3,107.31,,,,
2024,Current,2025,January,Jharkhand,Urban,Transport,Passenger transport services,Passenger transport by air,07.3.3,107.97,,,,
2024,Current,2025,January,Jharkhand,Combined,Transport,Passenger transport services,Passenger transport by air,07.3.3,107.97,,,,
2024,Current,2025,January,Karnataka,Rural,Transport,Passenger transport services,Passenger transport by air,07.3.3,111.66,,,,
2024,Current,2025,January,Karnataka,Urban,Transport,Passenger transport services,Passenger transport by air,07.3.3,111.66,,,,
2024,Current,2025,January,Karnataka,Combined,Transport,Passenger transport services,Passenger transport by air,07.3.3,111.66,,,,
2024,Current,2025,January,Kerala,Rural,Transport,Passenger transport services,Passenger transport by air,07.3.3,134.93,,,,
2024,Current,2025,January,Kerala,Urban,Transport,Passenger transport services,Passenger transport by air,07.3.3,134.93,,,,
2024,Current,2025,January,Kerala,Combined,Transport,Passenger transport services,Passenger transport by air,07.3.3,134.93,,,,
2024,Current,2025,January,Ladakh,Urban,Transport,Passenger transport services,Passenger transport by air,07.3.3,109.57,,,,
2024,Current,2025,January,Ladakh,Combined,Transport,Passenger transport services,Passenger transport by air,07.3.3,109.57,,,,
2024,Current,2025,January,Lakshadweep,Rural,Transport,Passenger transport services,Passenger transport by air,07.3.3,131.51,,,,
2024,Current,2025,January,Lakshadweep,Urban,Transport,Passenger transport services,Passenger transport by air,07.3.3,131.51,,,,
2024,Current,2025,January,Lakshadweep,Combined,Transport,Passenger transport services,Passenger transport by air,07.3.3,131.51,,,,
2024,Current,2025,January,Madhya Pradesh,Rural,Transport,Passenger transport services,Passenger transport by air,07.3.3,108.65,,,,
2024,Current,2025,January,Madhya Pradesh,Urban,Transport,Passenger transport services,Passenger transport by air,07.3.3,108.65,,,,
2024,Current,2025,January,Madhya Pradesh,Combined,Transport,Passenger transport services,Passenger transport by air,07.3.3,108.65,,,,
2024,Current,2025,January,Maharashtra,Rural,Transport,Passenger transport services,Passenger transport by air,07.3.3,119.11,,,,
2024,Current,2025,January,Maharashtra,Urban,Transport,Passenger transport services,Passenger transport by air,07.3.3,119.11,,,,
2024,Current,2025,January,Maharashtra,Combined,Transport,Passenger transport services,Passenger transport by air,07.3.3,119.11,,,,
2024,Current,2025,January,Manipur,Rural,Transport,Passenger transport services,Passenger transport by air,07.3.3,145.97,,,,
2024,Current,2025,January,Manipur,Urban,Transport,Passenger transport services,Passenger transport by air,07.3.3,145.97,,,,
2024,Current,2025,January,Manipur,Combined,Transport,Passenger transport services,Passenger transport by air,07.3.3,145.97,,,,
2024,Current,2025,January,Meghalaya,Urban,Transport,Passenger transport services,Passenger transport by air,07.3.3,78.35,,,,
2024,Current,2025,January,Meghalaya,Combined,Transport,Passenger transport services,Passenger transport by air,07.3.3,78.35,,,,
2024,Current,2025,January,Mizoram,Rural,Transport,Passenger transport services,Passenger transport by air,07.3.3,128.27,,,,
2024,Current,2025,January,Mizoram,Urban,Transport,Passenger transport services,Passenger transport by air,07.3.3,128.27,,,,
2024,Current,2025,January,Mizoram,Combined,Transport,Passenger transport services,Passenger transport by air,07.3.3,128.27,,,,
2024,Current,2025,January,Nagaland,Rural,Transport,Passenger transport services,Passenger transport by air,07.3.3,182.14,,,,
2024,Current,2025,January,Nagaland,Urban,Transport,Passenger transport services,Passenger transport by air,07.3.3,182.14,,,,
2024,Current,2025,January,Nagaland,Combined,Transport,Passenger transport services,Passenger transport by air,07.3.3,182.14,,,,
2024,Current,2025,January,NCT of Delhi,Urban,Transport,Passenger transport services,Passenger transport by air,07.3.3,121.24,,,,
2024,Current,2025,January,NCT of Delhi,Combined,Transport,Passenger transport services,Passenger transport by air,07.3.3,121.24,,,,
2024,Current,2025,January,Odisha,Urban,Transport,Passenger transport services,Passenger transport by air,07.3.3,112.22,,,,
2024,Current,2025,January,Odisha,Combined,Transport,Passenger transport services,Passenger transport by air,07.3.3,112.22,,,,
2024,Current,2025,January,Punjab,Rural,Transport,Passenger transport services,Passenger transport by air,07.3.3,102.89,,,,
2024,Current,2025,January,Punjab,Urban,Transport,Passenger transport services,Passenger transport by air,07.3.3,102.89,,,,
2024,Current,2025,January,Punjab,Combined,Transport,Passenger transport services,Passenger transport by air,07.3.3,102.89,,,,
2024,Current,2025,January,Rajasthan,Rural,Transport,Passenger transport services,Passenger transport by air,07.3.3,101.95,,,,
2024,Current,2025,January,Rajasthan,Urban,Transport,Passenger transport services,Passenger transport by air,07.3.3,101.95,,,,
2024,Current,2025,January,Rajasthan,Combined,Transport,Passenger transport services,Passenger transport by air,07.3.3,101.95,,,,
2024,Current,2025,January,Sikkim,Rural,Transport,Passenger transport services,Passenger transport by air,07.3.3,100.00,,,,
2024,Current,2025,January,Sikkim,Urban,Transport,Passenger transport services,Passenger transport by air,07.3.3,100.00,,,,
2024,Current,2025,January,Sikkim,Combined,Transport,Passenger transport services,Passenger transport by air,07.3.3,100.00,,,,
2024,Current,2025,January,Tamil Nadu,Rural,Transport,Passenger transport services,Passenger transport by air,07.3.3,115.86,,,,
2024,Current,2025,January,Tamil Nadu,Urban,Transport,Passenger transport services,Passenger transport by air,07.3.3,115.86,,,,
2024,Current,2025,January,Tamil Nadu,Combined,Transport,Passenger transport services,Passenger transport by air,07.3.3,115.86,,,,
2024,Current,2025,January,Telangana,Rural,Transport,Passenger transport services,Passenger transport by air,07.3.3,111.28,,,,
2024,Current,2025,January,Telangana,Urban,Transport,Passenger transport services,Passenger transport by air,07.3.3,111.28,,,,
2024,Current,2025,January,Telangana,Combined,Transport,Passenger transport services,Passenger transport by air,07.3.3,111.28,,,,
2024,Current,2025,January,Tripura,Rural,Transport,Passenger transport services,Passenger transport by air,07.3.3,97.96,,,,
2024,Current,2025,January,Tripura,Urban,Transport,Passenger transport services,Passenger transport by air,07.3.3,97.96,,,,
2024,Current,2025,January,Tripura,Combined,Transport,Passenger transport services,Passenger transport by air,07.3.3,97.96,,,,
2024,Current,2025,January,Uttar Pradesh,Rural,Transport,Passenger transport services,Passenger transport by air,07.3.3,125.76,,,,
2024,Current,2025,January,Uttar Pradesh,Urban,Transport,Passenger transport services,Passenger transport by air,07.3.3,125.76,,,,
2024,Current,2025,January,Uttar Pradesh,Combined,Transport,Passenger transport services,Passenger transport by air,07.3.3,125.76,,,,
2024,Current,2025,January,Uttarakhand,Urban,Transport,Passenger transport services,Passenger transport by air,07.3.3,112.33,,,,
2024,Current,2025,January,Uttarakhand,Combined,Transport,Passenger transport services,Passenger transport by air,07.3.3,112.33,,,,
2024,Current,2025,January,West Bengal,Rural,Transport,Passenger transport services,Passenger transport by air,07.3.3,102.70,,,,
2024,Current,2025,January,West Bengal,Urban,Transport,Passenger transport services,Passenger transport by air,07.3.3,102.70,,,,
2024,Current,2025,January,West Bengal,Combined,Transport,Passenger transport services,Passenger transport by air,07.3.3,102.70,,,,